#include "VinkUiFont16.h"

namespace vink3 {

const bool g_vink_ui_font16_available = true;
const uint32_t g_vink_ui_font16_size = 96495;
const uint8_t g_vink_ui_font16_data[] PROGMEM = {
    0x47, 0x52, 0x41, 0x59, 0x01, 0x00, 0x10, 0x00, 0x0B, 0x03, 0x00, 0x00, 0x2F, 0x48, 0x01, 0x00,
    0x09, 0x00, 0x00, 0x00, 0xC0, 0x30, 0x00, 0x00, 0x00, 0x10, 0x00, 0x00, 0x00, 0x00, 0x00, 0x00,
    0x0A, 0x00, 0x00, 0x00, 0xC0, 0x30, 0x00, 0x00, 0x00, 0x10, 0x00, 0x00, 0x00, 0x00, 0x00, 0x00,
    0x0D, 0x00, 0x00, 0x00, 0xC0, 0x30, 0x00, 0x00, 0x00, 0x10, 0x00, 0x00, 0x00, 0x00, 0x00, 0x00,
    0x20, 0x00, 0x00, 0x00, 0xC0, 0x30, 0x00, 0x00, 0x08, 0x10, 0x00, 0x00, 0x08, 0x00, 0x00, 0x00,
    0x21, 0x00, 0x00, 0x00, 0x00, 0x31, 0x00, 0x00, 0x04, 0x0D, 0x01, 0x0D, 0x06, 0x00, 0x00, 0x00,
    0x22, 0x00, 0x00, 0x00, 0x1A, 0x31, 0x00, 0x00, 0x07, 0x06, 0x01, 0x0D, 0x09, 0x00, 0x00, 0x00,
    0x23, 0x00, 0x00, 0x00, 0x32, 0x31, 0x00, 0x00, 0x09, 0x0C, 0x00, 0x0C, 0x09, 0x00, 0x00, 0x00,
    0x24, 0x00, 0x00, 0x00, 0x6E, 0x31, 0x00, 0x00, 0x09, 0x10, 0x00, 0x0E, 0x09, 0x00, 0x00, 0x00,
    0x25, 0x00, 0x00, 0x00, 0xBE, 0x31, 0x00, 0x00, 0x0F, 0x0C, 0x00, 0x0C, 0x0F, 0x00, 0x00, 0x00,
    0x26, 0x00, 0x00, 0x00, 0x1E, 0x32, 0x00, 0x00, 0x0C, 0x0C, 0x00, 0x0C, 0x0C, 0x00, 0x00, 0x00,
    0x27, 0x00, 0x00, 0x00, 0x66, 0x32, 0x00, 0x00, 0x03, 0x06, 0x01, 0x0D, 0x05, 0x00, 0x00, 0x00,
    0x28, 0x00, 0x00, 0x00, 0x72, 0x32, 0x00, 0x00, 0x05, 0x11, 0x01, 0x0E, 0x06, 0x00, 0x00, 0x00,
    0x29, 0x00, 0x00, 0x00, 0xA5, 0x32, 0x00, 0x00, 0x05, 0x11, 0x00, 0x0E, 0x06, 0x00, 0x00, 0x00,
    0x2A, 0x00, 0x00, 0x00, 0xD8, 0x32, 0x00, 0x00, 0x08, 0x07, 0x00, 0x0D, 0x08, 0x00, 0x00, 0x00,
    0x2B, 0x00, 0x00, 0x00, 0xF4, 0x32, 0x00, 0x00, 0x09, 0x0A, 0x00, 0x0B, 0x09, 0x00, 0x00, 0x00,
    0x2C, 0x00, 0x00, 0x00, 0x26, 0x33, 0x00, 0x00, 0x05, 0x07, 0x00, 0x03, 0x05, 0x00, 0x00, 0x00,
    0x2D, 0x00, 0x00, 0x00, 0x3B, 0x33, 0x00, 0x00, 0x06, 0x02, 0x00, 0x06, 0x06, 0x00, 0x00, 0x00,
    0x2E, 0x00, 0x00, 0x00, 0x41, 0x33, 0x00, 0x00, 0x04, 0x04, 0x01, 0x04, 0x05, 0x00, 0x00, 0x00,
    0x2F, 0x00, 0x00, 0x00, 0x49, 0x33, 0x00, 0x00, 0x06, 0x10, 0x00, 0x0D, 0x06, 0x00, 0x00, 0x00,
    0x30, 0x00, 0x00, 0x00, 0x79, 0x33, 0x00, 0x00, 0x09, 0x0C, 0x00, 0x0C, 0x09, 0x00, 0x00, 0x00,
    0x31, 0x00, 0x00, 0x00, 0xB5, 0x33, 0x00, 0x00, 0x08, 0x0C, 0x01, 0x0C, 0x09, 0x00, 0x00, 0x00,
    0x32, 0x00, 0x00, 0x00, 0xE5, 0x33, 0x00, 0x00, 0x09, 0x0C, 0x00, 0x0C, 0x09, 0x00, 0x00, 0x00,
    0x33, 0x00, 0x00, 0x00, 0x21, 0x34, 0x00, 0x00, 0x09, 0x0C, 0x00, 0x0C, 0x09, 0x00, 0x00, 0x00,
    0x34, 0x00, 0x00, 0x00, 0x5D, 0x34, 0x00, 0x00, 0x09, 0x0C, 0x00, 0x0C, 0x09, 0x00, 0x00, 0x00,
    0x35, 0x00, 0x00, 0x00, 0x99, 0x34, 0x00, 0x00, 0x09, 0x0C, 0x00, 0x0C, 0x09, 0x00, 0x00, 0x00,
    0x36, 0x00, 0x00, 0x00, 0xD5, 0x34, 0x00, 0x00, 0x09, 0x0C, 0x00, 0x0C, 0x09, 0x00, 0x00, 0x00,
    0x37, 0x00, 0x00, 0x00, 0x11, 0x35, 0x00, 0x00, 0x09, 0x0C, 0x00, 0x0C, 0x09, 0x00, 0x00, 0x00,
    0x38, 0x00, 0x00, 0x00, 0x4D, 0x35, 0x00, 0x00, 0x09, 0x0C, 0x00, 0x0C, 0x09, 0x00, 0x00, 0x00,
    0x39, 0x00, 0x00, 0x00, 0x89, 0x35, 0x00, 0x00, 0x09, 0x0C, 0x00, 0x0C, 0x09, 0x00, 0x00, 0x00,
    0x3A, 0x00, 0x00, 0x00, 0xC5, 0x35, 0x00, 0x00, 0x04, 0x0A, 0x01, 0x0A, 0x05, 0x00, 0x00, 0x00,
    0x3B, 0x00, 0x00, 0x00, 0xD9, 0x35, 0x00, 0x00, 0x05, 0x0D, 0x00, 0x09, 0x05, 0x00, 0x00, 0x00,
    0x3C, 0x00, 0x00, 0x00, 0x00, 0x36, 0x00, 0x00, 0x09, 0x09, 0x00, 0x0B, 0x09, 0x00, 0x00, 0x00,
    0x3D, 0x00, 0x00, 0x00, 0x2D, 0x36, 0x00, 0x00, 0x09, 0x06, 0x00, 0x09, 0x09, 0x00, 0x00, 0x00,
    0x3E, 0x00, 0x00, 0x00, 0x4B, 0x36, 0x00, 0x00, 0x09, 0x09, 0x00, 0x0B, 0x09, 0x00, 0x00, 0x00,
    0x3F, 0x00, 0x00, 0x00, 0x78, 0x36, 0x00, 0x00, 0x08, 0x0D, 0x00, 0x0D, 0x08, 0x00, 0x00, 0x00,
    0x40, 0x00, 0x00, 0x00, 0xAC, 0x36, 0x00, 0x00, 0x10, 0x0F, 0x00, 0x0C, 0x10, 0x00, 0x00, 0x00,
    0x41, 0x00, 0x00, 0x00, 0x24, 0x37, 0x00, 0x00, 0x0C, 0x0C, 0xFF, 0x0C, 0x0A, 0x00, 0x00, 0x00,
    0x42, 0x00, 0x00, 0x00, 0x6C, 0x37, 0x00, 0x00, 0x0A, 0x0C, 0x01, 0x0C, 0x0B, 0x00, 0x00, 0x00,
    0x43, 0x00, 0x00, 0x00, 0xA8, 0x37, 0x00, 0x00, 0x0B, 0x0C, 0x00, 0x0C, 0x0B, 0x00, 0x00, 0x00,
    0x44, 0x00, 0x00, 0x00, 0xF0, 0x37, 0x00, 0x00, 0x0A, 0x0C, 0x01, 0x0C, 0x0B, 0x00, 0x00, 0x00,
    0x45, 0x00, 0x00, 0x00, 0x2C, 0x38, 0x00, 0x00, 0x08, 0x0C, 0x01, 0x0C, 0x0A, 0x00, 0x00, 0x00,
    0x46, 0x00, 0x00, 0x00, 0x5C, 0x38, 0x00, 0x00, 0x08, 0x0C, 0x01, 0x0C, 0x09, 0x00, 0x00, 0x00,
    0x47, 0x00, 0x00, 0x00, 0x8C, 0x38, 0x00, 0x00, 0x0B, 0x0C, 0x00, 0x0C, 0x0B, 0x00, 0x00, 0x00,
    0x48, 0x00, 0x00, 0x00, 0xD4, 0x38, 0x00, 0x00, 0x0A, 0x0C, 0x01, 0x0C, 0x0C, 0x00, 0x00, 0x00,
    0x49, 0x00, 0x00, 0x00, 0x10, 0x39, 0x00, 0x00, 0x03, 0x0C, 0x01, 0x0C, 0x05, 0x00, 0x00, 0x00,
    0x4A, 0x00, 0x00, 0x00, 0x28, 0x39, 0x00, 0x00, 0x08, 0x0C, 0x00, 0x0C, 0x09, 0x00, 0x00, 0x00,
    0x4B, 0x00, 0x00, 0x00, 0x58, 0x39, 0x00, 0x00, 0x0B, 0x0C, 0x01, 0x0C, 0x0B, 0x00, 0x00, 0x00,
    0x4C, 0x00, 0x00, 0x00, 0xA0, 0x39, 0x00, 0x00, 0x08, 0x0C, 0x01, 0x0C, 0x09, 0x00, 0x00, 0x00,
    0x4D, 0x00, 0x00, 0x00, 0xD0, 0x39, 0x00, 0x00, 0x0C, 0x0C, 0x01, 0x0C, 0x0E, 0x00, 0x00, 0x00,
    0x4E, 0x00, 0x00, 0x00, 0x18, 0x3A, 0x00, 0x00, 0x0A, 0x0C, 0x01, 0x0C, 0x0C, 0x00, 0x00, 0x00,
    0x4F, 0x00, 0x00, 0x00, 0x54, 0x3A, 0x00, 0x00, 0x0C, 0x0C, 0x00, 0x0C, 0x0C, 0x00, 0x00, 0x00,
    0x50, 0x00, 0x00, 0x00, 0x9C, 0x3A, 0x00, 0x00, 0x09, 0x0C, 0x01, 0x0C, 0x0B, 0x00, 0x00, 0x00,
    0x51, 0x00, 0x00, 0x00, 0xD8, 0x3A, 0x00, 0x00, 0x0C, 0x0F, 0x00, 0x0C, 0x0C, 0x00, 0x00, 0x00,
    0x52, 0x00, 0x00, 0x00, 0x32, 0x3B, 0x00, 0x00, 0x0A, 0x0C, 0x01, 0x0C, 0x0B, 0x00, 0x00, 0x00,
    0x53, 0x00, 0x00, 0x00, 0x6E, 0x3B, 0x00, 0x00, 0x0A, 0x0C, 0x00, 0x0C, 0x0A, 0x00, 0x00, 0x00,
    0x54, 0x00, 0x00, 0x00, 0xAA, 0x3B, 0x00, 0x00, 0x0A, 0x0C, 0x00, 0x0C, 0x0A, 0x00, 0x00, 0x00,
    0x55, 0x00, 0x00, 0x00, 0xE6, 0x3B, 0x00, 0x00, 0x0A, 0x0C, 0x01, 0x0C, 0x0C, 0x00, 0x00, 0x00,
    0x56, 0x00, 0x00, 0x00, 0x22, 0x3C, 0x00, 0x00, 0x0B, 0x0C, 0xFF, 0x0C, 0x0A, 0x00, 0x00, 0x00,
    0x57, 0x00, 0x00, 0x00, 0x6A, 0x3C, 0x00, 0x00, 0x0F, 0x0C, 0x00, 0x0C, 0x0F, 0x00, 0x00, 0x00,
    0x58, 0x00, 0x00, 0x00, 0xCA, 0x3C, 0x00, 0x00, 0x0A, 0x0C, 0x00, 0x0C, 0x0A, 0x00, 0x00, 0x00,
    0x59, 0x00, 0x00, 0x00, 0x06, 0x3D, 0x00, 0x00, 0x0B, 0x0C, 0xFF, 0x0C, 0x09, 0x00, 0x00, 0x00,
    0x5A, 0x00, 0x00, 0x00, 0x4E, 0x3D, 0x00, 0x00, 0x0A, 0x0C, 0x00, 0x0C, 0x0A, 0x00, 0x00, 0x00,
    0x5B, 0x00, 0x00, 0x00, 0x8A, 0x3D, 0x00, 0x00, 0x05, 0x10, 0x01, 0x0D, 0x06, 0x00, 0x00, 0x00,
    0x5C, 0x00, 0x00, 0x00, 0xBA, 0x3D, 0x00, 0x00, 0x06, 0x10, 0x00, 0x0D, 0x06, 0x00, 0x00, 0x00,
    0x5D, 0x00, 0x00, 0x00, 0xEA, 0x3D, 0x00, 0x00, 0x05, 0x10, 0x00, 0x0D, 0x06, 0x00, 0x00, 0x00,
    0x5E, 0x00, 0x00, 0x00, 0x1A, 0x3E, 0x00, 0x00, 0x09, 0x09, 0x00, 0x0D, 0x09, 0x00, 0x00, 0x00,
    0x5F, 0x00, 0x00, 0x00, 0x47, 0x3E, 0x00, 0x00, 0x09, 0x02, 0x00, 0xFF, 0x09, 0x00, 0x00, 0x00,
    0x60, 0x00, 0x00, 0x00, 0x51, 0x3E, 0x00, 0x00, 0x06, 0x05, 0x01, 0x0F, 0x0A, 0x00, 0x00, 0x00,
    0x61, 0x00, 0x00, 0x00, 0x60, 0x3E, 0x00, 0x00, 0x09, 0x09, 0x00, 0x09, 0x09, 0x00, 0x00, 0x00,
    0x62, 0x00, 0x00, 0x00, 0x8D, 0x3E, 0x00, 0x00, 0x09, 0x0D, 0x01, 0x0D, 0x0A, 0x00, 0x00, 0x00,
    0x63, 0x00, 0x00, 0x00, 0xCE, 0x3E, 0x00, 0x00, 0x08, 0x09, 0x00, 0x09, 0x08, 0x00, 0x00, 0x00,
    0x64, 0x00, 0x00, 0x00, 0xF2, 0x3E, 0x00, 0x00, 0x0A, 0x0D, 0x00, 0x0D, 0x0A, 0x00, 0x00, 0x00,
    0x65, 0x00, 0x00, 0x00, 0x33, 0x3F, 0x00, 0x00, 0x09, 0x09, 0x00, 0x09, 0x09, 0x00, 0x00, 0x00,
    0x66, 0x00, 0x00, 0x00, 0x60, 0x3F, 0x00, 0x00, 0x07, 0x0D, 0x00, 0x0D, 0x06, 0x00, 0x00, 0x00,
    0x67, 0x00, 0x00, 0x00, 0x94, 0x3F, 0x00, 0x00, 0x0A, 0x0D, 0x00, 0x09, 0x0A, 0x00, 0x00, 0x00,
    0x68, 0x00, 0x00, 0x00, 0xD5, 0x3F, 0x00, 0x00, 0x09, 0x0D, 0x01, 0x0D, 0x0A, 0x00, 0x00, 0x00,
    0x69, 0x00, 0x00, 0x00, 0x16, 0x40, 0x00, 0x00, 0x03, 0x0D, 0x01, 0x0D, 0x05, 0x00, 0x00, 0x00,
    0x6A, 0x00, 0x00, 0x00, 0x30, 0x40, 0x00, 0x00, 0x05, 0x11, 0xFF, 0x0D, 0x05, 0x00, 0x00, 0x00,
    0x6B, 0x00, 0x00, 0x00, 0x63, 0x40, 0x00, 0x00, 0x09, 0x0D, 0x01, 0x0D, 0x0A, 0x00, 0x00, 0x00,
    0x6C, 0x00, 0x00, 0x00, 0xA4, 0x40, 0x00, 0x00, 0x04, 0x0D, 0x01, 0x0D, 0x05, 0x00, 0x00, 0x00,
    0x6D, 0x00, 0x00, 0x00, 0xBE, 0x40, 0x00, 0x00, 0x0E, 0x09, 0x01, 0x09, 0x0F, 0x00, 0x00, 0x00,
    0x6E, 0x00, 0x00, 0x00, 0xFD, 0x40, 0x00, 0x00, 0x09, 0x09, 0x01, 0x09, 0x0A, 0x00, 0x00, 0x00,
    0x6F, 0x00, 0x00, 0x00, 0x2A, 0x41, 0x00, 0x00, 0x0A, 0x09, 0x00, 0x09, 0x0A, 0x00, 0x00, 0x00,
    0x70, 0x00, 0x00, 0x00, 0x57, 0x41, 0x00, 0x00, 0x09, 0x0D, 0x01, 0x09, 0x0A, 0x00, 0x00, 0x00,
    0x71, 0x00, 0x00, 0x00, 0x98, 0x41, 0x00, 0x00, 0x0A, 0x0D, 0x00, 0x09, 0x0A, 0x00, 0x00, 0x00,
    0x72, 0x00, 0x00, 0x00, 0xD9, 0x41, 0x00, 0x00, 0x06, 0x09, 0x01, 0x09, 0x07, 0x00, 0x00, 0x00,
    0x73, 0x00, 0x00, 0x00, 0xF4, 0x41, 0x00, 0x00, 0x08, 0x09, 0x00, 0x09, 0x08, 0x00, 0x00, 0x00,
    0x74, 0x00, 0x00, 0x00, 0x18, 0x42, 0x00, 0x00, 0x07, 0x0C, 0x00, 0x0C, 0x07, 0x00, 0x00, 0x00,
    0x75, 0x00, 0x00, 0x00, 0x48, 0x42, 0x00, 0x00, 0x08, 0x09, 0x01, 0x09, 0x0A, 0x00, 0x00, 0x00,
    0x76, 0x00, 0x00, 0x00, 0x6C, 0x42, 0x00, 0x00, 0x09, 0x09, 0x00, 0x09, 0x09, 0x00, 0x00, 0x00,
    0x77, 0x00, 0x00, 0x00, 0x99, 0x42, 0x00, 0x00, 0x0E, 0x09, 0x00, 0x09, 0x0E, 0x00, 0x00, 0x00,
    0x78, 0x00, 0x00, 0x00, 0xD8, 0x42, 0x00, 0x00, 0x09, 0x09, 0x00, 0x09, 0x09, 0x00, 0x00, 0x00,
    0x79, 0x00, 0x00, 0x00, 0x05, 0x43, 0x00, 0x00, 0x09, 0x0D, 0x00, 0x09, 0x09, 0x00, 0x00, 0x00,
    0x7A, 0x00, 0x00, 0x00, 0x46, 0x43, 0x00, 0x00, 0x08, 0x09, 0x00, 0x09, 0x08, 0x00, 0x00, 0x00,
    0x7B, 0x00, 0x00, 0x00, 0x6A, 0x43, 0x00, 0x00, 0x06, 0x10, 0x00, 0x0D, 0x06, 0x00, 0x00, 0x00,
    0x7C, 0x00, 0x00, 0x00, 0x9A, 0x43, 0x00, 0x00, 0x03, 0x13, 0x01, 0x0E, 0x05, 0x00, 0x00, 0x00,
    0x7D, 0x00, 0x00, 0x00, 0xC0, 0x43, 0x00, 0x00, 0x06, 0x10, 0x00, 0x0D, 0x06, 0x00, 0x00, 0x00,
    0x7E, 0x00, 0x00, 0x00, 0xF0, 0x43, 0x00, 0x00, 0x09, 0x04, 0x00, 0x08, 0x09, 0x00, 0x00, 0x00,
    0xB7, 0x00, 0x00, 0x00, 0x04, 0x44, 0x00, 0x00, 0x06, 0x05, 0x05, 0x08, 0x10, 0x00, 0x00, 0x00,
    0xD7, 0x00, 0x00, 0x00, 0x13, 0x44, 0x00, 0x00, 0x0C, 0x0B, 0x02, 0x0B, 0x10, 0x00, 0x00, 0x00,
    0xF7, 0x00, 0x00, 0x00, 0x55, 0x44, 0x00, 0x00, 0x0C, 0x0C, 0x02, 0x0C, 0x10, 0x00, 0x00, 0x00,
    0x14, 0x20, 0x00, 0x00, 0x9D, 0x44, 0x00, 0x00, 0x0E, 0x02, 0x00, 0x06, 0x0F, 0x00, 0x00, 0x00,
    0x18, 0x20, 0x00, 0x00, 0xAB, 0x44, 0x00, 0x00, 0x04, 0x06, 0x0C, 0x0F, 0x10, 0x00, 0x00, 0x00,
    0x19, 0x20, 0x00, 0x00, 0xB7, 0x44, 0x00, 0x00, 0x04, 0x06, 0x00, 0x0E, 0x10, 0x00, 0x00, 0x00,
    0x1C, 0x20, 0x00, 0x00, 0xC3, 0x44, 0x00, 0x00, 0x07, 0x06, 0x09, 0x0F, 0x10, 0x00, 0x00, 0x00,
    0x1D, 0x20, 0x00, 0x00, 0xDB, 0x44, 0x00, 0x00, 0x07, 0x06, 0x00, 0x0E, 0x10, 0x00, 0x00, 0x00,
    0x26, 0x20, 0x00, 0x00, 0xF3, 0x44, 0x00, 0x00, 0x0E, 0x03, 0x01, 0x07, 0x10, 0x00, 0x00, 0x00,
    0x03, 0x21, 0x00, 0x00, 0x08, 0x45, 0x00, 0x00, 0x10, 0x0E, 0x00, 0x0D, 0x10, 0x00, 0x00, 0x00,
    0x90, 0x21, 0x00, 0x00, 0x78, 0x45, 0x00, 0x00, 0x10, 0x09, 0x00, 0x0A, 0x10, 0x00, 0x00, 0x00,
    0x91, 0x21, 0x00, 0x00, 0xC0, 0x45, 0x00, 0x00, 0x08, 0x0F, 0x04, 0x0E, 0x10, 0x00, 0x00, 0x00,
    0x92, 0x21, 0x00, 0x00, 0xFC, 0x45, 0x00, 0x00, 0x10, 0x09, 0x00, 0x0A, 0x10, 0x00, 0x00, 0x00,
    0x93, 0x21, 0x00, 0x00, 0x44, 0x46, 0x00, 0x00, 0x08, 0x0F, 0x04, 0x0D, 0x10, 0x00, 0x00, 0x00,
    0x94, 0x21, 0x00, 0x00, 0x80, 0x46, 0x00, 0x00, 0x10, 0x09, 0x00, 0x0A, 0x10, 0x00, 0x00, 0x00,
    0x95, 0x21, 0x00, 0x00, 0xC8, 0x46, 0x00, 0x00, 0x08, 0x0F, 0x04, 0x0D, 0x10, 0x00, 0x00, 0x00,
    0xA1, 0x25, 0x00, 0x00, 0x04, 0x47, 0x00, 0x00, 0x0E, 0x0E, 0x01, 0x0D, 0x10, 0x00, 0x00, 0x00,
    0xA4, 0x25, 0x00, 0x00, 0x66, 0x47, 0x00, 0x00, 0x0E, 0x0E, 0x01, 0x0D, 0x10, 0x00, 0x00, 0x00,
    0xB2, 0x25, 0x00, 0x00, 0xC8, 0x47, 0x00, 0x00, 0x10, 0x0E, 0x00, 0x0E, 0x10, 0x00, 0x00, 0x00,
    0xB6, 0x25, 0x00, 0x00, 0x38, 0x48, 0x00, 0x00, 0x0E, 0x10, 0x01, 0x0E, 0x10, 0x00, 0x00, 0x00,
    0xBC, 0x25, 0x00, 0x00, 0xA8, 0x48, 0x00, 0x00, 0x10, 0x0E, 0x00, 0x0C, 0x10, 0x00, 0x00, 0x00,
    0xC0, 0x25, 0x00, 0x00, 0x18, 0x49, 0x00, 0x00, 0x0E, 0x10, 0x01, 0x0E, 0x10, 0x00, 0x00, 0x00,
    0xCB, 0x25, 0x00, 0x00, 0x88, 0x49, 0x00, 0x00, 0x10, 0x10, 0x00, 0x0E, 0x10, 0x00, 0x00, 0x00,
    0xCF, 0x25, 0x00, 0x00, 0x08, 0x4A, 0x00, 0x00, 0x10, 0x0F, 0x00, 0x0D, 0x10, 0x00, 0x00, 0x00,
    0x05, 0x26, 0x00, 0x00, 0x80, 0x4A, 0x00, 0x00, 0x10, 0x0F, 0x00, 0x0D, 0x10, 0x00, 0x00, 0x00,
    0x06, 0x26, 0x00, 0x00, 0xF8, 0x4A, 0x00, 0x00, 0x10, 0x10, 0x00, 0x0E, 0x10, 0x00, 0x00, 0x00,
    0x13, 0x27, 0x00, 0x00, 0x78, 0x4B, 0x00, 0x00, 0x0C, 0x0D, 0x00, 0x0D, 0x0C, 0x00, 0x00, 0x00,
    0x17, 0x27, 0x00, 0x00, 0xC6, 0x4B, 0x00, 0x00, 0x0E, 0x10, 0x01, 0x0E, 0x10, 0x00, 0x00, 0x00,
    0x00, 0x30, 0x00, 0x00, 0x36, 0x4C, 0x00, 0x00, 0x08, 0x10, 0x00, 0x00, 0x08, 0x00, 0x00, 0x00,
    0x01, 0x30, 0x00, 0x00, 0x76, 0x4C, 0x00, 0x00, 0x06, 0x05, 0x00, 0x04, 0x10, 0x00, 0x00, 0x00,
    0x02, 0x30, 0x00, 0x00, 0x85, 0x4C, 0x00, 0x00, 0x06, 0x06, 0x00, 0x04, 0x10, 0x00, 0x00, 0x00,
    0x08, 0x30, 0x00, 0x00, 0x97, 0x4C, 0x00, 0x00, 0x08, 0x10, 0x08, 0x0E, 0x10, 0x00, 0x00, 0x00,
    0x09, 0x30, 0x00, 0x00, 0xD7, 0x4C, 0x00, 0x00, 0x08, 0x10, 0x00, 0x0E, 0x10, 0x00, 0x00, 0x00,
    0x0A, 0x30, 0x00, 0x00, 0x17, 0x4D, 0x00, 0x00, 0x08, 0x10, 0x08, 0x0E, 0x10, 0x00, 0x00, 0x00,
    0x0B, 0x30, 0x00, 0x00, 0x57, 0x4D, 0x00, 0x00, 0x08, 0x10, 0x00, 0x0E, 0x10, 0x00, 0x00, 0x00,
    0x0C, 0x30, 0x00, 0x00, 0x97, 0x4D, 0x00, 0x00, 0x06, 0x0B, 0x0A, 0x0E, 0x10, 0x00, 0x00, 0x00,
    0x0D, 0x30, 0x00, 0x00, 0xB8, 0x4D, 0x00, 0x00, 0x06, 0x0B, 0x00, 0x09, 0x10, 0x00, 0x00, 0x00,
    0x0E, 0x30, 0x00, 0x00, 0xD9, 0x4D, 0x00, 0x00, 0x07, 0x0B, 0x09, 0x0E, 0x10, 0x00, 0x00, 0x00,
    0x0F, 0x30, 0x00, 0x00, 0x05, 0x4E, 0x00, 0x00, 0x07, 0x0B, 0x00, 0x09, 0x10, 0x00, 0x00, 0x00,
    0x10, 0x30, 0x00, 0x00, 0x31, 0x4E, 0x00, 0x00, 0x06, 0x10, 0x0A, 0x0E, 0x10, 0x00, 0x00, 0x00,
    0x11, 0x30, 0x00, 0x00, 0x61, 0x4E, 0x00, 0x00, 0x06, 0x10, 0x00, 0x0E, 0x10, 0x00, 0x00, 0x00,
    0x00, 0x4E, 0x00, 0x00, 0x91, 0x4E, 0x00, 0x00, 0x10, 0x03, 0x00, 0x08, 0x10, 0x00, 0x00, 0x00,
    0x09, 0x4E, 0x00, 0x00, 0xA9, 0x4E, 0x00, 0x00, 0x0E, 0x0D, 0x01, 0x0C, 0x10, 0x00, 0x00, 0x00,
    0x0A, 0x4E, 0x00, 0x00, 0x04, 0x4F, 0x00, 0x00, 0x10, 0x0F, 0x00, 0x0E, 0x10, 0x00, 0x00, 0x00,
    0x0B, 0x4E, 0x00, 0x00, 0x7C, 0x4F, 0x00, 0x00, 0x10, 0x0F, 0x00, 0x0D, 0x10, 0x00, 0x00, 0x00,
    0x0D, 0x4E, 0x00, 0x00, 0xF4, 0x4F, 0x00, 0x00, 0x10, 0x0F, 0x00, 0x0D, 0x10, 0x00, 0x00, 0x00,
    0x0E, 0x4E, 0x00, 0x00, 0x6C, 0x50, 0x00, 0x00, 0x0F, 0x10, 0x00, 0x0E, 0x10, 0x00, 0x00, 0x00,
    0x14, 0x4E, 0x00, 0x00, 0xEC, 0x50, 0x00, 0x00, 0x10, 0x0E, 0x00, 0x0D, 0x10, 0x00, 0x00, 0x00,
    0x1A, 0x4E, 0x00, 0x00, 0x5C, 0x51, 0x00, 0x00, 0x10, 0x0F, 0x00, 0x0E, 0x10, 0x00, 0x00, 0x00,
    0x24, 0x4E, 0x00, 0x00, 0xD4, 0x51, 0x00, 0x00, 0x10, 0x0F, 0x00, 0x0D, 0x10, 0x00, 0x00, 0x00,
    0x2A, 0x4E, 0x00, 0x00, 0x4C, 0x52, 0x00, 0x00, 0x10, 0x10, 0x00, 0x0E, 0x10, 0x00, 0x00, 0x00,
    0x2D, 0x4E, 0x00, 0x00, 0xCC, 0x52, 0x00, 0x00, 0x0E, 0x10, 0x01, 0x0E, 0x10, 0x00, 0x00, 0x00,
    0x3A, 0x4E, 0x00, 0x00, 0x3C, 0x53, 0x00, 0x00, 0x0F, 0x10, 0x00, 0x0E, 0x10, 0x00, 0x00, 0x00,
    0x3B, 0x4E, 0x00, 0x00, 0xBC, 0x53, 0x00, 0x00, 0x10, 0x10, 0x00, 0x0F, 0x10, 0x00, 0x00, 0x00,
    0x3E, 0x4E, 0x00, 0x00, 0x3C, 0x54, 0x00, 0x00, 0x10, 0x11, 0x00, 0x0F, 0x10, 0x00, 0x00, 0x00,
    0x48, 0x4E, 0x00, 0x00, 0xC4, 0x54, 0x00, 0x00, 0x10, 0x0F, 0x00, 0x0E, 0x10, 0x00, 0x00, 0x00,
    0x49, 0x4E, 0x00, 0x00, 0x3C, 0x55, 0x00, 0x00, 0x10, 0x10, 0x00, 0x0E, 0x10, 0x00, 0x00, 0x00,
    0x4B, 0x4E, 0x00, 0x00, 0xBC, 0x55, 0x00, 0x00, 0x10, 0x11, 0x00, 0x0F, 0x10, 0x00, 0x00, 0x00,
    0x5D, 0x4E, 0x00, 0x00, 0x44, 0x56, 0x00, 0x00, 0x10, 0x11, 0x00, 0x0E, 0x10, 0x00, 0x00, 0x00,
    0x5F, 0x4E, 0x00, 0x00, 0xCC, 0x56, 0x00, 0x00, 0x10, 0x10, 0x00, 0x0E, 0x10, 0x00, 0x00, 0x00,
    0x66, 0x4E, 0x00, 0x00, 0x4C, 0x57, 0x00, 0x00, 0x10, 0x10, 0x00, 0x0E, 0x10, 0x00, 0x00, 0x00,
    0x86, 0x4E, 0x00, 0x00, 0xCC, 0x57, 0x00, 0x00, 0x0E, 0x10, 0x01, 0x0E, 0x10, 0x00, 0x00, 0x00,
    0x8B, 0x4E, 0x00, 0x00, 0x3C, 0x58, 0x00, 0x00, 0x10, 0x11, 0x00, 0x0F, 0x10, 0x00, 0x00, 0x00,
    0x8C, 0x4E, 0x00, 0x00, 0xC4, 0x58, 0x00, 0x00, 0x10, 0x0D, 0x00, 0x0C, 0x10, 0x00, 0x00, 0x00,
    0x8E, 0x4E, 0x00, 0x00, 0x2C, 0x59, 0x00, 0x00, 0x10, 0x0F, 0x00, 0x0D, 0x10, 0x00, 0x00, 0x00,
    0x94, 0x4E, 0x00, 0x00, 0xA4, 0x59, 0x00, 0x00, 0x10, 0x0D, 0x00, 0x0C, 0x10, 0x00, 0x00, 0x00,
    0x9B, 0x4E, 0x00, 0x00, 0x0C, 0x5A, 0x00, 0x00, 0x10, 0x10, 0x00, 0x0E, 0x10, 0x00, 0x00, 0x00,
    0xA7, 0x4E, 0x00, 0x00, 0x8C, 0x5A, 0x00, 0x00, 0x0F, 0x11, 0x00, 0x0E, 0x10, 0x00, 0x00, 0x00,
    0xAE, 0x4E, 0x00, 0x00, 0x14, 0x5B, 0x00, 0x00, 0x10, 0x11, 0x00, 0x0F, 0x10, 0x00, 0x00, 0x00,
    0xBA, 0x4E, 0x00, 0x00, 0x9C, 0x5B, 0x00, 0x00, 0x10, 0x0F, 0x00, 0x0D, 0x10, 0x00, 0x00, 0x00,
    0xCD, 0x4E, 0x00, 0x00, 0x14, 0x5C, 0x00, 0x00, 0x10, 0x11, 0x00, 0x0E, 0x10, 0x00, 0x00, 0x00,
    0xCE, 0x4E, 0x00, 0x00, 0x9C, 0x5C, 0x00, 0x00, 0x10, 0x0F, 0x00, 0x0D, 0x10, 0x00, 0x00, 0x00,
    0xD6, 0x4E, 0x00, 0x00, 0x14, 0x5D, 0x00, 0x00, 0x10, 0x10, 0x00, 0x0E, 0x10, 0x00, 0x00, 0x00,
    0xE3, 0x4E, 0x00, 0x00, 0x94, 0x5D, 0x00, 0x00, 0x10, 0x0F, 0x00, 0x0D, 0x10, 0x00, 0x00, 0x00,
    0xE5, 0x4E, 0x00, 0x00, 0x0C, 0x5E, 0x00, 0x00, 0x0F, 0x0F, 0x01, 0x0D, 0x10, 0x00, 0x00, 0x00,
    0xEC, 0x4E, 0x00, 0x00, 0x84, 0x5E, 0x00, 0x00, 0x0F, 0x12, 0x00, 0x0F, 0x10, 0x00, 0x00, 0x00,
    0xF6, 0x4E, 0x00, 0x00, 0x14, 0x5F, 0x00, 0x00, 0x10, 0x10, 0x00, 0x0E, 0x10, 0x00, 0x00, 0x00,
    0xFB, 0x4E, 0x00, 0x00, 0x94, 0x5F, 0x00, 0x00, 0x10, 0x10, 0x00, 0x0E, 0x10, 0x00, 0x00, 0x00,
    0xFD, 0x4E, 0x00, 0x00, 0x14, 0x60, 0x00, 0x00, 0x10, 0x10, 0x00, 0x0E, 0x10, 0x00, 0x00, 0x00,
    0x11, 0x4F, 0x00, 0x00, 0x94, 0x60, 0x00, 0x00, 0x10, 0x10, 0x00, 0x0E, 0x10, 0x00, 0x00, 0x00,
    0x18, 0x4F, 0x00, 0x00, 0x14, 0x61, 0x00, 0x00, 0x10, 0x11, 0x00, 0x0E, 0x10, 0x00, 0x00, 0x00,
    0x1A, 0x4F, 0x00, 0x00, 0x9C, 0x61, 0x00, 0x00, 0x10, 0x11, 0x00, 0x0F, 0x10, 0x00, 0x00, 0x00,
    0x20, 0x4F, 0x00, 0x00, 0x24, 0x62, 0x00, 0x00, 0x10, 0x11, 0x00, 0x0E, 0x10, 0x00, 0x00, 0x00,
    0x46, 0x4F, 0x00, 0x00, 0xAC, 0x62, 0x00, 0x00, 0x10, 0x10, 0x00, 0x0E, 0x10, 0x00, 0x00, 0x00,
    0x4D, 0x4F, 0x00, 0x00, 0x2C, 0x63, 0x00, 0x00, 0x10, 0x11, 0x00, 0x0F, 0x10, 0x00, 0x00, 0x00,
    0x53, 0x4F, 0x00, 0x00, 0xB4, 0x63, 0x00, 0x00, 0x10, 0x10, 0x00, 0x0E, 0x10, 0x00, 0x00, 0x00,
    0x5C, 0x4F, 0x00, 0x00, 0x34, 0x64, 0x00, 0x00, 0x10, 0x10, 0x00, 0x0E, 0x10, 0x00, 0x00, 0x00,
    0x60, 0x4F, 0x00, 0x00, 0xB4, 0x64, 0x00, 0x00, 0x10, 0x10, 0x00, 0x0E, 0x10, 0x00, 0x00, 0x00,
    0x7F, 0x4F, 0x00, 0x00, 0x34, 0x65, 0x00, 0x00, 0x10, 0x11, 0x00, 0x0E, 0x10, 0x00, 0x00, 0x00,
    0x8B, 0x4F, 0x00, 0x00, 0xBC, 0x65, 0x00, 0x00, 0x0F, 0x10, 0x00, 0x0E, 0x10, 0x00, 0x00, 0x00,
    0x9D, 0x4F, 0x00, 0x00, 0x3C, 0x66, 0x00, 0x00, 0x10, 0x12, 0x00, 0x0F, 0x10, 0x00, 0x00, 0x00,
    0xA7, 0x4F, 0x00, 0x00, 0xCC, 0x66, 0x00, 0x00, 0x0F, 0x11, 0x00, 0x0E, 0x10, 0x00, 0x00, 0x00,
    0xDD, 0x4F, 0x00, 0x00, 0x54, 0x67, 0x00, 0x00, 0x10, 0x10, 0x00, 0x0E, 0x10, 0x00, 0x00, 0x00,
    0xE1, 0x4F, 0x00, 0x00, 0xD4, 0x67, 0x00, 0x00, 0x10, 0x11, 0x00, 0x0E, 0x10, 0x00, 0x00, 0x00,
    0x19, 0x50, 0x00, 0x00, 0x5C, 0x68, 0x00, 0x00, 0x10, 0x10, 0x00, 0x0E, 0x10, 0x00, 0x00, 0x00,
    0x5A, 0x50, 0x00, 0x00, 0xDC, 0x68, 0x00, 0x00, 0x10, 0x10, 0x00, 0x0E, 0x10, 0x00, 0x00, 0x00,
    0x5C, 0x50, 0x00, 0x00, 0x5C, 0x69, 0x00, 0x00, 0x10, 0x12, 0x00, 0x0F, 0x10, 0x00, 0x00, 0x00,
    0xA8, 0x50, 0x00, 0x00, 0xEC, 0x69, 0x00, 0x00, 0x10, 0x10, 0x00, 0x0E, 0x10, 0x00, 0x00, 0x00,
    0x3F, 0x51, 0x00, 0x00, 0x6C, 0x6A, 0x00, 0x00, 0x10, 0x11, 0x00, 0x0E, 0x10, 0x00, 0x00, 0x00,
    0x48, 0x51, 0x00, 0x00, 0xF4, 0x6A, 0x00, 0x00, 0x10, 0x12, 0x00, 0x0F, 0x10, 0x00, 0x00, 0x00,
    0x5A, 0x51, 0x00, 0x00, 0x84, 0x6B, 0x00, 0x00, 0x10, 0x10, 0x00, 0x0E, 0x10, 0x00, 0x00, 0x00,
    0x65, 0x51, 0x00, 0x00, 0x04, 0x6C, 0x00, 0x00, 0x10, 0x0F, 0x00, 0x0E, 0x10, 0x00, 0x00, 0x00,
    0x68, 0x51, 0x00, 0x00, 0x7C, 0x6C, 0x00, 0x00, 0x10, 0x11, 0x00, 0x0F, 0x10, 0x00, 0x00, 0x00,
    0x6C, 0x51, 0x00, 0x00, 0x04, 0x6D, 0x00, 0x00, 0x10, 0x0F, 0x00, 0x0D, 0x10, 0x00, 0x00, 0x00,
    0x71, 0x51, 0x00, 0x00, 0x7C, 0x6D, 0x00, 0x00, 0x10, 0x11, 0x00, 0x0E, 0x10, 0x00, 0x00, 0x00,
    0x73, 0x51, 0x00, 0x00, 0x04, 0x6E, 0x00, 0x00, 0x10, 0x11, 0x00, 0x0F, 0x10, 0x00, 0x00, 0x00,
    0x76, 0x51, 0x00, 0x00, 0x8C, 0x6E, 0x00, 0x00, 0x10, 0x10, 0x00, 0x0E, 0x10, 0x00, 0x00, 0x00,
    0x85, 0x51, 0x00, 0x00, 0x0C, 0x6F, 0x00, 0x00, 0x0E, 0x11, 0x01, 0x0E, 0x10, 0x00, 0x00, 0x00,
    0x8D, 0x51, 0x00, 0x00, 0x83, 0x6F, 0x00, 0x00, 0x10, 0x0F, 0x00, 0x0D, 0x10, 0x00, 0x00, 0x00,
    0x99, 0x51, 0x00, 0x00, 0xFB, 0x6F, 0x00, 0x00, 0x0E, 0x0F, 0x01, 0x0D, 0x10, 0x00, 0x00, 0x00,
    0x9B, 0x51, 0x00, 0x00, 0x64, 0x70, 0x00, 0x00, 0x0E, 0x10, 0x01, 0x0D, 0x10, 0x00, 0x00, 0x00,
    0x9C, 0x51, 0x00, 0x00, 0xD4, 0x70, 0x00, 0x00, 0x10, 0x10, 0x00, 0x0E, 0x10, 0x00, 0x00, 0x00,
    0xB2, 0x51, 0x00, 0x00, 0x54, 0x71, 0x00, 0x00, 0x10, 0x11, 0x00, 0x0E, 0x10, 0x00, 0x00, 0x00,
    0xB3, 0x51, 0x00, 0x00, 0xDC, 0x71, 0x00, 0x00, 0x10, 0x11, 0x00, 0x0E, 0x10, 0x00, 0x00, 0x00,
    0xC6, 0x51, 0x00, 0x00, 0x64, 0x72, 0x00, 0x00, 0x10, 0x10, 0x00, 0x0E, 0x10, 0x00, 0x00, 0x00,
    0xD1, 0x51, 0x00, 0x00, 0xE4, 0x72, 0x00, 0x00, 0x10, 0x10, 0x00, 0x0E, 0x10, 0x00, 0x00, 0x00,
    0xE0, 0x51, 0x00, 0x00, 0x64, 0x73, 0x00, 0x00, 0x10, 0x10, 0x00, 0x0D, 0x10, 0x00, 0x00, 0x00,
    0xFA, 0x51, 0x00, 0x00, 0xE4, 0x73, 0x00, 0x00, 0x0E, 0x10, 0x01, 0x0E, 0x10, 0x00, 0x00, 0x00,
    0xFB, 0x51, 0x00, 0x00, 0x54, 0x74, 0x00, 0x00, 0x10, 0x11, 0x00, 0x0F, 0x10, 0x00, 0x00, 0x00,
    0x06, 0x52, 0x00, 0x00, 0xDC, 0x74, 0x00, 0x00, 0x10, 0x11, 0x00, 0x0E, 0x10, 0x00, 0x00, 0x00,
    0x12, 0x52, 0x00, 0x00, 0x64, 0x75, 0x00, 0x00, 0x0F, 0x10, 0x00, 0x0E, 0x10, 0x00, 0x00, 0x00,
    0x17, 0x52, 0x00, 0x00, 0xE4, 0x75, 0x00, 0x00, 0x10, 0x11, 0x00, 0x0E, 0x10, 0x00, 0x00, 0x00,
    0x19, 0x52, 0x00, 0x00, 0x6C, 0x76, 0x00, 0x00, 0x0F, 0x11, 0x00, 0x0E, 0x10, 0x00, 0x00, 0x00,
    0x20, 0x52, 0x00, 0x00, 0xF4, 0x76, 0x00, 0x00, 0x0F, 0x11, 0x00, 0x0E, 0x10, 0x00, 0x00, 0x00,
    0x29, 0x52, 0x00, 0x00, 0x7C, 0x77, 0x00, 0x00, 0x0F, 0x10, 0x00, 0x0E, 0x10, 0x00, 0x00, 0x00,
    0x2B, 0x52, 0x00, 0x00, 0xFC, 0x77, 0x00, 0x00, 0x0F, 0x11, 0x00, 0x0E, 0x10, 0x00, 0x00, 0x00,
    0x30, 0x52, 0x00, 0x00, 0x84, 0x78, 0x00, 0x00, 0x0F, 0x10, 0x00, 0x0E, 0x10, 0x00, 0x00, 0x00,
    0x36, 0x52, 0x00, 0x00, 0x04, 0x79, 0x00, 0x00, 0x0F, 0x10, 0x00, 0x0E, 0x10, 0x00, 0x00, 0x00,
    0x37, 0x52, 0x00, 0x00, 0x84, 0x79, 0x00, 0x00, 0x0F, 0x10, 0x00, 0x0E, 0x10, 0x00, 0x00, 0x00,
    0x3B, 0x52, 0x00, 0x00, 0x04, 0x7A, 0x00, 0x00, 0x10, 0x11, 0x00, 0x0F, 0x10, 0x00, 0x00, 0x00,
    0x4D, 0x52, 0x00, 0x00, 0x8C, 0x7A, 0x00, 0x00, 0x10, 0x11, 0x00, 0x0F, 0x10, 0x00, 0x00, 0x00,
    0x69, 0x52, 0x00, 0x00, 0x14, 0x7B, 0x00, 0x00, 0x0F, 0x10, 0x00, 0x0E, 0x10, 0x00, 0x00, 0x00,
    0x9B, 0x52, 0x00, 0x00, 0x94, 0x7B, 0x00, 0x00, 0x0F, 0x11, 0x00, 0x0E, 0x10, 0x00, 0x00, 0x00,
    0x9F, 0x52, 0x00, 0x00, 0x1C, 0x7C, 0x00, 0x00, 0x10, 0x11, 0x00, 0x0E, 0x10, 0x00, 0x00, 0x00,
    0xA0, 0x52, 0x00, 0x00, 0xA4, 0x7C, 0x00, 0x00, 0x0F, 0x11, 0x00, 0x0E, 0x10, 0x00, 0x00, 0x00,
    0xA8, 0x52, 0x00, 0x00, 0x2C, 0x7D, 0x00, 0x00, 0x10, 0x10, 0x00, 0x0E, 0x10, 0x00, 0x00, 0x00,
    0xA9, 0x52, 0x00, 0x00, 0xAC, 0x7D, 0x00, 0x00, 0x0F, 0x10, 0x00, 0x0E, 0x10, 0x00, 0x00, 0x00,
    0x16, 0x53, 0x00, 0x00, 0x2C, 0x7E, 0x00, 0x00, 0x10, 0x12, 0x00, 0x0F, 0x10, 0x00, 0x00, 0x00,
    0x3A, 0x53, 0x00, 0x00, 0xBC, 0x7E, 0x00, 0x00, 0x0F, 0x0F, 0x01, 0x0D, 0x10, 0x00, 0x00, 0x00,
    0x41, 0x53, 0x00, 0x00, 0x34, 0x7F, 0x00, 0x00, 0x10, 0x10, 0x00, 0x0E, 0x10, 0x00, 0x00, 0x00,
    0x55, 0x53, 0x00, 0x00, 0xB4, 0x7F, 0x00, 0x00, 0x10, 0x10, 0x00, 0x0E, 0x10, 0x00, 0x00, 0x00,
    0x60, 0x53, 0x00, 0x00, 0x34, 0x80, 0x00, 0x00, 0x0D, 0x10, 0x02, 0x0E, 0x10, 0x00, 0x00, 0x00,
    0x61, 0x53, 0x00, 0x00, 0xA4, 0x80, 0x00, 0x00, 0x10, 0x10, 0x00, 0x0E, 0x10, 0x00, 0x00, 0x00,
    0x73, 0x53, 0x00, 0x00, 0x24, 0x81, 0x00, 0x00, 0x0F, 0x0F, 0x00, 0x0D, 0x10, 0x00, 0x00, 0x00,
    0x82, 0x53, 0x00, 0x00, 0x9C, 0x81, 0x00, 0x00, 0x10, 0x0F, 0x00, 0x0D, 0x10, 0x00, 0x00, 0x00,
    0x9F, 0x53, 0x00, 0x00, 0x14, 0x82, 0x00, 0x00, 0x10, 0x0F, 0x00, 0x0D, 0x10, 0x00, 0x00, 0x00,
    0xBB, 0x53, 0x00, 0x00, 0x8C, 0x82, 0x00, 0x00, 0x10, 0x11, 0x00, 0x0F, 0x10, 0x00, 0x00, 0x00,
    0xC8, 0x53, 0x00, 0x00, 0x14, 0x83, 0x00, 0x00, 0x10, 0x10, 0x00, 0x0E, 0x10, 0x00, 0x00, 0x00,
    0xCA, 0x53, 0x00, 0x00, 0x94, 0x83, 0x00, 0x00, 0x10, 0x0F, 0x00, 0x0D, 0x10, 0x00, 0x00, 0x00,
    0xCC, 0x53, 0x00, 0x00, 0x0C, 0x84, 0x00, 0x00, 0x10, 0x0F, 0x00, 0x0D, 0x10, 0x00, 0x00, 0x00,
    0xCD, 0x53, 0x00, 0x00, 0x84, 0x84, 0x00, 0x00, 0x10, 0x11, 0x00, 0x0E, 0x10, 0x00, 0x00, 0x00,
    0xD1, 0x53, 0x00, 0x00, 0x0C, 0x85, 0x00, 0x00, 0x10, 0x12, 0x00, 0x0F, 0x10, 0x00, 0x00, 0x00,
    0xD6, 0x53, 0x00, 0x00, 0x9C, 0x85, 0x00, 0x00, 0x10, 0x10, 0x00, 0x0D, 0x10, 0x00, 0x00, 0x00,
    0xD8, 0x53, 0x00, 0x00, 0x1C, 0x86, 0x00, 0x00, 0x10, 0x11, 0x00, 0x0F, 0x10, 0x00, 0x00, 0x00,
    0xE3, 0x53, 0x00, 0x00, 0xA4, 0x86, 0x00, 0x00, 0x0E, 0x0E, 0x01, 0x0C, 0x10, 0x00, 0x00, 0x00,
    0xEA, 0x53, 0x00, 0x00, 0x06, 0x87, 0x00, 0x00, 0x10, 0x0F, 0x00, 0x0D, 0x10, 0x00, 0x00, 0x00,
    0xEF, 0x53, 0x00, 0x00, 0x7E, 0x87, 0x00, 0x00, 0x10, 0x0F, 0x00, 0x0D, 0x10, 0x00, 0x00, 0x00,
    0xF3, 0x53, 0x00, 0x00, 0xF6, 0x87, 0x00, 0x00, 0x10, 0x10, 0x00, 0x0E, 0x10, 0x00, 0x00, 0x00,
    0xF7, 0x53, 0x00, 0x00, 0x76, 0x88, 0x00, 0x00, 0x10, 0x10, 0x00, 0x0E, 0x10, 0x00, 0x00, 0x00,
    0x04, 0x54, 0x00, 0x00, 0xF6, 0x88, 0x00, 0x00, 0x10, 0x11, 0x00, 0x0F, 0x10, 0x00, 0x00, 0x00,
    0x08, 0x54, 0x00, 0x00, 0x7E, 0x89, 0x00, 0x00, 0x10, 0x11, 0x00, 0x0F, 0x10, 0x00, 0x00, 0x00,
    0x0C, 0x54, 0x00, 0x00, 0x06, 0x8A, 0x00, 0x00, 0x0E, 0x0F, 0x01, 0x0D, 0x10, 0x00, 0x00, 0x00,
    0x0D, 0x54, 0x00, 0x00, 0x6F, 0x8A, 0x00, 0x00, 0x0E, 0x10, 0x00, 0x0E, 0x10, 0x00, 0x00, 0x00,
    0x0E, 0x54, 0x00, 0x00, 0xDF, 0x8A, 0x00, 0x00, 0x10, 0x10, 0x00, 0x0E, 0x10, 0x00, 0x00, 0x00,
    0x11, 0x54, 0x00, 0x00, 0x5F, 0x8B, 0x00, 0x00, 0x0E, 0x10, 0x01, 0x0E, 0x10, 0x00, 0x00, 0x00,
    0x17, 0x54, 0x00, 0x00, 0xCF, 0x8B, 0x00, 0x00, 0x0F, 0x11, 0x01, 0x0E, 0x10, 0x00, 0x00, 0x00,
    0x26, 0x54, 0x00, 0x00, 0x57, 0x8C, 0x00, 0x00, 0x10, 0x0F, 0x00, 0x0D, 0x10, 0x00, 0x00, 0x00,
    0x27, 0x54, 0x00, 0x00, 0xCF, 0x8C, 0x00, 0x00, 0x0F, 0x0F, 0x01, 0x0D, 0x10, 0x00, 0x00, 0x00,
    0x2F, 0x54, 0x00, 0x00, 0x47, 0x8D, 0x00, 0x00, 0x0F, 0x12, 0x00, 0x0F, 0x10, 0x00, 0x00, 0x00,
    0x40, 0x54, 0x00, 0x00, 0xD7, 0x8D, 0x00, 0x00, 0x0F, 0x0F, 0x01, 0x0D, 0x10, 0x00, 0x00, 0x00,
    0x50, 0x54, 0x00, 0x00, 0x4F, 0x8E, 0x00, 0x00, 0x0F, 0x10, 0x01, 0x0E, 0x10, 0x00, 0x00, 0x00,
    0x55, 0x54, 0x00, 0x00, 0xCF, 0x8E, 0x00, 0x00, 0x0F, 0x0E, 0x01, 0x0D, 0x10, 0x00, 0x00, 0x00,
    0x57, 0x54, 0x00, 0x00, 0x3F, 0x8F, 0x00, 0x00, 0x0F, 0x10, 0x01, 0x0D, 0x10, 0x00, 0x00, 0x00,
    0x58, 0x54, 0x00, 0x00, 0xBF, 0x8F, 0x00, 0x00, 0x10, 0x10, 0x00, 0x0D, 0x10, 0x00, 0x00, 0x00,
    0x5C, 0x54, 0x00, 0x00, 0x3F, 0x90, 0x00, 0x00, 0x0F, 0x11, 0x01, 0x0E, 0x10, 0x00, 0x00, 0x00,
    0x62, 0x54, 0x00, 0x00, 0xC7, 0x90, 0x00, 0x00, 0x10, 0x0F, 0x00, 0x0D, 0x10, 0x00, 0x00, 0x00,
    0x75, 0x54, 0x00, 0x00, 0x3F, 0x91, 0x00, 0x00, 0x0F, 0x0F, 0x01, 0x0D, 0x10, 0x00, 0x00, 0x00,
    0x7D, 0x54, 0x00, 0x00, 0xB7, 0x91, 0x00, 0x00, 0x10, 0x12, 0x00, 0x0F, 0x10, 0x00, 0x00, 0x00,
    0x8C, 0x54, 0x00, 0x00, 0x47, 0x92, 0x00, 0x00, 0x0F, 0x10, 0x00, 0x0E, 0x10, 0x00, 0x00, 0x00,
    0x95, 0x54, 0x00, 0x00, 0xC7, 0x92, 0x00, 0x00, 0x0F, 0x10, 0x01, 0x0E, 0x10, 0x00, 0x00, 0x00,
    0x9A, 0x54, 0x00, 0x00, 0x47, 0x93, 0x00, 0x00, 0x10, 0x10, 0x00, 0x0E, 0x10, 0x00, 0x00, 0x00,
    0xA6, 0x54, 0x00, 0x00, 0xC7, 0x93, 0x00, 0x00, 0x0F, 0x11, 0x01, 0x0E, 0x10, 0x00, 0x00, 0x00,
    0xAC, 0x54, 0x00, 0x00, 0x4F, 0x94, 0x00, 0x00, 0x0F, 0x12, 0x01, 0x0F, 0x10, 0x00, 0x00, 0x00,
    0xB1, 0x54, 0x00, 0x00, 0xDF, 0x94, 0x00, 0x00, 0x0E, 0x11, 0x01, 0x0F, 0x10, 0x00, 0x00, 0x00,
    0xB3, 0x54, 0x00, 0x00, 0x56, 0x95, 0x00, 0x00, 0x0F, 0x12, 0x01, 0x0F, 0x10, 0x00, 0x00, 0x00,
    0xBF, 0x54, 0x00, 0x00, 0xE6, 0x95, 0x00, 0x00, 0x10, 0x11, 0x00, 0x0E, 0x10, 0x00, 0x00, 0x00,
    0xC1, 0x54, 0x00, 0x00, 0x6E, 0x96, 0x00, 0x00, 0x0E, 0x0F, 0x01, 0x0D, 0x10, 0x00, 0x00, 0x00,
    0xC7, 0x54, 0x00, 0x00, 0xD7, 0x96, 0x00, 0x00, 0x0F, 0x0F, 0x01, 0x0E, 0x10, 0x00, 0x00, 0x00,
    0xC8, 0x54, 0x00, 0x00, 0x4F, 0x97, 0x00, 0x00, 0x0F, 0x11, 0x01, 0x0F, 0x10, 0x00, 0x00, 0x00,
    0xCE, 0x54, 0x00, 0x00, 0xD7, 0x97, 0x00, 0x00, 0x10, 0x10, 0x00, 0x0E, 0x10, 0x00, 0x00, 0x00,
    0xDF, 0x54, 0x00, 0x00, 0x57, 0x98, 0x00, 0x00, 0x10, 0x10, 0x00, 0x0E, 0x10, 0x00, 0x00, 0x00,
    0xFC, 0x54, 0x00, 0x00, 0xD7, 0x98, 0x00, 0x00, 0x10, 0x11, 0x00, 0x0F, 0x10, 0x00, 0x00, 0x00,
    0x24, 0x55, 0x00, 0x00, 0x5F, 0x99, 0x00, 0x00, 0x10, 0x10, 0x00, 0x0E, 0x10, 0x00, 0x00, 0x00,
    0x37, 0x55, 0x00, 0x00, 0xDF, 0x99, 0x00, 0x00, 0x0F, 0x12, 0x01, 0x0F, 0x10, 0x00, 0x00, 0x00,
    0x82, 0x55, 0x00, 0x00, 0x6F, 0x9A, 0x00, 0x00, 0x0F, 0x11, 0x01, 0x0E, 0x10, 0x00, 0x00, 0x00,
    0x83, 0x55, 0x00, 0x00, 0xF7, 0x9A, 0x00, 0x00, 0x10, 0x10, 0x00, 0x0E, 0x10, 0x00, 0x00, 0x00,
    0x94, 0x55, 0x00, 0x00, 0x77, 0x9B, 0x00, 0x00, 0x0F, 0x11, 0x01, 0x0E, 0x10, 0x00, 0x00, 0x00,
    0xE1, 0x55, 0x00, 0x00, 0xFF, 0x9B, 0x00, 0x00, 0x0F, 0x10, 0x01, 0x0E, 0x10, 0x00, 0x00, 0x00,
    0x1B, 0x56, 0x00, 0x00, 0x7F, 0x9C, 0x00, 0x00, 0x10, 0x11, 0x00, 0x0F, 0x10, 0x00, 0x00, 0x00,
    0x3B, 0x56, 0x00, 0x00, 0x07, 0x9D, 0x00, 0x00, 0x0F, 0x11, 0x01, 0x0F, 0x10, 0x00, 0x00, 0x00,
    0x3F, 0x56, 0x00, 0x00, 0x8F, 0x9D, 0x00, 0x00, 0x10, 0x10, 0x00, 0x0D, 0x10, 0x00, 0x00, 0x00,
    0x5C, 0x56, 0x00, 0x00, 0x0F, 0x9E, 0x00, 0x00, 0x0F, 0x10, 0x01, 0x0E, 0x10, 0x00, 0x00, 0x00,
    0x68, 0x56, 0x00, 0x00, 0x8F, 0x9E, 0x00, 0x00, 0x10, 0x10, 0x00, 0x0D, 0x10, 0x00, 0x00, 0x00,
    0xDB, 0x56, 0x00, 0x00, 0x0F, 0x9F, 0x00, 0x00, 0x0E, 0x0F, 0x01, 0x0D, 0x10, 0x00, 0x00, 0x00,
    0xDE, 0x56, 0x00, 0x00, 0x78, 0x9F, 0x00, 0x00, 0x0E, 0x0F, 0x01, 0x0D, 0x10, 0x00, 0x00, 0x00,
    0xE0, 0x56, 0x00, 0x00, 0xE1, 0x9F, 0x00, 0x00, 0x0E, 0x0F, 0x01, 0x0D, 0x10, 0x00, 0x00, 0x00,
    0xFA, 0x56, 0x00, 0x00, 0x4A, 0xA0, 0x00, 0x00, 0x0E, 0x0F, 0x01, 0x0D, 0x10, 0x00, 0x00, 0x00,
    0xFD, 0x56, 0x00, 0x00, 0xB3, 0xA0, 0x00, 0x00, 0x0E, 0x0F, 0x01, 0x0D, 0x10, 0x00, 0x00, 0x00,
    0xFE, 0x56, 0x00, 0x00, 0x1C, 0xA1, 0x00, 0x00, 0x0E, 0x0F, 0x01, 0x0D, 0x10, 0x00, 0x00, 0x00,
    0x28, 0x57, 0x00, 0x00, 0x85, 0xA1, 0x00, 0x00, 0x10, 0x11, 0x00, 0x0F, 0x10, 0x00, 0x00, 0x00,
    0x30, 0x57, 0x00, 0x00, 0x0D, 0xA2, 0x00, 0x00, 0x10, 0x10, 0x00, 0x0E, 0x10, 0x00, 0x00, 0x00,
    0x40, 0x57, 0x00, 0x00, 0x8D, 0xA2, 0x00, 0x00, 0x10, 0x0F, 0x00, 0x0E, 0x10, 0x00, 0x00, 0x00,
    0x8B, 0x57, 0x00, 0x00, 0x05, 0xA3, 0x00, 0x00, 0x10, 0x0F, 0x00, 0x0E, 0x10, 0x00, 0x00, 0x00,
    0xFA, 0x57, 0x00, 0x00, 0x7D, 0xA3, 0x00, 0x00, 0x10, 0x10, 0x00, 0x0E, 0x10, 0x00, 0x00, 0x00,
    0x07, 0x59, 0x00, 0x00, 0xFD, 0xA3, 0x00, 0x00, 0x10, 0x12, 0x00, 0x0F, 0x10, 0x00, 0x00, 0x00,
    0x0D, 0x59, 0x00, 0x00, 0x8D, 0xA4, 0x00, 0x00, 0x10, 0x10, 0x00, 0x0E, 0x10, 0x00, 0x00, 0x00,
    0x16, 0x59, 0x00, 0x00, 0x0D, 0xA5, 0x00, 0x00, 0x10, 0x11, 0x00, 0x0F, 0x10, 0x00, 0x00, 0x00,
    0x1A, 0x59, 0x00, 0x00, 0x95, 0xA5, 0x00, 0x00, 0x10, 0x12, 0x00, 0x0F, 0x10, 0x00, 0x00, 0x00,
    0x27, 0x59, 0x00, 0x00, 0x25, 0xA6, 0x00, 0x00, 0x10, 0x10, 0x00, 0x0E, 0x10, 0x00, 0x00, 0x00,
    0x29, 0x59, 0x00, 0x00, 0xA5, 0xA6, 0x00, 0x00, 0x10, 0x0F, 0x00, 0x0D, 0x10, 0x00, 0x00, 0x00,
    0x31, 0x59, 0x00, 0x00, 0x1D, 0xA7, 0x00, 0x00, 0x10, 0x11, 0x00, 0x0E, 0x10, 0x00, 0x00, 0x00,
    0x34, 0x59, 0x00, 0x00, 0xA5, 0xA7, 0x00, 0x00, 0x10, 0x10, 0x00, 0x0E, 0x10, 0x00, 0x00, 0x00,
    0x39, 0x59, 0x00, 0x00, 0x25, 0xA8, 0x00, 0x00, 0x10, 0x10, 0x00, 0x0E, 0x10, 0x00, 0x00, 0x00,
    0x79, 0x59, 0x00, 0x00, 0xA5, 0xA8, 0x00, 0x00, 0x10, 0x11, 0x00, 0x0F, 0x10, 0x00, 0x00, 0x00,
    0x7D, 0x59, 0x00, 0x00, 0x2D, 0xA9, 0x00, 0x00, 0x10, 0x10, 0x00, 0x0E, 0x10, 0x00, 0x00, 0x00,
    0x82, 0x59, 0x00, 0x00, 0xAD, 0xA9, 0x00, 0x00, 0x0F, 0x10, 0x00, 0x0E, 0x10, 0x00, 0x00, 0x00,
    0xCB, 0x59, 0x00, 0x00, 0x2D, 0xAA, 0x00, 0x00, 0x10, 0x10, 0x00, 0x0E, 0x10, 0x00, 0x00, 0x00,
    0x50, 0x5B, 0x00, 0x00, 0xAD, 0xAA, 0x00, 0x00, 0x10, 0x11, 0x00, 0x0E, 0x10, 0x00, 0x00, 0x00,
    0x57, 0x5B, 0x00, 0x00, 0x35, 0xAB, 0x00, 0x00, 0x0E, 0x11, 0x01, 0x0F, 0x10, 0x00, 0x00, 0x00,
    0x58, 0x5B, 0x00, 0x00, 0xAC, 0xAB, 0x00, 0x00, 0x10, 0x11, 0x00, 0x0E, 0x10, 0x00, 0x00, 0x00,
    0x66, 0x5B, 0x00, 0x00, 0x34, 0xAC, 0x00, 0x00, 0x10, 0x11, 0x00, 0x0F, 0x10, 0x00, 0x00, 0x00,
    0x83, 0x5B, 0x00, 0x00, 0xBC, 0xAC, 0x00, 0x00, 0x0E, 0x11, 0x01, 0x0F, 0x10, 0x00, 0x00, 0x00,
    0x8C, 0x5B, 0x00, 0x00, 0x33, 0xAD, 0x00, 0x00, 0x10, 0x11, 0x00, 0x0F, 0x10, 0x00, 0x00, 0x00,
    0x98, 0x5B, 0x00, 0x00, 0xBB, 0xAD, 0x00, 0x00, 0x0F, 0x11, 0x00, 0x0F, 0x10, 0x00, 0x00, 0x00,
    0x9A, 0x5B, 0x00, 0x00, 0x43, 0xAE, 0x00, 0x00, 0x10, 0x12, 0x00, 0x0F, 0x10, 0x00, 0x00, 0x00,
    0x9E, 0x5B, 0x00, 0x00, 0xD3, 0xAE, 0x00, 0x00, 0x0F, 0x11, 0x01, 0x0F, 0x10, 0x00, 0x00, 0x00,
    0xB6, 0x5B, 0x00, 0x00, 0x5B, 0xAF, 0x00, 0x00, 0x10, 0x12, 0x00, 0x0F, 0x10, 0x00, 0x00, 0x00,
    0xB9, 0x5B, 0x00, 0x00, 0xEB, 0xAF, 0x00, 0x00, 0x10, 0x12, 0x00, 0x0F, 0x10, 0x00, 0x00, 0x00,
    0xBD, 0x5B, 0x00, 0x00, 0x7B, 0xB0, 0x00, 0x00, 0x10, 0x12, 0x00, 0x0F, 0x10, 0x00, 0x00, 0x00,
    0xC6, 0x5B, 0x00, 0x00, 0x0B, 0xB1, 0x00, 0x00, 0x10, 0x11, 0x00, 0x0F, 0x10, 0x00, 0x00, 0x00,
    0xF9, 0x5B, 0x00, 0x00, 0x93, 0xB1, 0x00, 0x00, 0x10, 0x10, 0x00, 0x0E, 0x10, 0x00, 0x00, 0x00,
    0x01, 0x5C, 0x00, 0x00, 0x13, 0xB2, 0x00, 0x00, 0x10, 0x10, 0x00, 0x0E, 0x10, 0x00, 0x00, 0x00,
    0x04, 0x5C, 0x00, 0x00, 0x93, 0xB2, 0x00, 0x00, 0x10, 0x10, 0x00, 0x0E, 0x10, 0x00, 0x00, 0x00,
    0x06, 0x5C, 0x00, 0x00, 0x13, 0xB3, 0x00, 0x00, 0x10, 0x11, 0x00, 0x0E, 0x10, 0x00, 0x00, 0x00,
    0x0F, 0x5C, 0x00, 0x00, 0x9B, 0xB3, 0x00, 0x00, 0x10, 0x10, 0x00, 0x0E, 0x10, 0x00, 0x00, 0x00,
    0x11, 0x5C, 0x00, 0x00, 0x1B, 0xB4, 0x00, 0x00, 0x10, 0x0F, 0x00, 0x0D, 0x10, 0x00, 0x00, 0x00,
    0x1A, 0x5C, 0x00, 0x00, 0x93, 0xB4, 0x00, 0x00, 0x0E, 0x10, 0x01, 0x0E, 0x10, 0x00, 0x00, 0x00,
    0x31, 0x5C, 0x00, 0x00, 0x03, 0xB5, 0x00, 0x00, 0x10, 0x12, 0x00, 0x0F, 0x10, 0x00, 0x00, 0x00,
    0x3D, 0x5C, 0x00, 0x00, 0x93, 0xB5, 0x00, 0x00, 0x10, 0x10, 0x00, 0x0D, 0x10, 0x00, 0x00, 0x00,
    0x42, 0x5C, 0x00, 0x00, 0x13, 0xB6, 0x00, 0x00, 0x10, 0x10, 0x00, 0x0D, 0x10, 0x00, 0x00, 0x00,
    0x45, 0x5C, 0x00, 0x00, 0x93, 0xB6, 0x00, 0x00, 0x10, 0x10, 0x00, 0x0D, 0x10, 0x00, 0x00, 0x00,
    0x4F, 0x5C, 0x00, 0x00, 0x13, 0xB7, 0x00, 0x00, 0x10, 0x10, 0x00, 0x0D, 0x10, 0x00, 0x00, 0x00,
    0x55, 0x5C, 0x00, 0x00, 0x93, 0xB7, 0x00, 0x00, 0x10, 0x10, 0x00, 0x0D, 0x10, 0x00, 0x00, 0x00,
    0x71, 0x5C, 0x00, 0x00, 0x13, 0xB8, 0x00, 0x00, 0x0E, 0x11, 0x01, 0x0E, 0x10, 0x00, 0x00, 0x00,
    0xE5, 0x5D, 0x00, 0x00, 0x8A, 0xB8, 0x00, 0x00, 0x10, 0x0E, 0x00, 0x0D, 0x10, 0x00, 0x00, 0x00,
    0xE6, 0x5D, 0x00, 0x00, 0xFA, 0xB8, 0x00, 0x00, 0x10, 0x10, 0x00, 0x0E, 0x10, 0x00, 0x00, 0x00,
    0xF2, 0x5D, 0x00, 0x00, 0x7A, 0xB9, 0x00, 0x00, 0x0F, 0x0E, 0x01, 0x0D, 0x10, 0x00, 0x00, 0x00,
    0x03, 0x5E, 0x00, 0x00, 0xEA, 0xB9, 0x00, 0x00, 0x10, 0x11, 0x00, 0x0F, 0x10, 0x00, 0x00, 0x00,
    0x2E, 0x5E, 0x00, 0x00, 0x72, 0xBA, 0x00, 0x00, 0x10, 0x11, 0x00, 0x0F, 0x10, 0x00, 0x00, 0x00,
    0x38, 0x5E, 0x00, 0x00, 0xFA, 0xBA, 0x00, 0x00, 0x0E, 0x11, 0x01, 0x0E, 0x10, 0x00, 0x00, 0x00,
    0x55, 0x5E, 0x00, 0x00, 0x71, 0xBB, 0x00, 0x00, 0x10, 0x11, 0x00, 0x0F, 0x10, 0x00, 0x00, 0x00,
    0x72, 0x5E, 0x00, 0x00, 0xF9, 0xBB, 0x00, 0x00, 0x10, 0x0F, 0x00, 0x0D, 0x10, 0x00, 0x00, 0x00,
    0x73, 0x5E, 0x00, 0x00, 0x71, 0xBC, 0x00, 0x00, 0x10, 0x0F, 0x00, 0x0D, 0x10, 0x00, 0x00, 0x00,
    0x74, 0x5E, 0x00, 0x00, 0xE9, 0xBC, 0x00, 0x00, 0x10, 0x11, 0x00, 0x0F, 0x10, 0x00, 0x00, 0x00,
    0x76, 0x5E, 0x00, 0x00, 0x71, 0xBD, 0x00, 0x00, 0x10, 0x12, 0x00, 0x0F, 0x10, 0x00, 0x00, 0x00,
    0x93, 0x5E, 0x00, 0x00, 0x01, 0xBE, 0x00, 0x00, 0x10, 0x11, 0x00, 0x0E, 0x10, 0x00, 0x00, 0x00,
    0x94, 0x5E, 0x00, 0x00, 0x89, 0xBE, 0x00, 0x00, 0x10, 0x12, 0x00, 0x0F, 0x10, 0x00, 0x00, 0x00,
    0x95, 0x5E, 0x00, 0x00, 0x19, 0xBF, 0x00, 0x00, 0x10, 0x12, 0x00, 0x0F, 0x10, 0x00, 0x00, 0x00,
    0xA6, 0x5E, 0x00, 0x00, 0xA9, 0xBF, 0x00, 0x00, 0x10, 0x11, 0x00, 0x0F, 0x10, 0x00, 0x00, 0x00,
    0xFA, 0x5E, 0x00, 0x00, 0x31, 0xC0, 0x00, 0x00, 0x10, 0x11, 0x00, 0x0E, 0x10, 0x00, 0x00, 0x00,
    0x00, 0x5F, 0x00, 0x00, 0xB9, 0xC0, 0x00, 0x00, 0x10, 0x10, 0x00, 0x0D, 0x10, 0x00, 0x00, 0x00,
    0x02, 0x5F, 0x00, 0x00, 0x39, 0xC1, 0x00, 0x00, 0x10, 0x10, 0x00, 0x0D, 0x10, 0x00, 0x00, 0x00,
    0x0F, 0x5F, 0x00, 0x00, 0xB9, 0xC1, 0x00, 0x00, 0x10, 0x10, 0x00, 0x0E, 0x10, 0x00, 0x00, 0x00,
    0x3A, 0x5F, 0x00, 0x00, 0x39, 0xC2, 0x00, 0x00, 0x10, 0x10, 0x00, 0x0D, 0x10, 0x00, 0x00, 0x00,
    0x53, 0x5F, 0x00, 0x00, 0xB9, 0xC2, 0x00, 0x00, 0x0E, 0x10, 0x01, 0x0E, 0x10, 0x00, 0x00, 0x00,
    0x55, 0x5F, 0x00, 0x00, 0x29, 0xC3, 0x00, 0x00, 0x10, 0x11, 0x00, 0x0E, 0x10, 0x00, 0x00, 0x00,
    0x62, 0x5F, 0x00, 0x00, 0xB1, 0xC3, 0x00, 0x00, 0x10, 0x11, 0x00, 0x0E, 0x10, 0x00, 0x00, 0x00,
    0x71, 0x5F, 0x00, 0x00, 0x39, 0xC4, 0x00, 0x00, 0x10, 0x10, 0x00, 0x0E, 0x10, 0x00, 0x00, 0x00,
    0x84, 0x5F, 0x00, 0x00, 0xB9, 0xC4, 0x00, 0x00, 0x10, 0x10, 0x00, 0x0E, 0x10, 0x00, 0x00, 0x00,
    0x85, 0x5F, 0x00, 0x00, 0x39, 0xC5, 0x00, 0x00, 0x10, 0x10, 0x00, 0x0E, 0x10, 0x00, 0x00, 0x00,
    0x88, 0x5F, 0x00, 0x00, 0xB9, 0xC5, 0x00, 0x00, 0x10, 0x11, 0x00, 0x0E, 0x10, 0x00, 0x00, 0x00,
    0x97, 0x5F, 0x00, 0x00, 0x41, 0xC6, 0x00, 0x00, 0x10, 0x10, 0x00, 0x0E, 0x10, 0x00, 0x00, 0x00,
    0xC3, 0x5F, 0x00, 0x00, 0xC1, 0xC6, 0x00, 0x00, 0x10, 0x10, 0x00, 0x0E, 0x10, 0x00, 0x00, 0x00,
    0xC5, 0x5F, 0x00, 0x00, 0x41, 0xC7, 0x00, 0x00, 0x10, 0x10, 0x00, 0x0E, 0x10, 0x00, 0x00, 0x00,
    0xD7, 0x5F, 0x00, 0x00, 0xC1, 0xC7, 0x00, 0x00, 0x10, 0x10, 0x00, 0x0E, 0x10, 0x00, 0x00, 0x00,
    0xEB, 0x5F, 0x00, 0x00, 0x41, 0xC8, 0x00, 0x00, 0x10, 0x11, 0x00, 0x0E, 0x10, 0x00, 0x00, 0x00,
    0xFD, 0x5F, 0x00, 0x00, 0xC9, 0xC8, 0x00, 0x00, 0x10, 0x10, 0x00, 0x0E, 0x10, 0x00, 0x00, 0x00,
    0x01, 0x60, 0x00, 0x00, 0x49, 0xC9, 0x00, 0x00, 0x10, 0x11, 0x00, 0x0F, 0x10, 0x00, 0x00, 0x00,
    0x27, 0x60, 0x00, 0x00, 0xD1, 0xC9, 0x00, 0x00, 0x10, 0x11, 0x00, 0x0F, 0x10, 0x00, 0x00, 0x00,
    0x3B, 0x60, 0x00, 0x00, 0x59, 0xCA, 0x00, 0x00, 0x10, 0x11, 0x00, 0x0F, 0x10, 0x00, 0x00, 0x00,
    0x62, 0x60, 0x00, 0x00, 0xE1, 0xCA, 0x00, 0x00, 0x10, 0x12, 0x00, 0x0F, 0x10, 0x00, 0x00, 0x00,
    0x6F, 0x60, 0x00, 0x00, 0x71, 0xCB, 0x00, 0x00, 0x10, 0x11, 0x00, 0x0F, 0x10, 0x00, 0x00, 0x00,
    0xC5, 0x60, 0x00, 0x00, 0xF9, 0xCB, 0x00, 0x00, 0x10, 0x12, 0x00, 0x0F, 0x10, 0x00, 0x00, 0x00,
    0xF3, 0x60, 0x00, 0x00, 0x89, 0xCC, 0x00, 0x00, 0x10, 0x10, 0x00, 0x0E, 0x10, 0x00, 0x00, 0x00,
    0x0F, 0x61, 0x00, 0x00, 0x09, 0xCD, 0x00, 0x00, 0x10, 0x11, 0x00, 0x0F, 0x10, 0x00, 0x00, 0x00,
    0x10, 0x62, 0x00, 0x00, 0x91, 0xCD, 0x00, 0x00, 0x10, 0x12, 0x00, 0x0F, 0x10, 0x00, 0x00, 0x00,
    0x11, 0x62, 0x00, 0x00, 0x21, 0xCE, 0x00, 0x00, 0x10, 0x10, 0x00, 0x0E, 0x10, 0x00, 0x00, 0x00,
    0x16, 0x62, 0x00, 0x00, 0xA1, 0xCE, 0x00, 0x00, 0x10, 0x12, 0x00, 0x0F, 0x10, 0x00, 0x00, 0x00,
    0x18, 0x62, 0x00, 0x00, 0x31, 0xCF, 0x00, 0x00, 0x0F, 0x11, 0x01, 0x0E, 0x10, 0x00, 0x00, 0x00,
    0x40, 0x62, 0x00, 0x00, 0xB9, 0xCF, 0x00, 0x00, 0x10, 0x11, 0x00, 0x0E, 0x10, 0x00, 0x00, 0x00,
    0x4B, 0x62, 0x00, 0x00, 0x41, 0xD0, 0x00, 0x00, 0x10, 0x11, 0x00, 0x0F, 0x10, 0x00, 0x00, 0x00,
    0x4D, 0x62, 0x00, 0x00, 0xC9, 0xD0, 0x00, 0x00, 0x10, 0x11, 0x00, 0x0F, 0x10, 0x00, 0x00, 0x00,
    0x53, 0x62, 0x00, 0x00, 0x51, 0xD1, 0x00, 0x00, 0x10, 0x11, 0x00, 0x0F, 0x10, 0x00, 0x00, 0x00,
    0x7E, 0x62, 0x00, 0x00, 0xD9, 0xD1, 0x00, 0x00, 0x10, 0x10, 0x00, 0x0E, 0x10, 0x00, 0x00, 0x00,
    0x8A, 0x62, 0x00, 0x00, 0x59, 0xD2, 0x00, 0x00, 0x10, 0x10, 0x00, 0x0E, 0x10, 0x00, 0x00, 0x00,
    0x97, 0x62, 0x00, 0x00, 0xD9, 0xD2, 0x00, 0x00, 0x10, 0x12, 0x00, 0x0F, 0x10, 0x00, 0x00, 0x00,
    0xA4, 0x62, 0x00, 0x00, 0x69, 0xD3, 0x00, 0x00, 0x0F, 0x11, 0x00, 0x0E, 0x10, 0x00, 0x00, 0x00,
    0xBD, 0x62, 0x00, 0x00, 0xF1, 0xD3, 0x00, 0x00, 0x10, 0x10, 0x00, 0x0E, 0x10, 0x00, 0x00, 0x00,
    0x01, 0x63, 0x00, 0x00, 0x71, 0xD4, 0x00, 0x00, 0x10, 0x10, 0x00, 0x0E, 0x10, 0x00, 0x00, 0x00,
    0x02, 0x63, 0x00, 0x00, 0xF1, 0xD4, 0x00, 0x00, 0x10, 0x10, 0x00, 0x0E, 0x10, 0x00, 0x00, 0x00,
    0x07, 0x63, 0x00, 0x00, 0x71, 0xD5, 0x00, 0x00, 0x10, 0x10, 0x00, 0x0E, 0x10, 0x00, 0x00, 0x00,
    0x09, 0x63, 0x00, 0x00, 0xF1, 0xD5, 0x00, 0x00, 0x10, 0x12, 0x00, 0x0F, 0x10, 0x00, 0x00, 0x00,
    0x62, 0x63, 0x00, 0x00, 0x81, 0xD6, 0x00, 0x00, 0x10, 0x11, 0x00, 0x0E, 0x10, 0x00, 0x00, 0x00,
    0x6E, 0x63, 0x00, 0x00, 0x09, 0xD7, 0x00, 0x00, 0x10, 0x11, 0x00, 0x0E, 0x10, 0x00, 0x00, 0x00,
    0x92, 0x63, 0x00, 0x00, 0x91, 0xD7, 0x00, 0x00, 0x10, 0x10, 0x00, 0x0E, 0x10, 0x00, 0x00, 0x00,
    0xA5, 0x63, 0x00, 0x00, 0x11, 0xD8, 0x00, 0x00, 0x10, 0x10, 0x00, 0x0E, 0x10, 0x00, 0x00, 0x00,
    0xD0, 0x63, 0x00, 0x00, 0x91, 0xD8, 0x00, 0x00, 0x10, 0x10, 0x00, 0x0E, 0x10, 0x00, 0x00, 0x00,
    0x1C, 0x64, 0x00, 0x00, 0x11, 0xD9, 0x00, 0x00, 0x10, 0x10, 0x00, 0x0E, 0x10, 0x00, 0x00, 0x00,
    0x78, 0x64, 0x00, 0x00, 0x91, 0xD9, 0x00, 0x00, 0x10, 0x10, 0x00, 0x0E, 0x10, 0x00, 0x00, 0x00,
    0xCD, 0x64, 0x00, 0x00, 0x11, 0xDA, 0x00, 0x00, 0x10, 0x10, 0x00, 0x0E, 0x10, 0x00, 0x00, 0x00,
    0x2F, 0x65, 0x00, 0x00, 0x91, 0xDA, 0x00, 0x00, 0x10, 0x11, 0x00, 0x0F, 0x10, 0x00, 0x00, 0x00,
    0x3E, 0x65, 0x00, 0x00, 0x19, 0xDB, 0x00, 0x00, 0x10, 0x10, 0x00, 0x0E, 0x10, 0x00, 0x00, 0x00,
    0x3F, 0x65, 0x00, 0x00, 0x99, 0xDB, 0x00, 0x00, 0x10, 0x11, 0x00, 0x0E, 0x10, 0x00, 0x00, 0x00,
    0x70, 0x65, 0x00, 0x00, 0x21, 0xDC, 0x00, 0x00, 0x10, 0x11, 0x00, 0x0E, 0x10, 0x00, 0x00, 0x00,
    0x74, 0x65, 0x00, 0x00, 0xA9, 0xDC, 0x00, 0x00, 0x10, 0x10, 0x00, 0x0E, 0x10, 0x00, 0x00, 0x00,
    0x87, 0x65, 0x00, 0x00, 0x29, 0xDD, 0x00, 0x00, 0x10, 0x11, 0x00, 0x0F, 0x10, 0x00, 0x00, 0x00,
    0x99, 0x65, 0x00, 0x00, 0xB1, 0xDD, 0x00, 0x00, 0x10, 0x10, 0x00, 0x0E, 0x10, 0x00, 0x00, 0x00,
    0xAD, 0x65, 0x00, 0x00, 0x31, 0xDE, 0x00, 0x00, 0x0F, 0x12, 0x01, 0x0F, 0x10, 0x00, 0x00, 0x00,
    0xB0, 0x65, 0x00, 0x00, 0xC1, 0xDE, 0x00, 0x00, 0x10, 0x11, 0x00, 0x0F, 0x10, 0x00, 0x00, 0x00,
    0xB9, 0x65, 0x00, 0x00, 0x49, 0xDF, 0x00, 0x00, 0x10, 0x12, 0x00, 0x0F, 0x10, 0x00, 0x00, 0x00,
    0xE0, 0x65, 0x00, 0x00, 0xD9, 0xDF, 0x00, 0x00, 0x10, 0x10, 0x00, 0x0D, 0x10, 0x00, 0x00, 0x00,
    0xE2, 0x65, 0x00, 0x00, 0x59, 0xE0, 0x00, 0x00, 0x10, 0x10, 0x00, 0x0D, 0x10, 0x00, 0x00, 0x00,
    0xE5, 0x65, 0x00, 0x00, 0xD9, 0xE0, 0x00, 0x00, 0x0C, 0x0F, 0x02, 0x0D, 0x10, 0x00, 0x00, 0x00,
    0xE7, 0x65, 0x00, 0x00, 0x33, 0xE1, 0x00, 0x00, 0x0E, 0x11, 0x01, 0x0E, 0x10, 0x00, 0x00, 0x00,
    0xF6, 0x65, 0x00, 0x00, 0xAA, 0xE1, 0x00, 0x00, 0x0F, 0x10, 0x01, 0x0E, 0x10, 0x00, 0x00, 0x00,
    0x0E, 0x66, 0x00, 0x00, 0x2A, 0xE2, 0x00, 0x00, 0x0F, 0x10, 0x01, 0x0D, 0x10, 0x00, 0x00, 0x00,
    0x20, 0x66, 0x00, 0x00, 0xAA, 0xE2, 0x00, 0x00, 0x0F, 0x11, 0x01, 0x0E, 0x10, 0x00, 0x00, 0x00,
    0x2F, 0x66, 0x00, 0x00, 0x32, 0xE3, 0x00, 0x00, 0x10, 0x11, 0x00, 0x0E, 0x10, 0x00, 0x00, 0x00,
    0x3E, 0x66, 0x00, 0x00, 0xBA, 0xE3, 0x00, 0x00, 0x10, 0x0E, 0x00, 0x0D, 0x10, 0x00, 0x00, 0x00,
    0x70, 0x66, 0x00, 0x00, 0x2A, 0xE4, 0x00, 0x00, 0x0F, 0x10, 0x01, 0x0E, 0x10, 0x00, 0x00, 0x00,
    0x82, 0x66, 0x00, 0x00, 0xAA, 0xE4, 0x00, 0x00, 0x10, 0x10, 0x00, 0x0E, 0x10, 0x00, 0x00, 0x00,
    0xF4, 0x66, 0x00, 0x00, 0x2A, 0xE5, 0x00, 0x00, 0x10, 0x10, 0x00, 0x0D, 0x10, 0x00, 0x00, 0x00,
    0xFE, 0x66, 0x00, 0x00, 0xAA, 0xE5, 0x00, 0x00, 0x0E, 0x11, 0x01, 0x0F, 0x10, 0x00, 0x00, 0x00,
    0xFF, 0x66, 0x00, 0x00, 0x21, 0xE6, 0x00, 0x00, 0x10, 0x11, 0x00, 0x0E, 0x10, 0x00, 0x00, 0x00,
    0x00, 0x67, 0x00, 0x00, 0xA9, 0xE6, 0x00, 0x00, 0x10, 0x10, 0x00, 0x0E, 0x10, 0x00, 0x00, 0x00,
    0x08, 0x67, 0x00, 0x00, 0x29, 0xE7, 0x00, 0x00, 0x0E, 0x10, 0x00, 0x0D, 0x10, 0x00, 0x00, 0x00,
    0x09, 0x67, 0x00, 0x00, 0x99, 0xE7, 0x00, 0x00, 0x10, 0x10, 0x00, 0x0E, 0x10, 0x00, 0x00, 0x00,
    0x1F, 0x67, 0x00, 0x00, 0x19, 0xE8, 0x00, 0x00, 0x0F, 0x11, 0x00, 0x0E, 0x10, 0x00, 0x00, 0x00,
    0x2A, 0x67, 0x00, 0x00, 0xA1, 0xE8, 0x00, 0x00, 0x10, 0x10, 0x00, 0x0E, 0x10, 0x00, 0x00, 0x00,
    0x2C, 0x67, 0x00, 0x00, 0x21, 0xE9, 0x00, 0x00, 0x10, 0x10, 0x00, 0x0E, 0x10, 0x00, 0x00, 0x00,
    0x3A, 0x67, 0x00, 0x00, 0xA1, 0xE9, 0x00, 0x00, 0x10, 0x10, 0x00, 0x0E, 0x10, 0x00, 0x00, 0x00,
    0x43, 0x67, 0x00, 0x00, 0x21, 0xEA, 0x00, 0x00, 0x10, 0x12, 0x00, 0x0F, 0x10, 0x00, 0x00, 0x00,
    0x61, 0x67, 0x00, 0x00, 0xB1, 0xEA, 0x00, 0x00, 0x10, 0x11, 0x00, 0x0F, 0x10, 0x00, 0x00, 0x00,
    0x65, 0x67, 0x00, 0x00, 0x39, 0xEB, 0x00, 0x00, 0x10, 0x10, 0x00, 0x0E, 0x10, 0x00, 0x00, 0x00,
    0x7E, 0x67, 0x00, 0x00, 0xB9, 0xEB, 0x00, 0x00, 0x10, 0x10, 0x00, 0x0E, 0x10, 0x00, 0x00, 0x00,
    0x90, 0x67, 0x00, 0x00, 0x39, 0xEC, 0x00, 0x00, 0x10, 0x11, 0x00, 0x0F, 0x10, 0x00, 0x00, 0x00,
    0x9C, 0x67, 0x00, 0x00, 0xC1, 0xEC, 0x00, 0x00, 0x10, 0x0F, 0x00, 0x0D, 0x10, 0x00, 0x00, 0x00,
    0xB6, 0x67, 0x00, 0x00, 0x39, 0xED, 0x00, 0x00, 0x10, 0x11, 0x00, 0x0E, 0x10, 0x00, 0x00, 0x00,
    0xD3, 0x67, 0x00, 0x00, 0xC1, 0xED, 0x00, 0x00, 0x10, 0x10, 0x00, 0x0E, 0x10, 0x00, 0x00, 0x00,
    0xE5, 0x67, 0x00, 0x00, 0x41, 0xEE, 0x00, 0x00, 0x10, 0x10, 0x00, 0x0E, 0x10, 0x00, 0x00, 0x00,
    0x07, 0x68, 0x00, 0x00, 0xC1, 0xEE, 0x00, 0x00, 0x10, 0x10, 0x00, 0x0E, 0x10, 0x00, 0x00, 0x00,
    0x37, 0x68, 0x00, 0x00, 0x41, 0xEF, 0x00, 0x00, 0x10, 0x11, 0x00, 0x0F, 0x10, 0x00, 0x00, 0x00,
    0x39, 0x68, 0x00, 0x00, 0xC9, 0xEF, 0x00, 0x00, 0x10, 0x11, 0x00, 0x0E, 0x10, 0x00, 0x00, 0x00,
    0x3C, 0x68, 0x00, 0x00, 0x51, 0xF0, 0x00, 0x00, 0x10, 0x12, 0x00, 0x0F, 0x10, 0x00, 0x00, 0x00,
    0xC0, 0x68, 0x00, 0x00, 0xE1, 0xF0, 0x00, 0x00, 0x10, 0x11, 0x00, 0x0F, 0x10, 0x00, 0x00, 0x00,
    0x77, 0x69, 0x00, 0x00, 0x69, 0xF1, 0x00, 0x00, 0x10, 0x11, 0x00, 0x0E, 0x10, 0x00, 0x00, 0x00,
    0x21, 0x6A, 0x00, 0x00, 0xF1, 0xF1, 0x00, 0x00, 0x10, 0x11, 0x00, 0x0E, 0x10, 0x00, 0x00, 0x00,
    0x21, 0x6B, 0x00, 0x00, 0x79, 0xF2, 0x00, 0x00, 0x10, 0x11, 0x00, 0x0E, 0x10, 0x00, 0x00, 0x00,
    0x62, 0x6B, 0x00, 0x00, 0x01, 0xF3, 0x00, 0x00, 0x10, 0x0F, 0x00, 0x0E, 0x10, 0x00, 0x00, 0x00,
    0x63, 0x6B, 0x00, 0x00, 0x79, 0xF3, 0x00, 0x00, 0x10, 0x0E, 0x00, 0x0D, 0x10, 0x00, 0x00, 0x00,
    0x64, 0x6B, 0x00, 0x00, 0xE9, 0xF3, 0x00, 0x00, 0x10, 0x11, 0x00, 0x0E, 0x10, 0x00, 0x00, 0x00,
    0x65, 0x6B, 0x00, 0x00, 0x71, 0xF4, 0x00, 0x00, 0x10, 0x11, 0x00, 0x0F, 0x10, 0x00, 0x00, 0x00,
    0xB5, 0x6B, 0x00, 0x00, 0xF9, 0xF4, 0x00, 0x00, 0x10, 0x12, 0x00, 0x0F, 0x10, 0x00, 0x00, 0x00,
    0xCD, 0x6B, 0x00, 0x00, 0x89, 0xF5, 0x00, 0x00, 0x10, 0x10, 0x00, 0x0D, 0x10, 0x00, 0x00, 0x00,
    0xD4, 0x6B, 0x00, 0x00, 0x09, 0xF6, 0x00, 0x00, 0x10, 0x11, 0x00, 0x0E, 0x10, 0x00, 0x00, 0x00,
    0x11, 0x6C, 0x00, 0x00, 0x91, 0xF6, 0x00, 0x00, 0x0F, 0x10, 0x00, 0x0D, 0x10, 0x00, 0x00, 0x00,
    0x14, 0x6C, 0x00, 0x00, 0x11, 0xF7, 0x00, 0x00, 0x10, 0x10, 0x00, 0x0E, 0x10, 0x00, 0x00, 0x00,
    0x34, 0x6C, 0x00, 0x00, 0x91, 0xF7, 0x00, 0x00, 0x10, 0x10, 0x00, 0x0E, 0x10, 0x00, 0x00, 0x00,
    0x42, 0x6C, 0x00, 0x00, 0x11, 0xF8, 0x00, 0x00, 0x10, 0x11, 0x00, 0x0E, 0x10, 0x00, 0x00, 0x00,
    0x49, 0x6C, 0x00, 0x00, 0x99, 0xF8, 0x00, 0x00, 0x10, 0x10, 0x00, 0x0E, 0x10, 0x00, 0x00, 0x00,
    0xA1, 0x6C, 0x00, 0x00, 0x19, 0xF9, 0x00, 0x00, 0x10, 0x10, 0x00, 0x0E, 0x10, 0x00, 0x00, 0x00,
    0xD5, 0x6C, 0x00, 0x00, 0x99, 0xF9, 0x00, 0x00, 0x10, 0x10, 0x00, 0x0E, 0x10, 0x00, 0x00, 0x00,
    0xE2, 0x6C, 0x00, 0x00, 0x19, 0xFA, 0x00, 0x00, 0x10, 0x10, 0x00, 0x0E, 0x10, 0x00, 0x00, 0x00,
    0x3B, 0x6D, 0x00, 0x00, 0x99, 0xFA, 0x00, 0x00, 0x10, 0x10, 0x00, 0x0E, 0x10, 0x00, 0x00, 0x00,
    0x41, 0x6D, 0x00, 0x00, 0x19, 0xFB, 0x00, 0x00, 0x10, 0x11, 0x00, 0x0F, 0x10, 0x00, 0x00, 0x00,
    0x45, 0x6D, 0x00, 0x00, 0xA1, 0xFB, 0x00, 0x00, 0x10, 0x10, 0x00, 0x0E, 0x10, 0x00, 0x00, 0x00,
    0x4B, 0x6D, 0x00, 0x00, 0x21, 0xFC, 0x00, 0x00, 0x10, 0x10, 0x00, 0x0E, 0x10, 0x00, 0x00, 0x00,
    0x4F, 0x6D, 0x00, 0x00, 0xA1, 0xFC, 0x00, 0x00, 0x0F, 0x11, 0x00, 0x0E, 0x10, 0x00, 0x00, 0x00,
    0x88, 0x6D, 0x00, 0x00, 0x29, 0xFD, 0x00, 0x00, 0x10, 0x11, 0x00, 0x0E, 0x10, 0x00, 0x00, 0x00,
    0xF1, 0x6D, 0x00, 0x00, 0xB1, 0xFD, 0x00, 0x00, 0x10, 0x10, 0x00, 0x0E, 0x10, 0x00, 0x00, 0x00,
    0x05, 0x6E, 0x00, 0x00, 0x31, 0xFE, 0x00, 0x00, 0x10, 0x12, 0x00, 0x0F, 0x10, 0x00, 0x00, 0x00,
    0x32, 0x6E, 0x00, 0x00, 0xC1, 0xFE, 0x00, 0x00, 0x10, 0x10, 0x00, 0x0E, 0x10, 0x00, 0x00, 0x00,
    0x90, 0x6E, 0x00, 0x00, 0x41, 0xFF, 0x00, 0x00, 0x10, 0x11, 0x00, 0x0E, 0x10, 0x00, 0x00, 0x00,
    0xB9, 0x70, 0x00, 0x00, 0xC9, 0xFF, 0x00, 0x00, 0x10, 0x11, 0x00, 0x0F, 0x10, 0x00, 0x00, 0x00,
    0xC1, 0x70, 0x00, 0x00, 0x51, 0x00, 0x01, 0x00, 0x10, 0x10, 0x00, 0x0E, 0x10, 0x00, 0x00, 0x00,
    0xED, 0x70, 0x00, 0x00, 0xD1, 0x00, 0x01, 0x00, 0x10, 0x11, 0x00, 0x0E, 0x10, 0x00, 0x00, 0x00,
    0x36, 0x71, 0x00, 0x00, 0x59, 0x01, 0x01, 0x00, 0x10, 0x12, 0x00, 0x0F, 0x10, 0x00, 0x00, 0x00,
    0x67, 0x71, 0x00, 0x00, 0xE9, 0x01, 0x01, 0x00, 0x10, 0x10, 0x00, 0x0D, 0x10, 0x00, 0x00, 0x00,
    0x47, 0x72, 0x00, 0x00, 0x69, 0x02, 0x01, 0x00, 0x0F, 0x11, 0x00, 0x0E, 0x10, 0x00, 0x00, 0x00,
    0x48, 0x72, 0x00, 0x00, 0xF1, 0x02, 0x01, 0x00, 0x10, 0x11, 0x00, 0x0E, 0x10, 0x00, 0x00, 0x00,
    0x69, 0x72, 0x00, 0x00, 0x79, 0x03, 0x01, 0x00, 0x10, 0x10, 0x00, 0x0E, 0x10, 0x00, 0x00, 0x00,
    0x79, 0x72, 0x00, 0x00, 0xF9, 0x03, 0x01, 0x00, 0x10, 0x11, 0x00, 0x0F, 0x10, 0x00, 0x00, 0x00,
    0xB6, 0x72, 0x00, 0x00, 0x81, 0x04, 0x01, 0x00, 0x10, 0x10, 0x00, 0x0E, 0x10, 0x00, 0x00, 0x00,
    0xEC, 0x72, 0x00, 0x00, 0x01, 0x05, 0x01, 0x00, 0x10, 0x10, 0x00, 0x0E, 0x10, 0x00, 0x00, 0x00,
    0x1B, 0x73, 0x00, 0x00, 0x81, 0x05, 0x01, 0x00, 0x10, 0x11, 0x00, 0x0E, 0x10, 0x00, 0x00, 0x00,
    0xB0, 0x73, 0x00, 0x00, 0x09, 0x06, 0x01, 0x00, 0x10, 0x0F, 0x00, 0x0D, 0x10, 0x00, 0x00, 0x00,
    0x06, 0x74, 0x00, 0x00, 0x81, 0x06, 0x01, 0x00, 0x10, 0x0F, 0x00, 0x0D, 0x10, 0x00, 0x00, 0x00,
    0x1F, 0x75, 0x00, 0x00, 0xF9, 0x06, 0x01, 0x00, 0x10, 0x10, 0x00, 0x0E, 0x10, 0x00, 0x00, 0x00,
    0x28, 0x75, 0x00, 0x00, 0x79, 0x07, 0x01, 0x00, 0x0F, 0x10, 0x00, 0x0D, 0x10, 0x00, 0x00, 0x00,
    0x31, 0x75, 0x00, 0x00, 0xF9, 0x07, 0x01, 0x00, 0x0E, 0x10, 0x01, 0x0E, 0x10, 0x00, 0x00, 0x00,
    0x35, 0x75, 0x00, 0x00, 0x69, 0x08, 0x01, 0x00, 0x0F, 0x10, 0x01, 0x0E, 0x10, 0x00, 0x00, 0x00,
    0x3B, 0x75, 0x00, 0x00, 0xE9, 0x08, 0x01, 0x00, 0x0F, 0x0F, 0x01, 0x0D, 0x10, 0x00, 0x00, 0x00,
    0x4C, 0x75, 0x00, 0x00, 0x61, 0x09, 0x01, 0x00, 0x10, 0x11, 0x00, 0x0E, 0x10, 0x00, 0x00, 0x00,
    0x59, 0x75, 0x00, 0x00, 0xE9, 0x09, 0x01, 0x00, 0x0E, 0x12, 0x01, 0x0F, 0x10, 0x00, 0x00, 0x00,
    0x65, 0x75, 0x00, 0x00, 0x67, 0x0A, 0x01, 0x00, 0x0F, 0x12, 0x01, 0x0F, 0x10, 0x00, 0x00, 0x00,
    0x7D, 0x76, 0x00, 0x00, 0xF7, 0x0A, 0x01, 0x00, 0x0E, 0x10, 0x01, 0x0E, 0x10, 0x00, 0x00, 0x00,
    0x7E, 0x76, 0x00, 0x00, 0x67, 0x0B, 0x01, 0x00, 0x10, 0x0F, 0x00, 0x0D, 0x10, 0x00, 0x00, 0x00,
    0x84, 0x76, 0x00, 0x00, 0xDF, 0x0B, 0x01, 0x00, 0x0F, 0x10, 0x01, 0x0E, 0x10, 0x00, 0x00, 0x00,
    0xD6, 0x76, 0x00, 0x00, 0x5F, 0x0C, 0x01, 0x00, 0x10, 0x10, 0x00, 0x0E, 0x10, 0x00, 0x00, 0x00,
    0xEE, 0x76, 0x00, 0x00, 0xDF, 0x0C, 0x01, 0x00, 0x0C, 0x0F, 0x02, 0x0D, 0x10, 0x00, 0x00, 0x00,
    0xF4, 0x76, 0x00, 0x00, 0x39, 0x0D, 0x01, 0x00, 0x10, 0x11, 0x00, 0x0F, 0x10, 0x00, 0x00, 0x00,
    0xF8, 0x76, 0x00, 0x00, 0xC1, 0x0D, 0x01, 0x00, 0x0F, 0x10, 0x00, 0x0E, 0x10, 0x00, 0x00, 0x00,
    0x0B, 0x77, 0x00, 0x00, 0x41, 0x0E, 0x01, 0x00, 0x10, 0x11, 0x00, 0x0E, 0x10, 0x00, 0x00, 0x00,
    0x20, 0x77, 0x00, 0x00, 0xC9, 0x0E, 0x01, 0x00, 0x10, 0x10, 0x00, 0x0D, 0x10, 0x00, 0x00, 0x00,
    0x40, 0x77, 0x00, 0x00, 0x49, 0x0F, 0x01, 0x00, 0x10, 0x11, 0x00, 0x0F, 0x10, 0x00, 0x00, 0x00,
    0xE5, 0x77, 0x00, 0x00, 0xD1, 0x0F, 0x01, 0x00, 0x0F, 0x11, 0x00, 0x0F, 0x10, 0x00, 0x00, 0x00,
    0x01, 0x78, 0x00, 0x00, 0x59, 0x10, 0x01, 0x00, 0x10, 0x11, 0x00, 0x0E, 0x10, 0x00, 0x00, 0x00,
    0x6C, 0x78, 0x00, 0x00, 0xE1, 0x10, 0x01, 0x00, 0x10, 0x10, 0x00, 0x0D, 0x10, 0x00, 0x00, 0x00,
    0x6E, 0x78, 0x00, 0x00, 0x61, 0x11, 0x01, 0x00, 0x0F, 0x10, 0x00, 0x0E, 0x10, 0x00, 0x00, 0x00,
    0x3A, 0x79, 0x00, 0x00, 0xE1, 0x11, 0x01, 0x00, 0x10, 0x0F, 0x00, 0x0D, 0x10, 0x00, 0x00, 0x00,
    0x3E, 0x79, 0x00, 0x00, 0x59, 0x12, 0x01, 0x00, 0x10, 0x11, 0x00, 0x0F, 0x10, 0x00, 0x00, 0x00,
    0xCD, 0x79, 0x00, 0x00, 0xE1, 0x12, 0x01, 0x00, 0x10, 0x11, 0x00, 0x0E, 0x10, 0x00, 0x00, 0x00,
    0xFB, 0x79, 0x00, 0x00, 0x69, 0x13, 0x01, 0x00, 0x10, 0x12, 0x00, 0x0F, 0x10, 0x00, 0x00, 0x00,
    0x0B, 0x7A, 0x00, 0x00, 0xF9, 0x13, 0x01, 0x00, 0x10, 0x11, 0x00, 0x0E, 0x10, 0x00, 0x00, 0x00,
    0x7A, 0x7A, 0x00, 0x00, 0x81, 0x14, 0x01, 0x00, 0x10, 0x10, 0x00, 0x0F, 0x10, 0x00, 0x00, 0x00,
    0x81, 0x7A, 0x00, 0x00, 0x01, 0x15, 0x01, 0x00, 0x10, 0x11, 0x00, 0x0F, 0x10, 0x00, 0x00, 0x00,
    0x84, 0x7A, 0x00, 0x00, 0x89, 0x15, 0x01, 0x00, 0x10, 0x11, 0x00, 0x0F, 0x10, 0x00, 0x00, 0x00,
    0xCB, 0x7A, 0x00, 0x00, 0x11, 0x16, 0x01, 0x00, 0x10, 0x10, 0x00, 0x0F, 0x10, 0x00, 0x00, 0x00,
    0xDF, 0x7A, 0x00, 0x00, 0x91, 0x16, 0x01, 0x00, 0x10, 0x10, 0x00, 0x0E, 0x10, 0x00, 0x00, 0x00,
    0xE0, 0x7A, 0x00, 0x00, 0x11, 0x17, 0x01, 0x00, 0x10, 0x11, 0x00, 0x0F, 0x10, 0x00, 0x00, 0x00,
    0xEF, 0x7A, 0x00, 0x00, 0x99, 0x17, 0x01, 0x00, 0x10, 0x11, 0x00, 0x0E, 0x10, 0x00, 0x00, 0x00,
    0x26, 0x7B, 0x00, 0x00, 0x21, 0x18, 0x01, 0x00, 0x10, 0x11, 0x00, 0x0F, 0x10, 0x00, 0x00, 0x00,
    0x2C, 0x7B, 0x00, 0x00, 0xA9, 0x18, 0x01, 0x00, 0x10, 0x11, 0x00, 0x0F, 0x10, 0x00, 0x00, 0x00,
    0x49, 0x7B, 0x00, 0x00, 0x31, 0x19, 0x01, 0x00, 0x10, 0x11, 0x00, 0x0F, 0x10, 0x00, 0x00, 0x00,
    0x56, 0x7B, 0x00, 0x00, 0xB9, 0x19, 0x01, 0x00, 0x10, 0x11, 0x00, 0x0F, 0x10, 0x00, 0x00, 0x00,
    0x7E, 0x7B, 0x00, 0x00, 0x41, 0x1A, 0x01, 0x00, 0x10, 0x11, 0x00, 0x0F, 0x10, 0x00, 0x00, 0x00,
    0x80, 0x7B, 0x00, 0x00, 0xC9, 0x1A, 0x01, 0x00, 0x10, 0x11, 0x00, 0x0F, 0x10, 0x00, 0x00, 0x00,
    0xA1, 0x7B, 0x00, 0x00, 0x51, 0x1B, 0x01, 0x00, 0x10, 0x11, 0x00, 0x0F, 0x10, 0x00, 0x00, 0x00,
    0x4D, 0x7C, 0x00, 0x00, 0xD9, 0x1B, 0x01, 0x00, 0x10, 0x12, 0x00, 0x0F, 0x10, 0x00, 0x00, 0x00,
    0x7B, 0x7C, 0x00, 0x00, 0x69, 0x1C, 0x01, 0x00, 0x10, 0x10, 0x00, 0x0E, 0x10, 0x00, 0x00, 0x00,
    0xFB, 0x7C, 0x00, 0x00, 0xE9, 0x1C, 0x01, 0x00, 0x10, 0x11, 0x00, 0x0F, 0x10, 0x00, 0x00, 0x00,
    0x22, 0x7D, 0x00, 0x00, 0x71, 0x1D, 0x01, 0x00, 0x10, 0x10, 0x00, 0x0E, 0x10, 0x00, 0x00, 0x00,
    0x27, 0x7D, 0x00, 0x00, 0xF1, 0x1D, 0x01, 0x00, 0x10, 0x10, 0x00, 0x0E, 0x10, 0x00, 0x00, 0x00,
    0xA7, 0x7E, 0x00, 0x00, 0x71, 0x1E, 0x01, 0x00, 0x10, 0x12, 0x00, 0x0F, 0x10, 0x00, 0x00, 0x00,
    0xBF, 0x7E, 0x00, 0x00, 0x01, 0x1F, 0x01, 0x00, 0x10, 0x11, 0x00, 0x0F, 0x10, 0x00, 0x00, 0x00,
    0xC4, 0x7E, 0x00, 0x00, 0x89, 0x1F, 0x01, 0x00, 0x10, 0x10, 0x00, 0x0E, 0x10, 0x00, 0x00, 0x00,
    0xC8, 0x7E, 0x00, 0x00, 0x09, 0x20, 0x01, 0x00, 0x10, 0x10, 0x00, 0x0E, 0x10, 0x00, 0x00, 0x00,
    0xCF, 0x7E, 0x00, 0x00, 0x89, 0x20, 0x01, 0x00, 0x10, 0x10, 0x00, 0x0E, 0x10, 0x00, 0x00, 0x00,
    0xD3, 0x7E, 0x00, 0x00, 0x09, 0x21, 0x01, 0x00, 0x10, 0x10, 0x00, 0x0E, 0x10, 0x00, 0x00, 0x00,
    0xD9, 0x7E, 0x00, 0x00, 0x89, 0x21, 0x01, 0x00, 0x10, 0x11, 0x00, 0x0F, 0x10, 0x00, 0x00, 0x00,
    0xDC, 0x7E, 0x00, 0x00, 0x11, 0x22, 0x01, 0x00, 0x10, 0x11, 0x00, 0x0F, 0x10, 0x00, 0x00, 0x00,
    0xDF, 0x7E, 0x00, 0x00, 0x99, 0x22, 0x01, 0x00, 0x10, 0x12, 0x00, 0x0F, 0x10, 0x00, 0x00, 0x00,
    0xE7, 0x7E, 0x00, 0x00, 0x29, 0x23, 0x01, 0x00, 0x10, 0x10, 0x00, 0x0F, 0x10, 0x00, 0x00, 0x00,
    0xEA, 0x7E, 0x00, 0x00, 0xA9, 0x23, 0x01, 0x00, 0x10, 0x10, 0x00, 0x0E, 0x10, 0x00, 0x00, 0x00,
    0xED, 0x7E, 0x00, 0x00, 0x29, 0x24, 0x01, 0x00, 0x10, 0x11, 0x00, 0x0E, 0x10, 0x00, 0x00, 0x00,
    0xF4, 0x7E, 0x00, 0x00, 0xB1, 0x24, 0x01, 0x00, 0x10, 0x11, 0x00, 0x0F, 0x10, 0x00, 0x00, 0x00,
    0x13, 0x7F, 0x00, 0x00, 0x39, 0x25, 0x01, 0x00, 0x10, 0x12, 0x00, 0x0F, 0x10, 0x00, 0x00, 0x00,
    0x29, 0x7F, 0x00, 0x00, 0xC9, 0x25, 0x01, 0x00, 0x10, 0x11, 0x00, 0x0F, 0x10, 0x00, 0x00, 0x00,
    0x51, 0x7F, 0x00, 0x00, 0x51, 0x26, 0x01, 0x00, 0x0E, 0x0F, 0x01, 0x0D, 0x10, 0x00, 0x00, 0x00,
    0x6E, 0x7F, 0x00, 0x00, 0xBA, 0x26, 0x01, 0x00, 0x10, 0x10, 0x00, 0x0E, 0x10, 0x00, 0x00, 0x00,
    0xFB, 0x7F, 0x00, 0x00, 0x3A, 0x27, 0x01, 0x00, 0x10, 0x10, 0x00, 0x0E, 0x10, 0x00, 0x00, 0x00,
    0x01, 0x80, 0x00, 0x00, 0xBA, 0x27, 0x01, 0x00, 0x10, 0x10, 0x00, 0x0E, 0x10, 0x00, 0x00, 0x00,
    0x05, 0x80, 0x00, 0x00, 0x3A, 0x28, 0x01, 0x00, 0x10, 0x11, 0x00, 0x0E, 0x10, 0x00, 0x00, 0x00,
    0x0C, 0x80, 0x00, 0x00, 0xC2, 0x28, 0x01, 0x00, 0x10, 0x10, 0x00, 0x0D, 0x10, 0x00, 0x00, 0x00,
    0x54, 0x80, 0x00, 0x00, 0x42, 0x29, 0x01, 0x00, 0x10, 0x11, 0x00, 0x0E, 0x10, 0x00, 0x00, 0x00,
    0xFD, 0x80, 0x00, 0x00, 0xCA, 0x29, 0x01, 0x00, 0x10, 0x11, 0x00, 0x0F, 0x10, 0x00, 0x00, 0x00,
    0x09, 0x81, 0x00, 0x00, 0x52, 0x2A, 0x01, 0x00, 0x10, 0x12, 0x00, 0x0F, 0x10, 0x00, 0x00, 0x00,
    0xEA, 0x81, 0x00, 0x00, 0xE2, 0x2A, 0x01, 0x00, 0x0C, 0x11, 0x02, 0x0F, 0x10, 0x00, 0x00, 0x00,
    0x72, 0x82, 0x00, 0x00, 0x48, 0x2B, 0x01, 0x00, 0x10, 0x11, 0x00, 0x0F, 0x10, 0x00, 0x00, 0x00,
    0x82, 0x82, 0x00, 0x00, 0xD0, 0x2B, 0x01, 0x00, 0x10, 0x10, 0x00, 0x0E, 0x10, 0x00, 0x00, 0x00,
    0xF1, 0x82, 0x00, 0x00, 0x50, 0x2C, 0x01, 0x00, 0x10, 0x10, 0x00, 0x0E, 0x10, 0x00, 0x00, 0x00,
    0xDC, 0x83, 0x00, 0x00, 0xD0, 0x2C, 0x01, 0x00, 0x10, 0x10, 0x00, 0x0E, 0x10, 0x00, 0x00, 0x00,
    0xCF, 0x85, 0x00, 0x00, 0x50, 0x2D, 0x01, 0x00, 0x10, 0x11, 0x00, 0x0E, 0x10, 0x00, 0x00, 0x00,
    0x7D, 0x86, 0x00, 0x00, 0xD8, 0x2D, 0x01, 0x00, 0x10, 0x10, 0x00, 0x0E, 0x10, 0x00, 0x00, 0x00,
    0x4C, 0x88, 0x00, 0x00, 0x58, 0x2E, 0x01, 0x00, 0x10, 0x10, 0x00, 0x0E, 0x10, 0x00, 0x00, 0x00,
    0x68, 0x88, 0x00, 0x00, 0xD8, 0x2E, 0x01, 0x00, 0x10, 0x10, 0x00, 0x0E, 0x10, 0x00, 0x00, 0x00,
    0xAB, 0x88, 0x00, 0x00, 0x58, 0x2F, 0x01, 0x00, 0x10, 0x10, 0x00, 0x0E, 0x10, 0x00, 0x00, 0x00,
    0x7F, 0x89, 0x00, 0x00, 0xD8, 0x2F, 0x01, 0x00, 0x10, 0x0F, 0x00, 0x0D, 0x10, 0x00, 0x00, 0x00,
    0x81, 0x89, 0x00, 0x00, 0x50, 0x30, 0x01, 0x00, 0x10, 0x0F, 0x00, 0x0D, 0x10, 0x00, 0x00, 0x00,
    0x86, 0x89, 0x00, 0x00, 0xC8, 0x30, 0x01, 0x00, 0x10, 0x10, 0x00, 0x0E, 0x10, 0x00, 0x00, 0x00,
    0xC1, 0x89, 0x00, 0x00, 0x48, 0x31, 0x01, 0x00, 0x10, 0x10, 0x00, 0x0D, 0x10, 0x00, 0x00, 0x00,
    0xC8, 0x89, 0x00, 0x00, 0xC8, 0x31, 0x01, 0x00, 0x10, 0x11, 0x00, 0x0F, 0x10, 0x00, 0x00, 0x00,
    0xD2, 0x89, 0x00, 0x00, 0x50, 0x32, 0x01, 0x00, 0x0F, 0x12, 0x00, 0x0F, 0x10, 0x00, 0x00, 0x00,
    0xE3, 0x89, 0x00, 0x00, 0xE0, 0x32, 0x01, 0x00, 0x10, 0x11, 0x00, 0x0E, 0x10, 0x00, 0x00, 0x00,
    0xE6, 0x89, 0x00, 0x00, 0x68, 0x33, 0x01, 0x00, 0x10, 0x10, 0x00, 0x0E, 0x10, 0x00, 0x00, 0x00,
    0xA1, 0x8B, 0x00, 0x00, 0xE8, 0x33, 0x01, 0x00, 0x10, 0x10, 0x00, 0x0E, 0x10, 0x00, 0x00, 0x00,
    0xA4, 0x8B, 0x00, 0x00, 0x68, 0x34, 0x01, 0x00, 0x10, 0x10, 0x00, 0x0E, 0x10, 0x00, 0x00, 0x00,
    0xA9, 0x8B, 0x00, 0x00, 0xE8, 0x34, 0x01, 0x00, 0x10, 0x10, 0x00, 0x0E, 0x10, 0x00, 0x00, 0x00,
    0xB0, 0x8B, 0x00, 0x00, 0x68, 0x35, 0x01, 0x00, 0x10, 0x10, 0x00, 0x0E, 0x10, 0x00, 0x00, 0x00,
    0xBA, 0x8B, 0x00, 0x00, 0xE8, 0x35, 0x01, 0x00, 0x10, 0x12, 0x00, 0x0F, 0x10, 0x00, 0x00, 0x00,
    0xBE, 0x8B, 0x00, 0x00, 0x78, 0x36, 0x01, 0x00, 0x10, 0x10, 0x00, 0x0E, 0x10, 0x00, 0x00, 0x00,
    0xBF, 0x8B, 0x00, 0x00, 0xF8, 0x36, 0x01, 0x00, 0x10, 0x11, 0x00, 0x0F, 0x10, 0x00, 0x00, 0x00,
    0xC6, 0x8B, 0x00, 0x00, 0x80, 0x37, 0x01, 0x00, 0x10, 0x10, 0x00, 0x0E, 0x10, 0x00, 0x00, 0x00,
    0xC9, 0x8B, 0x00, 0x00, 0x00, 0x38, 0x01, 0x00, 0x10, 0x10, 0x00, 0x0E, 0x10, 0x00, 0x00, 0x00,
    0xCA, 0x8B, 0x00, 0x00, 0x80, 0x38, 0x01, 0x00, 0x11, 0x11, 0x00, 0x0F, 0x10, 0x00, 0x00, 0x00,
    0xD5, 0x8B, 0x00, 0x00, 0x19, 0x39, 0x01, 0x00, 0x10, 0x10, 0x00, 0x0E, 0x10, 0x00, 0x00, 0x00,
    0xED, 0x8B, 0x00, 0x00, 0x99, 0x39, 0x01, 0x00, 0x10, 0x11, 0x00, 0x0E, 0x10, 0x00, 0x00, 0x00,
    0xEF, 0x8B, 0x00, 0x00, 0x21, 0x3A, 0x01, 0x00, 0x10, 0x11, 0x00, 0x0E, 0x10, 0x00, 0x00, 0x00,
    0xF4, 0x8B, 0x00, 0x00, 0xA9, 0x3A, 0x01, 0x00, 0x10, 0x10, 0x00, 0x0E, 0x10, 0x00, 0x00, 0x00,
    0xF7, 0x8B, 0x00, 0x00, 0x29, 0x3B, 0x01, 0x00, 0x10, 0x12, 0x00, 0x0F, 0x10, 0x00, 0x00, 0x00,
    0xFB, 0x8B, 0x00, 0x00, 0xB9, 0x3B, 0x01, 0x00, 0x10, 0x11, 0x00, 0x0E, 0x10, 0x00, 0x00, 0x00,
    0x03, 0x8C, 0x00, 0x00, 0x41, 0x3C, 0x01, 0x00, 0x0F, 0x11, 0x00, 0x0E, 0x10, 0x00, 0x00, 0x00,
    0x61, 0x8C, 0x00, 0x00, 0xC9, 0x3C, 0x01, 0x00, 0x10, 0x11, 0x00, 0x0F, 0x10, 0x00, 0x00, 0x00,
    0x25, 0x8D, 0x00, 0x00, 0x51, 0x3D, 0x01, 0x00, 0x10, 0x10, 0x00, 0x0E, 0x10, 0x00, 0x00, 0x00,
    0x28, 0x8D, 0x00, 0x00, 0xD1, 0x3D, 0x01, 0x00, 0x10, 0x11, 0x00, 0x0F, 0x10, 0x00, 0x00, 0x00,
    0x44, 0x8D, 0x00, 0x00, 0x59, 0x3E, 0x01, 0x00, 0x10, 0x11, 0x00, 0x0E, 0x10, 0x00, 0x00, 0x00,
    0x56, 0x8D, 0x00, 0x00, 0xE1, 0x3E, 0x01, 0x00, 0x10, 0x11, 0x00, 0x0E, 0x10, 0x00, 0x00, 0x00,
    0x77, 0x8D, 0x00, 0x00, 0x69, 0x3F, 0x01, 0x00, 0x10, 0x11, 0x00, 0x0E, 0x10, 0x00, 0x00, 0x00,
    0x85, 0x8D, 0x00, 0x00, 0xF1, 0x3F, 0x01, 0x00, 0x10, 0x11, 0x00, 0x0E, 0x10, 0x00, 0x00, 0x00,
    0xB3, 0x8D, 0x00, 0x00, 0x79, 0x40, 0x01, 0x00, 0x10, 0x0F, 0x00, 0x0D, 0x10, 0x00, 0x00, 0x00,
    0xDD, 0x8D, 0x00, 0x00, 0xF1, 0x40, 0x01, 0x00, 0x10, 0x0F, 0x00, 0x0D, 0x10, 0x00, 0x00, 0x00,
    0xDF, 0x8D, 0x00, 0x00, 0x69, 0x41, 0x01, 0x00, 0x10, 0x10, 0x00, 0x0D, 0x10, 0x00, 0x00, 0x00,
    0xEF, 0x8D, 0x00, 0x00, 0xE9, 0x41, 0x01, 0x00, 0x10, 0x11, 0x00, 0x0F, 0x10, 0x00, 0x00, 0x00,
    0xF3, 0x8D, 0x00, 0x00, 0x71, 0x42, 0x01, 0x00, 0x10, 0x10, 0x00, 0x0E, 0x10, 0x00, 0x00, 0x00,
    0x6C, 0x8F, 0x00, 0x00, 0xF1, 0x42, 0x01, 0x00, 0x10, 0x11, 0x00, 0x0E, 0x10, 0x00, 0x00, 0x00,
    0x7D, 0x8F, 0x00, 0x00, 0x79, 0x43, 0x01, 0x00, 0x10, 0x12, 0x00, 0x0F, 0x10, 0x00, 0x00, 0x00,
    0x83, 0x8F, 0x00, 0x00, 0x09, 0x44, 0x01, 0x00, 0x10, 0x12, 0x00, 0x0F, 0x10, 0x00, 0x00, 0x00,
    0x93, 0x8F, 0x00, 0x00, 0x99, 0x44, 0x01, 0x00, 0x10, 0x11, 0x00, 0x0F, 0x10, 0x00, 0x00, 0x00,
    0xB9, 0x8F, 0x00, 0x00, 0x21, 0x45, 0x01, 0x00, 0x10, 0x11, 0x00, 0x0E, 0x10, 0x00, 0x00, 0x00,
    0xC7, 0x8F, 0x00, 0x00, 0xA9, 0x45, 0x01, 0x00, 0x10, 0x11, 0x00, 0x0E, 0x10, 0x00, 0x00, 0x00,
    0xD0, 0x8F, 0x00, 0x00, 0x31, 0x46, 0x01, 0x00, 0x10, 0x11, 0x00, 0x0E, 0x10, 0x00, 0x00, 0x00,
    0xD1, 0x8F, 0x00, 0x00, 0xB9, 0x46, 0x01, 0x00, 0x10, 0x11, 0x00, 0x0E, 0x10, 0x00, 0x00, 0x00,
    0xD4, 0x8F, 0x00, 0x00, 0x41, 0x47, 0x01, 0x00, 0x10, 0x11, 0x00, 0x0E, 0x10, 0x00, 0x00, 0x00,
    0xD8, 0x8F, 0x00, 0x00, 0xC9, 0x47, 0x01, 0x00, 0x10, 0x11, 0x00, 0x0E, 0x10, 0x00, 0x00, 0x00,
    0xD9, 0x8F, 0x00, 0x00, 0x51, 0x48, 0x01, 0x00, 0x10, 0x12, 0x00, 0x0F, 0x10, 0x00, 0x00, 0x00,
    0xDB, 0x8F, 0x00, 0x00, 0xE1, 0x48, 0x01, 0x00, 0x10, 0x11, 0x00, 0x0E, 0x10, 0x00, 0x00, 0x00,
    0xDC, 0x8F, 0x00, 0x00, 0x69, 0x49, 0x01, 0x00, 0x10, 0x11, 0x00, 0x0E, 0x10, 0x00, 0x00, 0x00,
    0xDE, 0x8F, 0x00, 0x00, 0xF1, 0x49, 0x01, 0x00, 0x10, 0x11, 0x00, 0x0E, 0x10, 0x00, 0x00, 0x00,
    0x09, 0x90, 0x00, 0x00, 0x79, 0x4A, 0x01, 0x00, 0x10, 0x11, 0x00, 0x0E, 0x10, 0x00, 0x00, 0x00,
    0x10, 0x90, 0x00, 0x00, 0x01, 0x4B, 0x01, 0x00, 0x10, 0x10, 0x00, 0x0E, 0x10, 0x00, 0x00, 0x00,
    0x1A, 0x90, 0x00, 0x00, 0x81, 0x4B, 0x01, 0x00, 0x10, 0x10, 0x00, 0x0E, 0x10, 0x00, 0x00, 0x00,
    0x1F, 0x90, 0x00, 0x00, 0x01, 0x4C, 0x01, 0x00, 0x10, 0x10, 0x00, 0x0E, 0x10, 0x00, 0x00, 0x00,
    0x53, 0x90, 0x00, 0x00, 0x81, 0x4C, 0x01, 0x00, 0x10, 0x11, 0x00, 0x0F, 0x10, 0x00, 0x00, 0x00,
    0xA3, 0x90, 0x00, 0x00, 0x09, 0x4D, 0x01, 0x00, 0x10, 0x11, 0x00, 0x0E, 0x10, 0x00, 0x00, 0x00,
    0xE8, 0x90, 0x00, 0x00, 0x91, 0x4D, 0x01, 0x00, 0x10, 0x11, 0x00, 0x0F, 0x10, 0x00, 0x00, 0x00,
    0xFD, 0x90, 0x00, 0x00, 0x19, 0x4E, 0x01, 0x00, 0x10, 0x10, 0x00, 0x0E, 0x10, 0x00, 0x00, 0x00,
    0x4D, 0x91, 0x00, 0x00, 0x99, 0x4E, 0x01, 0x00, 0x10, 0x0F, 0x00, 0x0D, 0x10, 0x00, 0x00, 0x00,
    0x92, 0x91, 0x00, 0x00, 0x11, 0x4F, 0x01, 0x00, 0x10, 0x10, 0x00, 0x0E, 0x10, 0x00, 0x00, 0x00,
    0xCC, 0x91, 0x00, 0x00, 0x91, 0x4F, 0x01, 0x00, 0x10, 0x0F, 0x00, 0x0D, 0x10, 0x00, 0x00, 0x00,
    0xCD, 0x91, 0x00, 0x00, 0x09, 0x50, 0x01, 0x00, 0x10, 0x10, 0x00, 0x0E, 0x10, 0x00, 0x00, 0x00,
    0xCF, 0x91, 0x00, 0x00, 0x89, 0x50, 0x01, 0x00, 0x10, 0x10, 0x00, 0x0E, 0x10, 0x00, 0x00, 0x00,
    0x9F, 0x94, 0x00, 0x00, 0x09, 0x51, 0x01, 0x00, 0x10, 0x11, 0x00, 0x0E, 0x10, 0x00, 0x00, 0x00,
    0x01, 0x95, 0x00, 0x00, 0x91, 0x51, 0x01, 0x00, 0x10, 0x12, 0x00, 0x0F, 0x10, 0x00, 0x00, 0x00,
    0x19, 0x95, 0x00, 0x00, 0x21, 0x52, 0x01, 0x00, 0x10, 0x11, 0x00, 0x0E, 0x10, 0x00, 0x00, 0x00,
    0x2E, 0x95, 0x00, 0x00, 0xA9, 0x52, 0x01, 0x00, 0x10, 0x11, 0x00, 0x0E, 0x10, 0x00, 0x00, 0x00,
    0x2F, 0x95, 0x00, 0x00, 0x31, 0x53, 0x01, 0x00, 0x10, 0x12, 0x00, 0x0F, 0x10, 0x00, 0x00, 0x00,
    0x7F, 0x95, 0x00, 0x00, 0xC1, 0x53, 0x01, 0x00, 0x10, 0x10, 0x00, 0x0E, 0x10, 0x00, 0x00, 0x00,
    0xEA, 0x95, 0x00, 0x00, 0x41, 0x54, 0x01, 0x00, 0x0E, 0x10, 0x01, 0x0E, 0x10, 0x00, 0x00, 0x00,
    0xED, 0x95, 0x00, 0x00, 0xB1, 0x54, 0x01, 0x00, 0x0E, 0x11, 0x01, 0x0E, 0x10, 0x00, 0x00, 0x00,
    0xEE, 0x95, 0x00, 0x00, 0x28, 0x55, 0x01, 0x00, 0x0E, 0x10, 0x01, 0x0E, 0x10, 0x00, 0x00, 0x00,
    0xF4, 0x95, 0x00, 0x00, 0x98, 0x55, 0x01, 0x00, 0x0E, 0x10, 0x01, 0x0E, 0x10, 0x00, 0x00, 0x00,
    0x05, 0x96, 0x00, 0x00, 0x08, 0x56, 0x01, 0x00, 0x0E, 0x11, 0x01, 0x0E, 0x10, 0x00, 0x00, 0x00,
    0x61, 0x96, 0x00, 0x00, 0x7F, 0x56, 0x01, 0x00, 0x0F, 0x11, 0x01, 0x0E, 0x10, 0x00, 0x00, 0x00,
    0x64, 0x96, 0x00, 0x00, 0x07, 0x57, 0x01, 0x00, 0x0F, 0x11, 0x01, 0x0F, 0x10, 0x00, 0x00, 0x00,
    0x90, 0x96, 0x00, 0x00, 0x8F, 0x57, 0x01, 0x00, 0x0F, 0x10, 0x01, 0x0E, 0x10, 0x00, 0x00, 0x00,
    0xC6, 0x96, 0x00, 0x00, 0x0F, 0x58, 0x01, 0x00, 0x10, 0x11, 0x00, 0x0F, 0x10, 0x00, 0x00, 0x00,
    0x00, 0x97, 0x00, 0x00, 0x97, 0x58, 0x01, 0x00, 0x10, 0x11, 0x00, 0x0E, 0x10, 0x00, 0x00, 0x00,
    0x59, 0x97, 0x00, 0x00, 0x1F, 0x59, 0x01, 0x00, 0x10, 0x11, 0x00, 0x0E, 0x10, 0x00, 0x00, 0x00,
    0x62, 0x97, 0x00, 0x00, 0xA7, 0x59, 0x01, 0x00, 0x10, 0x0F, 0x00, 0x0D, 0x10, 0x00, 0x00, 0x00,
    0x69, 0x97, 0x00, 0x00, 0x1F, 0x5A, 0x01, 0x00, 0x10, 0x11, 0x00, 0x0E, 0x10, 0x00, 0x00, 0x00,
    0x75, 0x98, 0x00, 0x00, 0xA7, 0x5A, 0x01, 0x00, 0x10, 0x10, 0x00, 0x0D, 0x10, 0x00, 0x00, 0x00,
    0x76, 0x98, 0x00, 0x00, 0x27, 0x5B, 0x01, 0x00, 0x10, 0x10, 0x00, 0x0D, 0x10, 0x00, 0x00, 0x00,
    0x79, 0x98, 0x00, 0x00, 0xA7, 0x5B, 0x01, 0x00, 0x10, 0x10, 0x00, 0x0D, 0x10, 0x00, 0x00, 0x00,
    0x7F, 0x98, 0x00, 0x00, 0x27, 0x5C, 0x01, 0x00, 0x10, 0x11, 0x00, 0x0E, 0x10, 0x00, 0x00, 0x00,
    0x98, 0x98, 0x00, 0x00, 0xAF, 0x5C, 0x01, 0x00, 0x10, 0x10, 0x00, 0x0E, 0x10, 0x00, 0x00, 0x00,
    0x88, 0x99, 0x00, 0x00, 0x2F, 0x5D, 0x01, 0x00, 0x10, 0x11, 0x00, 0x0E, 0x10, 0x00, 0x00, 0x00,
    0x96, 0x99, 0x00, 0x00, 0xB7, 0x5D, 0x01, 0x00, 0x10, 0x11, 0x00, 0x0F, 0x10, 0x00, 0x00, 0x00,
    0x6C, 0x9A, 0x00, 0x00, 0x3F, 0x5E, 0x01, 0x00, 0x0F, 0x11, 0x00, 0x0E, 0x10, 0x00, 0x00, 0x00,
    0xA4, 0x9A, 0x00, 0x00, 0xC7, 0x5E, 0x01, 0x00, 0x10, 0x11, 0x00, 0x0E, 0x10, 0x00, 0x00, 0x00,
    0xD8, 0x9A, 0x00, 0x00, 0x4F, 0x5F, 0x01, 0x00, 0x10, 0x12, 0x00, 0x0F, 0x10, 0x00, 0x00, 0x00,
    0xD1, 0x9E, 0x00, 0x00, 0xDF, 0x5F, 0x01, 0x00, 0x10, 0x11, 0x00, 0x0E, 0x10, 0x00, 0x00, 0x00,
    0xD8, 0x9E, 0x00, 0x00, 0x67, 0x60, 0x01, 0x00, 0x10, 0x10, 0x00, 0x0E, 0x10, 0x00, 0x00, 0x00,
    0x50, 0x9F, 0x00, 0x00, 0xE7, 0x60, 0x01, 0x00, 0x10, 0x11, 0x00, 0x0F, 0x10, 0x00, 0x00, 0x00,
    0x7F, 0x9F, 0x00, 0x00, 0x6F, 0x61, 0x01, 0x00, 0x10, 0x10, 0x00, 0x0E, 0x10, 0x00, 0x00, 0x00,
    0x01, 0xFF, 0x00, 0x00, 0xEF, 0x61, 0x01, 0x00, 0x04, 0x0E, 0x02, 0x0D, 0x10, 0x00, 0x00, 0x00,
    0x02, 0xFF, 0x00, 0x00, 0x0B, 0x62, 0x01, 0x00, 0x08, 0x06, 0x04, 0x0E, 0x10, 0x00, 0x00, 0x00,
    0x03, 0xFF, 0x00, 0x00, 0x23, 0x62, 0x01, 0x00, 0x0C, 0x0E, 0x02, 0x0D, 0x10, 0x00, 0x00, 0x00,
    0x04, 0xFF, 0x00, 0x00, 0x77, 0x62, 0x01, 0x00, 0x0A, 0x11, 0x03, 0x0E, 0x10, 0x00, 0x00, 0x00,
    0x05, 0xFF, 0x00, 0x00, 0xCC, 0x62, 0x01, 0x00, 0x10, 0x0E, 0x00, 0x0D, 0x10, 0x00, 0x00, 0x00,
    0x06, 0xFF, 0x00, 0x00, 0x3C, 0x63, 0x01, 0x00, 0x0C, 0x0E, 0x02, 0x0D, 0x10, 0x00, 0x00, 0x00,
    0x07, 0xFF, 0x00, 0x00, 0x90, 0x63, 0x01, 0x00, 0x04, 0x06, 0x06, 0x0E, 0x10, 0x00, 0x00, 0x00,
    0x08, 0xFF, 0x00, 0x00, 0x9C, 0x63, 0x01, 0x00, 0x06, 0x10, 0x0A, 0x0E, 0x10, 0x00, 0x00, 0x00,
    0x09, 0xFF, 0x00, 0x00, 0xCC, 0x63, 0x01, 0x00, 0x06, 0x10, 0x00, 0x0E, 0x10, 0x00, 0x00, 0x00,
    0x0A, 0xFF, 0x00, 0x00, 0xFC, 0x63, 0x01, 0x00, 0x0C, 0x0D, 0x02, 0x0D, 0x10, 0x00, 0x00, 0x00,
    0x0B, 0xFF, 0x00, 0x00, 0x4A, 0x64, 0x01, 0x00, 0x0C, 0x0D, 0x02, 0x0C, 0x10, 0x00, 0x00, 0x00,
    0x0C, 0xFF, 0x00, 0x00, 0x98, 0x64, 0x01, 0x00, 0x05, 0x07, 0x02, 0x04, 0x10, 0x00, 0x00, 0x00,
    0x0D, 0xFF, 0x00, 0x00, 0xAD, 0x64, 0x01, 0x00, 0x0C, 0x02, 0x02, 0x07, 0x10, 0x00, 0x00, 0x00,
    0x0E, 0xFF, 0x00, 0x00, 0xB9, 0x64, 0x01, 0x00, 0x05, 0x04, 0x02, 0x04, 0x10, 0x00, 0x00, 0x00,
    0x0F, 0xFF, 0x00, 0x00, 0xC5, 0x64, 0x01, 0x00, 0x10, 0x10, 0x00, 0x0E, 0x10, 0x00, 0x00, 0x00,
    0x10, 0xFF, 0x00, 0x00, 0x45, 0x65, 0x01, 0x00, 0x0A, 0x0C, 0x03, 0x0C, 0x10, 0x00, 0x00, 0x00,
    0x11, 0xFF, 0x00, 0x00, 0x81, 0x65, 0x01, 0x00, 0x0A, 0x0C, 0x03, 0x0C, 0x10, 0x00, 0x00, 0x00,
    0x12, 0xFF, 0x00, 0x00, 0xBD, 0x65, 0x01, 0x00, 0x0A, 0x0C, 0x03, 0x0C, 0x10, 0x00, 0x00, 0x00,
    0x13, 0xFF, 0x00, 0x00, 0xF9, 0x65, 0x01, 0x00, 0x0A, 0x0C, 0x03, 0x0C, 0x10, 0x00, 0x00, 0x00,
    0x14, 0xFF, 0x00, 0x00, 0x35, 0x66, 0x01, 0x00, 0x0A, 0x0C, 0x03, 0x0C, 0x10, 0x00, 0x00, 0x00,
    0x15, 0xFF, 0x00, 0x00, 0x71, 0x66, 0x01, 0x00, 0x0A, 0x0C, 0x03, 0x0C, 0x10, 0x00, 0x00, 0x00,
    0x16, 0xFF, 0x00, 0x00, 0xAD, 0x66, 0x01, 0x00, 0x0A, 0x0C, 0x03, 0x0C, 0x10, 0x00, 0x00, 0x00,
    0x17, 0xFF, 0x00, 0x00, 0xE9, 0x66, 0x01, 0x00, 0x0A, 0x0C, 0x03, 0x0C, 0x10, 0x00, 0x00, 0x00,
    0x18, 0xFF, 0x00, 0x00, 0x25, 0x67, 0x01, 0x00, 0x0A, 0x0C, 0x03, 0x0C, 0x10, 0x00, 0x00, 0x00,
    0x19, 0xFF, 0x00, 0x00, 0x61, 0x67, 0x01, 0x00, 0x0A, 0x0C, 0x03, 0x0C, 0x10, 0x00, 0x00, 0x00,
    0x1A, 0xFF, 0x00, 0x00, 0x9D, 0x67, 0x01, 0x00, 0x04, 0x0C, 0x02, 0x0B, 0x10, 0x00, 0x00, 0x00,
    0x1B, 0xFF, 0x00, 0x00, 0xB5, 0x67, 0x01, 0x00, 0x04, 0x0F, 0x02, 0x0B, 0x10, 0x00, 0x00, 0x00,
    0x1C, 0xFF, 0x00, 0x00, 0xD3, 0x67, 0x01, 0x00, 0x0E, 0x0D, 0x01, 0x0C, 0x10, 0x00, 0x00, 0x00,
    0x1D, 0xFF, 0x00, 0x00, 0x2E, 0x68, 0x01, 0x00, 0x0C, 0x06, 0x02, 0x09, 0x10, 0x00, 0x00, 0x00,
    0x1E, 0xFF, 0x00, 0x00, 0x52, 0x68, 0x01, 0x00, 0x0E, 0x0D, 0x01, 0x0C, 0x10, 0x00, 0x00, 0x00,
    0x1F, 0xFF, 0x00, 0x00, 0xAD, 0x68, 0x01, 0x00, 0x08, 0x0D, 0x00, 0x0C, 0x10, 0x00, 0x00, 0x00,
    0x20, 0xFF, 0x00, 0x00, 0xE1, 0x68, 0x01, 0x00, 0x10, 0x10, 0x00, 0x0E, 0x10, 0x00, 0x00, 0x00,
    0x21, 0xFF, 0x00, 0x00, 0x61, 0x69, 0x01, 0x00, 0x0C, 0x0C, 0x02, 0x0C, 0x10, 0x00, 0x00, 0x00,
    0x22, 0xFF, 0x00, 0x00, 0xA9, 0x69, 0x01, 0x00, 0x0B, 0x0C, 0x03, 0x0C, 0x10, 0x00, 0x00, 0x00,
    0x23, 0xFF, 0x00, 0x00, 0xF1, 0x69, 0x01, 0x00, 0x0B, 0x0C, 0x03, 0x0C, 0x10, 0x00, 0x00, 0x00,
    0x24, 0xFF, 0x00, 0x00, 0x39, 0x6A, 0x01, 0x00, 0x0B, 0x0C, 0x03, 0x0C, 0x10, 0x00, 0x00, 0x00,
    0x25, 0xFF, 0x00, 0x00, 0x81, 0x6A, 0x01, 0x00, 0x09, 0x0C, 0x04, 0x0C, 0x10, 0x00, 0x00, 0x00,
    0x26, 0xFF, 0x00, 0x00, 0xBD, 0x6A, 0x01, 0x00, 0x09, 0x0C, 0x04, 0x0C, 0x10, 0x00, 0x00, 0x00,
    0x27, 0xFF, 0x00, 0x00, 0xF9, 0x6A, 0x01, 0x00, 0x0C, 0x0C, 0x02, 0x0C, 0x10, 0x00, 0x00, 0x00,
    0x28, 0xFF, 0x00, 0x00, 0x41, 0x6B, 0x01, 0x00, 0x0C, 0x0C, 0x02, 0x0C, 0x10, 0x00, 0x00, 0x00,
    0x29, 0xFF, 0x00, 0x00, 0x89, 0x6B, 0x01, 0x00, 0x0A, 0x0C, 0x03, 0x0C, 0x10, 0x00, 0x00, 0x00,
    0x2A, 0xFF, 0x00, 0x00, 0xC5, 0x6B, 0x01, 0x00, 0x09, 0x0C, 0x03, 0x0C, 0x10, 0x00, 0x00, 0x00,
    0x2B, 0xFF, 0x00, 0x00, 0x01, 0x6C, 0x01, 0x00, 0x0C, 0x0C, 0x03, 0x0C, 0x10, 0x00, 0x00, 0x00,
    0x2C, 0xFF, 0x00, 0x00, 0x49, 0x6C, 0x01, 0x00, 0x09, 0x0C, 0x04, 0x0C, 0x10, 0x00, 0x00, 0x00,
    0x2D, 0xFF, 0x00, 0x00, 0x85, 0x6C, 0x01, 0x00, 0x0C, 0x0C, 0x02, 0x0C, 0x10, 0x00, 0x00, 0x00,
    0x2E, 0xFF, 0x00, 0x00, 0xCD, 0x6C, 0x01, 0x00, 0x0A, 0x0C, 0x03, 0x0C, 0x10, 0x00, 0x00, 0x00,
    0x2F, 0xFF, 0x00, 0x00, 0x09, 0x6D, 0x01, 0x00, 0x0C, 0x0C, 0x02, 0x0C, 0x10, 0x00, 0x00, 0x00,
    0x30, 0xFF, 0x00, 0x00, 0x51, 0x6D, 0x01, 0x00, 0x0B, 0x0C, 0x03, 0x0C, 0x10, 0x00, 0x00, 0x00,
    0x31, 0xFF, 0x00, 0x00, 0x99, 0x6D, 0x01, 0x00, 0x0D, 0x0F, 0x02, 0x0C, 0x10, 0x00, 0x00, 0x00,
    0x32, 0xFF, 0x00, 0x00, 0x02, 0x6E, 0x01, 0x00, 0x0B, 0x0C, 0x03, 0x0C, 0x10, 0x00, 0x00, 0x00,
    0x33, 0xFF, 0x00, 0x00, 0x4A, 0x6E, 0x01, 0x00, 0x0A, 0x0C, 0x03, 0x0C, 0x10, 0x00, 0x00, 0x00,
    0x34, 0xFF, 0x00, 0x00, 0x86, 0x6E, 0x01, 0x00, 0x0C, 0x0C, 0x02, 0x0C, 0x10, 0x00, 0x00, 0x00,
    0x35, 0xFF, 0x00, 0x00, 0xCE, 0x6E, 0x01, 0x00, 0x0C, 0x0C, 0x02, 0x0C, 0x10, 0x00, 0x00, 0x00,
    0x36, 0xFF, 0x00, 0x00, 0x16, 0x6F, 0x01, 0x00, 0x0C, 0x0C, 0x02, 0x0C, 0x10, 0x00, 0x00, 0x00,
    0x37, 0xFF, 0x00, 0x00, 0x5E, 0x6F, 0x01, 0x00, 0x10, 0x0C, 0x00, 0x0C, 0x10, 0x00, 0x00, 0x00,
    0x38, 0xFF, 0x00, 0x00, 0xBE, 0x6F, 0x01, 0x00, 0x0C, 0x0C, 0x02, 0x0C, 0x10, 0x00, 0x00, 0x00,
    0x39, 0xFF, 0x00, 0x00, 0x06, 0x70, 0x01, 0x00, 0x0C, 0x0C, 0x02, 0x0C, 0x10, 0x00, 0x00, 0x00,
    0x3A, 0xFF, 0x00, 0x00, 0x4E, 0x70, 0x01, 0x00, 0x0A, 0x0C, 0x03, 0x0C, 0x10, 0x00, 0x00, 0x00,
    0x3B, 0xFF, 0x00, 0x00, 0x8A, 0x70, 0x01, 0x00, 0x05, 0x10, 0x0B, 0x0E, 0x10, 0x00, 0x00, 0x00,
    0x3C, 0xFF, 0x00, 0x00, 0xBA, 0x70, 0x01, 0x00, 0x10, 0x10, 0x00, 0x0E, 0x10, 0x00, 0x00, 0x00,
    0x3D, 0xFF, 0x00, 0x00, 0x3A, 0x71, 0x01, 0x00, 0x05, 0x10, 0x00, 0x0E, 0x10, 0x00, 0x00, 0x00,
    0x3E, 0xFF, 0x00, 0x00, 0x6A, 0x71, 0x01, 0x00, 0x06, 0x03, 0x05, 0x10, 0x10, 0x00, 0x00, 0x00,
    0x3F, 0xFF, 0x00, 0x00, 0x73, 0x71, 0x01, 0x00, 0x10, 0x01, 0x00, 0xFF, 0x10, 0x00, 0x00, 0x00,
    0x40, 0xFF, 0x00, 0x00, 0x7B, 0x71, 0x01, 0x00, 0x05, 0x03, 0x05, 0x10, 0x10, 0x00, 0x00, 0x00,
    0x41, 0xFF, 0x00, 0x00, 0x84, 0x71, 0x01, 0x00, 0x0A, 0x09, 0x03, 0x09, 0x10, 0x00, 0x00, 0x00,
    0x42, 0xFF, 0x00, 0x00, 0xB1, 0x71, 0x01, 0x00, 0x0A, 0x0D, 0x03, 0x0D, 0x10, 0x00, 0x00, 0x00,
    0x43, 0xFF, 0x00, 0x00, 0xF2, 0x71, 0x01, 0x00, 0x0A, 0x09, 0x03, 0x09, 0x10, 0x00, 0x00, 0x00,
    0x44, 0xFF, 0x00, 0x00, 0x1F, 0x72, 0x01, 0x00, 0x0A, 0x0D, 0x03, 0x0D, 0x10, 0x00, 0x00, 0x00,
    0x45, 0xFF, 0x00, 0x00, 0x60, 0x72, 0x01, 0x00, 0x0A, 0x09, 0x03, 0x09, 0x10, 0x00, 0x00, 0x00,
    0x46, 0xFF, 0x00, 0x00, 0x8D, 0x72, 0x01, 0x00, 0x0A, 0x0D, 0x04, 0x0D, 0x10, 0x00, 0x00, 0x00,
    0x47, 0xFF, 0x00, 0x00, 0xCE, 0x72, 0x01, 0x00, 0x0A, 0x0D, 0x03, 0x09, 0x10, 0x00, 0x00, 0x00,
    0x48, 0xFF, 0x00, 0x00, 0x0F, 0x73, 0x01, 0x00, 0x0A, 0x0D, 0x03, 0x0D, 0x10, 0x00, 0x00, 0x00,
    0x49, 0xFF, 0x00, 0x00, 0x50, 0x73, 0x01, 0x00, 0x04, 0x0D, 0x06, 0x0D, 0x10, 0x00, 0x00, 0x00,
    0x4A, 0xFF, 0x00, 0x00, 0x6A, 0x73, 0x01, 0x00, 0x08, 0x11, 0x03, 0x0D, 0x10, 0x00, 0x00, 0x00,
    0x4B, 0xFF, 0x00, 0x00, 0xAE, 0x73, 0x01, 0x00, 0x0A, 0x0D, 0x04, 0x0D, 0x10, 0x00, 0x00, 0x00,
    0x4C, 0xFF, 0x00, 0x00, 0xEF, 0x73, 0x01, 0x00, 0x07, 0x0D, 0x06, 0x0D, 0x10, 0x00, 0x00, 0x00,
    0x4D, 0xFF, 0x00, 0x00, 0x23, 0x74, 0x01, 0x00, 0x10, 0x09, 0x00, 0x09, 0x10, 0x00, 0x00, 0x00,
    0x4E, 0xFF, 0x00, 0x00, 0x6B, 0x74, 0x01, 0x00, 0x0A, 0x09, 0x03, 0x09, 0x10, 0x00, 0x00, 0x00,
    0x4F, 0xFF, 0x00, 0x00, 0x98, 0x74, 0x01, 0x00, 0x0A, 0x09, 0x03, 0x09, 0x10, 0x00, 0x00, 0x00,
    0x50, 0xFF, 0x00, 0x00, 0xC5, 0x74, 0x01, 0x00, 0x0A, 0x0D, 0x03, 0x09, 0x10, 0x00, 0x00, 0x00,
    0x51, 0xFF, 0x00, 0x00, 0x06, 0x75, 0x01, 0x00, 0x0A, 0x0D, 0x03, 0x09, 0x10, 0x00, 0x00, 0x00,
    0x52, 0xFF, 0x00, 0x00, 0x47, 0x75, 0x01, 0x00, 0x09, 0x09, 0x04, 0x09, 0x10, 0x00, 0x00, 0x00,
    0x53, 0xFF, 0x00, 0x00, 0x74, 0x75, 0x01, 0x00, 0x0A, 0x09, 0x03, 0x09, 0x10, 0x00, 0x00, 0x00,
    0x54, 0xFF, 0x00, 0x00, 0xA1, 0x75, 0x01, 0x00, 0x0A, 0x0C, 0x03, 0x0C, 0x10, 0x00, 0x00, 0x00,
    0x55, 0xFF, 0x00, 0x00, 0xDD, 0x75, 0x01, 0x00, 0x0A, 0x09, 0x03, 0x09, 0x10, 0x00, 0x00, 0x00,
    0x56, 0xFF, 0x00, 0x00, 0x0A, 0x76, 0x01, 0x00, 0x0A, 0x09, 0x03, 0x09, 0x10, 0x00, 0x00, 0x00,
    0x57, 0xFF, 0x00, 0x00, 0x37, 0x76, 0x01, 0x00, 0x10, 0x09, 0x00, 0x09, 0x10, 0x00, 0x00, 0x00,
    0x58, 0xFF, 0x00, 0x00, 0x7F, 0x76, 0x01, 0x00, 0x0A, 0x09, 0x03, 0x09, 0x10, 0x00, 0x00, 0x00,
    0x59, 0xFF, 0x00, 0x00, 0xAC, 0x76, 0x01, 0x00, 0x0A, 0x0D, 0x03, 0x09, 0x10, 0x00, 0x00, 0x00,
    0x5A, 0xFF, 0x00, 0x00, 0xED, 0x76, 0x01, 0x00, 0x09, 0x09, 0x04, 0x09, 0x10, 0x00, 0x00, 0x00,
    0x5B, 0xFF, 0x00, 0x00, 0x1A, 0x77, 0x01, 0x00, 0x06, 0x10, 0x0A, 0x0E, 0x10, 0x00, 0x00, 0x00,
    0x5C, 0xFF, 0x00, 0x00, 0x4A, 0x77, 0x01, 0x00, 0x02, 0x11, 0x07, 0x0E, 0x10, 0x00, 0x00, 0x00,
    0x5D, 0xFF, 0x00, 0x00, 0x5B, 0x77, 0x01, 0x00, 0x06, 0x10, 0x00, 0x0E, 0x10, 0x00, 0x00, 0x00,
    0x5E, 0xFF, 0x00, 0x00, 0x8B, 0x77, 0x01, 0x00, 0x10, 0x06, 0x00, 0x09, 0x10, 0x00, 0x00, 0x00,
    0xE5, 0xFF, 0x00, 0x00, 0xBB, 0x77, 0x01, 0x00, 0x0C, 0x0E, 0x02, 0x0D, 0x10, 0x00, 0x00, 0x00,
    0xC1, 0xF4, 0x01, 0x00, 0x0F, 0x78, 0x01, 0x00, 0x0E, 0x10, 0x01, 0x0E, 0x10, 0x00, 0x00, 0x00,
    0xC4, 0xF4, 0x01, 0x00, 0x7F, 0x78, 0x01, 0x00, 0x0E, 0x10, 0x01, 0x0E, 0x10, 0x00, 0x00, 0x00,
    0x00, 0x00, 0x00, 0x00, 0x00, 0x00, 0x00, 0x00, 0x00, 0x00, 0x00, 0x00, 0x00, 0x00, 0x00, 0x00,
    0x00, 0x00, 0x00, 0x00, 0x00, 0x00, 0x00, 0x00, 0x00, 0x00, 0x00, 0x00, 0x00, 0x00, 0x00, 0x00,
    0x00, 0x00, 0x00, 0x00, 0x00, 0x00, 0x00, 0x00, 0x00, 0x00, 0x00, 0x00, 0x00, 0x00, 0x00, 0x00,
    0x00, 0x00, 0x00, 0x00, 0x00, 0x00, 0x00, 0x00, 0x00, 0x00, 0x00, 0x00, 0x00, 0x00, 0x00, 0x00,
    0x16, 0x60, 0x3F, 0xF1, 0x2F, 0xF1, 0x1F, 0xF0, 0x0F, 0xF0, 0x0F, 0xE0, 0x0F, 0xD0, 0x0E, 0xC0,
    0x0A, 0x80, 0x00, 0x00, 0x2D, 0xD1, 0x6F, 0xF4, 0x1C, 0xC0, 0x6A, 0x80, 0x6A, 0x80, 0x9F, 0xB0,
    0x9F, 0xB0, 0x8F, 0xB0, 0x8F, 0xB0, 0x6F, 0x90, 0x6F, 0x90, 0x4F, 0x60, 0x4F, 0x70, 0x2F, 0x40,
    0x2F, 0x50, 0x00, 0x09, 0x30, 0x57, 0x00, 0x00, 0x1F, 0x40, 0xBA, 0x00, 0x00, 0x3F, 0x20, 0xD9,
    0x00, 0x08, 0xAF, 0x88, 0xFB, 0x70, 0x0F, 0xFF, 0xFF, 0xFF, 0xE0, 0x00, 0xAC, 0x03, 0xF3, 0x00,
    0x00, 0xCA, 0x05, 0xF0, 0x00, 0x6F, 0xFF, 0xFF, 0xFF, 0x80, 0x38, 0xFB, 0x8D, 0xE8, 0x40, 0x01,
    0xF4, 0x0B, 0xA0, 0x00, 0x03, 0xF2, 0x0D, 0x90, 0x00, 0x05, 0xF0, 0x0F, 0x70, 0x00, 0x00, 0x00,
    0xA5, 0x00, 0x00, 0x00, 0x00, 0xF8, 0x00, 0x00, 0x00, 0x3A, 0xFE, 0x81, 0x00, 0x03, 0xFF, 0xFF,
    0xFD, 0x00, 0x0A, 0xFD, 0x22, 0x95, 0x00, 0x0B, 0xF8, 0x00, 0x00, 0x00, 0x08, 0xFF, 0x60, 0x00,
    0x00, 0x00, 0xAF, 0xFD, 0x30, 0x00, 0x00, 0x05, 0xEF, 0xF7, 0x00, 0x00, 0x00, 0x09, 0xFF, 0x10,
    0x00, 0x00, 0x00, 0xFF, 0x40, 0x08, 0xA3, 0x16, 0xFF, 0x20, 0x1F, 0xFF, 0xFF, 0xFC, 0x00, 0x01,
    0x9E, 0xFF, 0xA1, 0x00, 0x00, 0x00, 0xF8, 0x00, 0x00, 0x00, 0x00, 0xA5, 0x00, 0x00, 0x03, 0xCF,
    0xB1, 0x00, 0x01, 0xF5, 0x00, 0x00, 0x0E, 0xD6, 0xEB, 0x00, 0x09, 0xC0, 0x00, 0x00, 0x5F, 0x40,
    0x8F, 0x10, 0x2F, 0x40, 0x00, 0x00, 0x7F, 0x20, 0x6F, 0x30, 0xAB, 0x00, 0x00, 0x00, 0x6F, 0x30,
    0x7F, 0x23, 0xF3, 0x03, 0x30, 0x00, 0x2F, 0x91, 0xCE, 0x0B, 0xA1, 0xCF, 0xFC, 0x10, 0x07, 0xFF,
    0xF4, 0x4F, 0x28, 0xF4, 0x3F, 0x80, 0x00, 0x24, 0x10, 0xC9, 0x0C, 0xD0, 0x0D, 0xC0, 0x00, 0x00,
    0x05, 0xF1, 0x0D, 0xC0, 0x0C, 0xD0, 0x00, 0x00, 0x0D, 0x80, 0x0B, 0xE0, 0x0E, 0xB0, 0x00, 0x00,
    0x6E, 0x00, 0x05, 0xF9, 0x9F, 0x50, 0x00, 0x00, 0xE7, 0x00, 0x00, 0x7E, 0xE7, 0x00, 0x00, 0x09,
    0xEE, 0x90, 0x00, 0x00, 0x00, 0x9F, 0xDC, 0xF8, 0x00, 0x00, 0x00, 0xFF, 0x11, 0xFB, 0x00, 0x00,
    0x00, 0xFF, 0x07, 0xF9, 0x00, 0x00, 0x00, 0xBF, 0xCF, 0xD1, 0x00, 0x00, 0x00, 0x8F, 0xFB, 0x00,
    0x09, 0xA3, 0x08, 0xFF, 0xFD, 0x10, 0x2F, 0xE0, 0x4F, 0xF4, 0xBF, 0xD2, 0xBF, 0x80, 0x7F, 0xC0,
    0x0B, 0xFF, 0xFD, 0x00, 0x5F, 0xF3, 0x01, 0xEF, 0xFC, 0x40, 0x0D, 0xFF, 0xEF, 0xFF, 0xFF, 0xF5,
    0x01, 0x9D, 0xFC, 0x81, 0x18, 0xD1, 0x6A, 0x80, 0x9F, 0xB0, 0x8F, 0xB0, 0x6F, 0x90, 0x4F, 0x60,
    0x2F, 0x40, 0x00, 0x33, 0x00, 0x00, 0xDE, 0x00, 0x05, 0xF8, 0x00, 0x0B, 0xF2, 0x00, 0x1F, 0xD0,
    0x00, 0x4F, 0xA0, 0x00, 0x7F, 0x80, 0x00, 0x8F, 0x60, 0x00, 0x9F, 0x40, 0x00, 0x9F, 0x50, 0x00,
    0x8F, 0x70, 0x00, 0x6F, 0x90, 0x00, 0x2F, 0xB0, 0x00, 0x0E, 0xF0, 0x00, 0x08, 0xF5, 0x00, 0x01,
    0xFC, 0x00, 0x00, 0x8A, 0x00, 0x03, 0x30, 0x00, 0x0E, 0xD0, 0x00, 0x07, 0xF5, 0x00, 0x01, 0xFB,
    0x00, 0x00, 0xCF, 0x10, 0x00, 0x9F, 0x40, 0x00, 0x7F, 0x80, 0x00, 0x5F, 0x90, 0x00, 0x4F, 0xA0,
    0x00, 0x4F, 0xA0, 0x00, 0x6F, 0x80, 0x00, 0x8F, 0x60, 0x00, 0xAF, 0x30, 0x00, 0xEE, 0x00, 0x04,
    0xF8, 0x00, 0x0B, 0xF1, 0x00, 0x0A, 0x80, 0x00, 0x00, 0x0A, 0xB0, 0x00, 0x03, 0x0B, 0xD0, 0x30,
    0x1F, 0xFF, 0xFF, 0xF2, 0x02, 0xBF, 0xFC, 0x30, 0x00, 0xCF, 0xED, 0x00, 0x02, 0xF5, 0x3F, 0x30,
    0x00, 0x10, 0x01, 0x00, 0x00, 0x00, 0x10, 0x00, 0x00, 0x00, 0x02, 0xF9, 0x00, 0x00, 0x00, 0x02,
    0xF9, 0x00, 0x00, 0x00, 0x02, 0xF9, 0x00, 0x00, 0x4A, 0xAB, 0xFD, 0xAA, 0x80, 0x6F, 0xFF, 0xFF,
    0xFF, 0xC0, 0x00, 0x02, 0xF9, 0x00, 0x00, 0x00, 0x02, 0xF9, 0x00, 0x00, 0x00, 0x02, 0xF9, 0x00,
    0x00, 0x00, 0x01, 0x63, 0x00, 0x00, 0x03, 0xB7, 0x00, 0x0B, 0xFF, 0x20, 0x06, 0xEF, 0x50, 0x00,
    0x6F, 0x30, 0x01, 0xCE, 0x00, 0x0E, 0xF5, 0x00, 0x0B, 0x50, 0x00, 0x2A, 0xAA, 0xA1, 0x3F, 0xFF,
    0xF2, 0x00, 0x00, 0x6F, 0x90, 0xCF, 0xF0, 0x5E, 0x80, 0x00, 0x00, 0xE9, 0x00, 0x02, 0xF5, 0x00,
    0x06, 0xF1, 0x00, 0x0A, 0xD0, 0x00, 0x0E, 0x90, 0x00, 0x2F, 0x50, 0x00, 0x6F, 0x10, 0x00, 0xBD,
    0x00, 0x00, 0xE9, 0x00, 0x03, 0xF5, 0x00, 0x07, 0xF1, 0x00, 0x0B, 0xD0, 0x00, 0x0E, 0x90, 0x00,
    0x3F, 0x50, 0x00, 0x7F, 0x10, 0x00, 0x8B, 0x00, 0x00, 0x00, 0x2B, 0xED, 0x70, 0x00, 0x02, 0xFF,
    0xEF, 0xF8, 0x00, 0x0A, 0xF9, 0x03, 0xFF, 0x10, 0x0F, 0xF3, 0x00, 0xCF, 0x70, 0x2F, 0xF0, 0x00,
    0x9F, 0x90, 0x3F, 0xF0, 0x00, 0x8F, 0xA0, 0x3F, 0xF0, 0x00, 0x8F, 0xA0, 0x2F, 0xF0, 0x00, 0x9F,
    0x80, 0x0F, 0xF3, 0x00, 0xCF, 0x60, 0x09, 0xFA, 0x03, 0xFF, 0x10, 0x02, 0xEF, 0xEF, 0xF8, 0x00,
    0x00, 0x2B, 0xED, 0x70, 0x00, 0x03, 0x8F, 0xF3, 0x00, 0x4F, 0xFF, 0xF3, 0x00, 0x27, 0x8F, 0xF3,
    0x00, 0x00, 0x2F, 0xF3, 0x00, 0x00, 0x2F, 0xF3, 0x00, 0x00, 0x2F, 0xF3, 0x00, 0x00, 0x2F, 0xF3,
    0x00, 0x00, 0x2F, 0xF3, 0x00, 0x00, 0x2F, 0xF3, 0x00, 0x00, 0x2F, 0xF3, 0x00, 0x9E, 0xEF, 0xFE,
    0xE6, 0xAF, 0xFF, 0xFF, 0xF6, 0x01, 0x9D, 0xFC, 0x50, 0x00, 0x2D, 0xFF, 0xFF, 0xF5, 0x00, 0x0B,
    0x80, 0x0A, 0xFD, 0x00, 0x00, 0x00, 0x04, 0xFF, 0x00, 0x00, 0x00, 0x06, 0xFE, 0x00, 0x00, 0x00,
    0x0B, 0xF9, 0x00, 0x00, 0x00, 0x5F, 0xF2, 0x00, 0x00, 0x03, 0xFF, 0x70, 0x00, 0x00, 0x2E, 0xFA,
    0x00, 0x00, 0x02, 0xEF, 0xB0, 0x00, 0x00, 0x2E, 0xFF, 0xEE, 0xFF, 0x90, 0x4F, 0xFF, 0xFF, 0xFF,
    0x90, 0x01, 0x9D, 0xFD, 0x70, 0x00, 0x0E, 0xFF, 0xFF, 0xFA, 0x00, 0x05, 0x80, 0x09, 0xFF, 0x00,
    0x00, 0x00, 0x04, 0xFF, 0x10, 0x00, 0x00, 0x3C, 0xFB, 0x00, 0x00, 0x1F, 0xFF, 0x90, 0x00, 0x00,
    0x0B, 0xDF, 0xE6, 0x00, 0x00, 0x00, 0x04, 0xFF, 0x40, 0x00, 0x00, 0x00, 0xEF, 0x70, 0x1D, 0x61,
    0x05, 0xFF, 0x50, 0x4F, 0xFF, 0xFF, 0xFC, 0x00, 0x03, 0xAD, 0xFD, 0x81, 0x00, 0x00, 0x00, 0x8F,
    0xF9, 0x00, 0x00, 0x02, 0xFF, 0xF9, 0x00, 0x00, 0x0C, 0xFC, 0xF9, 0x00, 0x00, 0x6F, 0xB9, 0xF9,
    0x00, 0x01, 0xEF, 0x39, 0xF9, 0x00, 0x0A, 0xF8, 0x09, 0xF9, 0x00, 0x3F, 0xE0, 0x09, 0xF9, 0x00,
    0xAF, 0xFF, 0xFF, 0xFF, 0xF0, 0x8C, 0xCC, 0xCE, 0xFE, 0xC0, 0x00, 0x00, 0x09, 0xF9, 0x00, 0x00,
    0x00, 0x09, 0xF9, 0x00, 0x00, 0x00, 0x09, 0xF9, 0x00, 0x05, 0xFF, 0xFF, 0xFF, 0x00, 0x06, 0xFF,
    0xFF, 0xFF, 0x00, 0x07, 0xFA, 0x00, 0x00, 0x00, 0x08, 0xF8, 0x00, 0x00, 0x00, 0x09, 0xFD, 0xEE,
    0xA1, 0x00, 0x08, 0xFC, 0xBF, 0xFD, 0x00, 0x00, 0x20, 0x03, 0xFF, 0x50, 0x00, 0x00, 0x00, 0xDF,
    0x80, 0x00, 0x00, 0x00, 0xEF, 0x60, 0x1D, 0x61, 0x07, 0xFF, 0x30, 0x4F, 0xFF, 0xFF, 0xF9, 0x00,
    0x02, 0x9D, 0xFC, 0x60, 0x00, 0x00, 0x07, 0xCF, 0xC6, 0x00, 0x00, 0xBF, 0xFF, 0xFF, 0x40, 0x05,
    0xFE, 0x20, 0x26, 0x00, 0x0D, 0xF5, 0x00, 0x00, 0x00, 0x0F, 0xF2, 0x69, 0x70, 0x00, 0x2F, 0xFD,
    0xFF, 0xFD, 0x00, 0x2F, 0xFB, 0x22, 0xDF, 0x70, 0x0F, 0xF1, 0x00, 0x7F, 0xA0, 0x0D, 0xF3, 0x00,
    0x6F, 0xA0, 0x07, 0xFB, 0x00, 0xCF, 0x70, 0x00, 0xDF, 0xEE, 0xFE, 0x00, 0x00, 0x09, 0xEE, 0xA1,
    0x00, 0x3F, 0xFF, 0xFF, 0xFF, 0xA0, 0x3F, 0xFF, 0xFF, 0xFF, 0x90, 0x00, 0x00, 0x03, 0xFE, 0x10,
    0x00, 0x00, 0x0C, 0xF4, 0x00, 0x00, 0x00, 0x5F, 0xC0, 0x00, 0x00, 0x00, 0xCF, 0x50, 0x00, 0x00,
    0x02, 0xFF, 0x00, 0x00, 0x00, 0x06, 0xFC, 0x00, 0x00, 0x00, 0x0A, 0xFA, 0x00, 0x00, 0x00, 0x0C,
    0xF8, 0x00, 0x00, 0x00, 0x0E, 0xF7, 0x00, 0x00, 0x00, 0x0F, 0xF6, 0x00, 0x00, 0x00, 0x4C, 0xFE,
    0x91, 0x00, 0x04, 0xFF, 0xCE, 0xFB, 0x00, 0x0A, 0xF8, 0x00, 0xFF, 0x10, 0x0A, 0xF6, 0x00, 0xCF,
    0x10, 0x05, 0xFE, 0x52, 0xFB, 0x00, 0x00, 0x8F, 0xFF, 0xE1, 0x00, 0x02, 0xDD, 0xCF, 0xF8, 0x00,
    0x0D, 0xF1, 0x04, 0xFF, 0x50, 0x3F, 0xD0, 0x00, 0x9F, 0xA0, 0x1F, 0xF2, 0x00, 0xCF, 0x80, 0x0A,
    0xFF, 0xCE, 0xFF, 0x20, 0x00, 0x7D, 0xFE, 0xA2, 0x00, 0x00, 0x7D, 0xFC, 0x40, 0x00, 0x08, 0xFF,
    0xDF, 0xF5, 0x00, 0x1F, 0xF3, 0x05, 0xFE, 0x00, 0x4F, 0xD0, 0x00, 0xDF, 0x40, 0x4F, 0xD0, 0x00,
    0xAF, 0x70, 0x1F, 0xF5, 0x06, 0xFF, 0x90, 0x08, 0xFF, 0xFF, 0xDF, 0x80, 0x00, 0x59, 0x93, 0xBF,
    0x60, 0x00, 0x00, 0x00, 0xEF, 0x30, 0x02, 0x60, 0x09, 0xFC, 0x00, 0x0D, 0xFF, 0xFF, 0xF3, 0x00,
    0x02, 0xAE, 0xEA, 0x20, 0x00, 0x00, 0x00, 0x6E, 0x80, 0xCF, 0xF0, 0x5E, 0x80, 0x00, 0x00, 0x00,
    0x00, 0x00, 0x00, 0x6F, 0x80, 0xCF, 0xF0, 0x5E, 0x80, 0x05, 0xE8, 0x00, 0x0C, 0xFF, 0x00, 0x06,
    0xF9, 0x00, 0x00, 0x00, 0x00, 0x00, 0x00, 0x00, 0x00, 0x00, 0x00, 0x03, 0xB7, 0x00, 0x0B, 0xFF,
    0x20, 0x06, 0xEF, 0x50, 0x00, 0x6F, 0x30, 0x01, 0xCE, 0x00, 0x0E, 0xF5, 0x00, 0x0B, 0x50, 0x00,
    0x00, 0x00, 0x00, 0x00, 0x00, 0x00, 0x00, 0x00, 0x28, 0xB0, 0x00, 0x00, 0x5B, 0xFF, 0xC0, 0x02,
    0x9E, 0xFF, 0xB6, 0x10, 0x5F, 0xFC, 0x61, 0x00, 0x00, 0x5F, 0xFC, 0x61, 0x00, 0x00, 0x02, 0x8E,
    0xFF, 0xB6, 0x10, 0x00, 0x00, 0x5B, 0xFF, 0xC0, 0x00, 0x00, 0x00, 0x17, 0xA0, 0x6F, 0xFF, 0xFF,
    0xFF, 0xC0, 0x4A, 0xAA, 0xAA, 0xAA, 0x80, 0x00, 0x00, 0x00, 0x00, 0x00, 0x00, 0x00, 0x00, 0x00,
    0x00, 0x4A, 0xAA, 0xAA, 0xAA, 0x80, 0x6F, 0xFF, 0xFF, 0xFF, 0xC0, 0x00, 0x00, 0x00, 0x00, 0x00,
    0x5A, 0x40, 0x00, 0x00, 0x00, 0x6F, 0xFE, 0x82, 0x00, 0x00, 0x03, 0x9E, 0xFF, 0xB5, 0x00, 0x00,
    0x00, 0x49, 0xFF, 0xC0, 0x00, 0x00, 0x4A, 0xFF, 0xC0, 0x03, 0x9E, 0xFF, 0xB5, 0x00, 0x6F, 0xFE,
    0x71, 0x00, 0x00, 0x5A, 0x40, 0x00, 0x00, 0x00, 0x00, 0x7B, 0xD9, 0x20, 0x1D, 0xFF, 0xFF, 0xE0,
    0x07, 0x81, 0x5F, 0xF4, 0x00, 0x00, 0x0E, 0xF5, 0x00, 0x00, 0x5F, 0xF1, 0x00, 0x02, 0xFF, 0x60,
    0x00, 0x0B, 0xFA, 0x00, 0x00, 0x0F, 0xF1, 0x00, 0x00, 0x19, 0x90, 0x00, 0x00, 0x00, 0x00, 0x00,
    0x00, 0x3E, 0xC0, 0x00, 0x00, 0x8F, 0xF3, 0x00, 0x00, 0x2D, 0xB0, 0x00, 0x00, 0x00, 0x03, 0x9D,
    0xFE, 0xB7, 0x00, 0x00, 0x00, 0x01, 0xAF, 0xEB, 0x89, 0xCF, 0xD3, 0x00, 0x00, 0x1D, 0xF9, 0x00,
    0x00, 0x03, 0xDE, 0x00, 0x00, 0xBF, 0x50, 0x00, 0x00, 0x00, 0x2F, 0x90, 0x04, 0xFA, 0x00, 0x5C,
    0xE7, 0xD3, 0x0A, 0xE0, 0x0A, 0xF1, 0x05, 0xFD, 0xAF, 0xF1, 0x06, 0xF0, 0x0E, 0xB0, 0x0E, 0xD0,
    0x0D, 0xE0, 0x05, 0xF2, 0x0F, 0x80, 0x3F, 0x80, 0x0F, 0xB0, 0x07, 0xF0, 0x1F, 0x80, 0x5F, 0x70,
    0x3F, 0x90, 0x0C, 0xD0, 0x0F, 0xB0, 0x2F, 0xE9, 0xEF, 0xB1, 0x7F, 0x40, 0x0D, 0xE0, 0x07, 0xED,
    0x58, 0xFF, 0xF8, 0x00, 0x07, 0xF7, 0x00, 0x00, 0x00, 0x46, 0x20, 0x00, 0x00, 0xBF, 0x70, 0x00,
    0x00, 0x00, 0x00, 0x00, 0x00, 0x1B, 0xFE, 0xA8, 0x8B, 0xD0, 0x00, 0x00, 0x00, 0x00, 0x4A, 0xDF,
    0xEC, 0x60, 0x00, 0x00, 0x00, 0x00, 0x7F, 0xFA, 0x00, 0x00, 0x00, 0x00, 0xCF, 0xFF, 0x00, 0x00,
    0x00, 0x01, 0xFD, 0xBF, 0x40, 0x00, 0x00, 0x06, 0xF9, 0x7F, 0x90, 0x00, 0x00, 0x0B, 0xF5, 0x2F,
    0xE0, 0x00, 0x00, 0x0F, 0xF1, 0x0E, 0xF4, 0x00, 0x00, 0x5F, 0xC0, 0x0A, 0xF9, 0x00, 0x00, 0xAF,
    0xFF, 0xFF, 0xFE, 0x00, 0x00, 0xFF, 0xDD, 0xDD, 0xFF, 0x30, 0x04, 0xFF, 0x00, 0x00, 0xDF, 0x80,
    0x09, 0xFB, 0x00, 0x00, 0x9F, 0xD0, 0x0E, 0xF7, 0x00, 0x00, 0x5F, 0xF2, 0x8F, 0xFF, 0xFE, 0xA3,
    0x00, 0x8F, 0xFD, 0xDF, 0xFF, 0x30, 0x8F, 0xC0, 0x01, 0xEF, 0x80, 0x8F, 0xC0, 0x00, 0xBF, 0x80,
    0x8F, 0xC0, 0x04, 0xFF, 0x30, 0x8F, 0xFF, 0xFF, 0xF5, 0x00, 0x8F, 0xFB, 0xCD, 0xFE, 0x50, 0x8F,
    0xC0, 0x00, 0x6F, 0xF1, 0x8F, 0xC0, 0x00, 0x1F, 0xF3, 0x8F, 0xC0, 0x00, 0x8F, 0xF0, 0x8F, 0xFC,
    0xDE, 0xFF, 0x80, 0x8F, 0xFF, 0xFE, 0xB5, 0x00, 0x00, 0x02, 0x9D, 0xFB, 0x60, 0x00, 0x00, 0x5F,
    0xFF, 0xFF, 0xF8, 0x00, 0x01, 0xFF, 0xC4, 0x15, 0xC1, 0x00, 0x0A, 0xFE, 0x00, 0x00, 0x00, 0x00,
    0x0D, 0xF8, 0x00, 0x00, 0x00, 0x00, 0x0F, 0xF5, 0x00, 0x00, 0x00, 0x00, 0x1F, 0xF5, 0x00, 0x00,
    0x00, 0x00, 0x0E, 0xF8, 0x00, 0x00, 0x00, 0x00, 0x0B, 0xFE, 0x00, 0x00, 0x00, 0x00, 0x02, 0xFF,
    0xC3, 0x15, 0xD6, 0x00, 0x00, 0x6F, 0xFF, 0xFF, 0xFA, 0x00, 0x00, 0x02, 0xAD, 0xFB, 0x60, 0x00,
    0x8F, 0xFF, 0xEB, 0x60, 0x00, 0x8F, 0xFE, 0xFF, 0xFD, 0x10, 0x8F, 0xC0, 0x06, 0xFF, 0xA0, 0x8F,
    0xC0, 0x00, 0x7F, 0xF2, 0x8F, 0xC0, 0x00, 0x0F, 0xF5, 0x8F, 0xC0, 0x00, 0x0E, 0xF7, 0x8F, 0xC0,
    0x00, 0x0E, 0xF7, 0x8F, 0xC0, 0x00, 0x1F, 0xF5, 0x8F, 0xC0, 0x00, 0x7F, 0xF2, 0x8F, 0xC0, 0x07,
    0xFF, 0x90, 0x8F, 0xFE, 0xFF, 0xFC, 0x10, 0x8F, 0xFF, 0xEB, 0x60, 0x00, 0x8F, 0xFF, 0xFF, 0xFB,
    0x8F, 0xFF, 0xFF, 0xFB, 0x8F, 0xC0, 0x00, 0x00, 0x8F, 0xC0, 0x00, 0x00, 0x8F, 0xC0, 0x00, 0x00,
    0x8F, 0xFF, 0xFF, 0xF0, 0x8F, 0xFF, 0xFF, 0xF0, 0x8F, 0xC0, 0x00, 0x00, 0x8F, 0xC0, 0x00, 0x00,
    0x8F, 0xC0, 0x00, 0x00, 0x8F, 0xFF, 0xFF, 0xFE, 0x8F, 0xFF, 0xFF, 0xFE, 0x8F, 0xFF, 0xFF, 0xFB,
    0x8F, 0xFF, 0xFF, 0xFB, 0x8F, 0xC0, 0x00, 0x00, 0x8F, 0xC0, 0x00, 0x00, 0x8F, 0xC0, 0x00, 0x00,
    0x8F, 0xFF, 0xFF, 0xF0, 0x8F, 0xFF, 0xFF, 0xF0, 0x8F, 0xC0, 0x00, 0x00, 0x8F, 0xC0, 0x00, 0x00,
    0x8F, 0xC0, 0x00, 0x00, 0x8F, 0xC0, 0x00, 0x00, 0x8F, 0xC0, 0x00, 0x00, 0x00, 0x01, 0x9C, 0xFC,
    0x81, 0x00, 0x00, 0x5F, 0xFF, 0xFF, 0xFD, 0x00, 0x02, 0xFF, 0xC4, 0x13, 0xA5, 0x00, 0x0A, 0xFE,
    0x00, 0x00, 0x00, 0x00, 0x0E, 0xF7, 0x00, 0x00, 0x00, 0x00, 0x1F, 0xF5, 0x00, 0xCE, 0xEE, 0x50,
    0x0F, 0xF6, 0x00, 0xDF, 0xFF, 0x60, 0x0D, 0xF9, 0x00, 0x00, 0xBF, 0x60, 0x0A, 0xFF, 0x10, 0x00,
    0xBF, 0x60, 0x01, 0xFF, 0xD5, 0x12, 0xDF, 0x60, 0x00, 0x5F, 0xFF, 0xFF, 0xFF, 0x40, 0x00, 0x02,
    0x9D, 0xFD, 0xA2, 0x00, 0x8F, 0xC0, 0x00, 0x0B, 0xFA, 0x8F, 0xC0, 0x00, 0x0B, 0xFA, 0x8F, 0xC0,
    0x00, 0x0B, 0xFA, 0x8F, 0xC0, 0x00, 0x0B, 0xFA, 0x8F, 0xD0, 0x00, 0x0B, 0xFA, 0x8F, 0xFF, 0xFF,
    0xFF, 0xFA, 0x8F, 0xFF, 0xFF, 0xFF, 0xFA, 0x8F, 0xC0, 0x00, 0x0B, 0xFA, 0x8F, 0xC0, 0x00, 0x0B,
    0xFA, 0x8F, 0xC0, 0x00, 0x0B, 0xFA, 0x8F, 0xC0, 0x00, 0x0B, 0xFA, 0x8F, 0xC0, 0x00, 0x0B, 0xFA,
    0x8F, 0xC0, 0x8F, 0xC0, 0x8F, 0xC0, 0x8F, 0xC0, 0x8F, 0xC0, 0x8F, 0xC0, 0x8F, 0xC0, 0x8F, 0xC0,
    0x8F, 0xC0, 0x8F, 0xC0, 0x8F, 0xC0, 0x8F, 0xC0, 0x00, 0x00, 0x0A, 0xFA, 0x00, 0x00, 0x0A, 0xFA,
    0x00, 0x00, 0x0A, 0xFA, 0x00, 0x00, 0x0A, 0xFA, 0x00, 0x00, 0x0A, 0xFA, 0x00, 0x00, 0x0A, 0xFA,
    0x00, 0x00, 0x0A, 0xFA, 0x00, 0x00, 0x0A, 0xFA, 0x00, 0x00, 0x0C, 0xF9, 0x3D, 0xA2, 0x4F, 0xF6,
    0x3F, 0xFF, 0xFF, 0xE0, 0x03, 0xBF, 0xEB, 0x10, 0x8F, 0xC0, 0x00, 0x9F, 0xE1, 0x00, 0x8F, 0xC0,
    0x05, 0xFF, 0x40, 0x00, 0x8F, 0xC0, 0x2F, 0xF7, 0x00, 0x00, 0x8F, 0xC0, 0xDF, 0xB0, 0x00, 0x00,
    0x8F, 0xC9, 0xFE, 0x10, 0x00, 0x00, 0x8F, 0xFF, 0xFF, 0x30, 0x00, 0x00, 0x8F, 0xFF, 0xEF, 0xC0,
    0x00, 0x00, 0x8F, 0xFA, 0x2F, 0xF6, 0x00, 0x00, 0x8F, 0xE0, 0x08, 0xFE, 0x10, 0x00, 0x8F, 0xC0,
    0x01, 0xEF, 0x90, 0x00, 0x8F, 0xC0, 0x00, 0x6F, 0xF2, 0x00, 0x8F, 0xC0, 0x00, 0x0D, 0xFB, 0x00,
    0x8F, 0xC0, 0x00, 0x00, 0x8F, 0xC0, 0x00, 0x00, 0x8F, 0xC0, 0x00, 0x00, 0x8F, 0xC0, 0x00, 0x00,
    0x8F, 0xC0, 0x00, 0x00, 0x8F, 0xC0, 0x00, 0x00, 0x8F, 0xC0, 0x00, 0x00, 0x8F, 0xC0, 0x00, 0x00,
    0x8F, 0xC0, 0x00, 0x00, 0x8F, 0xC0, 0x00, 0x00, 0x8F, 0xFF, 0xFF, 0xFA, 0x8F, 0xFF, 0xFF, 0xFA,
    0x8F, 0xF4, 0x00, 0x00, 0x9F, 0xF3, 0x8F, 0xF9, 0x00, 0x00, 0xEF, 0xF3, 0x8F, 0xFE, 0x00, 0x04,
    0xFF, 0xF3, 0x8F, 0xDF, 0x50, 0x0A, 0xFD, 0xF3, 0x8F, 0x9F, 0xA0, 0x0F, 0xCC, 0xF3, 0x8F, 0x7D,
    0xF0, 0x5F, 0x7E, 0xF3, 0x8F, 0x88, 0xF5, 0xAF, 0x1E, 0xF3, 0x8F, 0x92, 0xFA, 0xFB, 0x0F, 0xF3,
    0x8F, 0x90, 0xCF, 0xF6, 0x0F, 0xF3, 0x8F, 0x90, 0x6F, 0xF0, 0x0F, 0xF3, 0x8F, 0x90, 0x1F, 0xA0,
    0x0F, 0xF3, 0x8F, 0x90, 0x00, 0x00, 0x0F, 0xF3, 0x8F, 0xF2, 0x00, 0x0B, 0xF8, 0x8F, 0xFA, 0x00,
    0x0B, 0xF8, 0x8F, 0xFF, 0x30, 0x0B, 0xF8, 0x8F, 0xBF, 0xB0, 0x0B, 0xF8, 0x8F, 0x8C, 0xF4, 0x0B,
    0xF8, 0x8F, 0x95, 0xFC, 0x0A, 0xF8, 0x8F, 0xA0, 0xDF, 0x59, 0xF8, 0x8F, 0xB0, 0x4F, 0xC8, 0xF8,
    0x8F, 0xB0, 0x0C, 0xFB, 0xF8, 0x8F, 0xB0, 0x03, 0xFF, 0xF8, 0x8F, 0xB0, 0x00, 0xBF, 0xF8, 0x8F,
    0xB0, 0x00, 0x2F, 0xF8, 0x00, 0x03, 0xAD, 0xEB, 0x60, 0x00, 0x00, 0x7F, 0xFF, 0xFF, 0xFB, 0x00,
    0x03, 0xFF, 0xB3, 0x27, 0xFF, 0x80, 0x0B, 0xFD, 0x00, 0x00, 0x8F, 0xF1, 0x0E, 0xF7, 0x00, 0x00,
    0x2F, 0xF3, 0x1F, 0xF5, 0x00, 0x00, 0x0F, 0xF6, 0x0F, 0xF5, 0x00, 0x00, 0x0F, 0xF5, 0x0E, 0xF8,
    0x00, 0x00, 0x2F, 0xF3, 0x0B, 0xFE, 0x00, 0x00, 0x9F, 0xF0, 0x02, 0xFF, 0xB3, 0x28, 0xFF, 0x70,
    0x00, 0x7F, 0xFF, 0xFF, 0xFB, 0x00, 0x00, 0x03, 0xAD, 0xEB, 0x60, 0x00, 0x8F, 0xFF, 0xFD, 0xA3,
    0x00, 0x8F, 0xFE, 0xEF, 0xFF, 0x30, 0x8F, 0xC0, 0x01, 0xCF, 0xB0, 0x8F, 0xC0, 0x00, 0x6F, 0xE0,
    0x8F, 0xC0, 0x00, 0x7F, 0xD0, 0x8F, 0xC0, 0x04, 0xEF, 0x90, 0x8F, 0xFF, 0xFF, 0xFE, 0x10, 0x8F,
    0xFD, 0xDB, 0x70, 0x00, 0x8F, 0xC0, 0x00, 0x00, 0x00, 0x8F, 0xC0, 0x00, 0x00, 0x00, 0x8F, 0xC0,
    0x00, 0x00, 0x00, 0x8F, 0xC0, 0x00, 0x00, 0x00, 0x00, 0x03, 0xAD, 0xEB, 0x60, 0x00, 0x00, 0x7F,
    0xFF, 0xFF, 0xFB, 0x00, 0x03, 0xFF, 0xB3, 0x27, 0xFF, 0x70, 0x0B, 0xFD, 0x00, 0x00, 0x9F, 0xF0,
    0x0E, 0xF7, 0x00, 0x00, 0x2F, 0xF3, 0x0F, 0xF5, 0x00, 0x00, 0x0F, 0xF5, 0x1F, 0xF5, 0x00, 0x00,
    0x0F, 0xF6, 0x0F, 0xF7, 0x00, 0x00, 0x2F, 0xF4, 0x0B, 0xFC, 0x00, 0x00, 0x7F, 0xF1, 0x04, 0xFF,
    0x70, 0x03, 0xEF, 0x90, 0x00, 0x9F, 0xFE, 0xDF, 0xFD, 0x10, 0x00, 0x06, 0xDF, 0xFF, 0x91, 0x00,
    0x00, 0x00, 0x0A, 0xFE, 0x50, 0x00, 0x00, 0x00, 0x01, 0xCF, 0xFF, 0xEB, 0x00, 0x00, 0x00, 0x06,
    0xCE, 0xFB, 0x8F, 0xFF, 0xFE, 0xB4, 0x00, 0x8F, 0xFE, 0xEF, 0xFF, 0x40, 0x8F, 0xC0, 0x01, 0xCF,
    0xC0, 0x8F, 0xC0, 0x00, 0x5F, 0xF0, 0x8F, 0xC0, 0x00, 0x6F, 0xF0, 0x8F, 0xC0, 0x03, 0xEF, 0xB0,
    0x8F, 0xFF, 0xFF, 0xFF, 0x30, 0x8F, 0xFD, 0xEF, 0xF2, 0x00, 0x8F, 0xC0, 0x2F, 0xF5, 0x00, 0x8F,
    0xC0, 0x09, 0xFE, 0x10, 0x8F, 0xC0, 0x01, 0xEF, 0x90, 0x8F, 0xC0, 0x00, 0x6F, 0xF3, 0x00, 0x2A,
    0xDE, 0xB6, 0x00, 0x02, 0xFF, 0xFF, 0xFF, 0xA0, 0x0A, 0xFE, 0x31, 0x4C, 0x30, 0x0C, 0xFA, 0x00,
    0x00, 0x00, 0x09, 0xFF, 0xA3, 0x00, 0x00, 0x01, 0xBF, 0xFF, 0xD4, 0x00, 0x00, 0x06, 0xDF, 0xFF,
    0x80, 0x00, 0x00, 0x04, 0xDF, 0xF2, 0x00, 0x10, 0x00, 0x3F, 0xF4, 0x0A, 0xE6, 0x22, 0x9F, 0xF1,
    0x1C, 0xFF, 0xFF, 0xFF, 0x80, 0x00, 0x6B, 0xEE, 0xC5, 0x00, 0x8F, 0xFF, 0xFF, 0xFF, 0xF8, 0x8F,
    0xFF, 0xFF, 0xFF, 0xF8, 0x00, 0x03, 0xFF, 0x20, 0x00, 0x00, 0x03, 0xFF, 0x20, 0x00, 0x00, 0x03,
    0xFF, 0x20, 0x00, 0x00, 0x03, 0xFF, 0x20, 0x00, 0x00, 0x03, 0xFF, 0x20, 0x00, 0x00, 0x03, 0xFF,
    0x20, 0x00, 0x00, 0x03, 0xFF, 0x20, 0x00, 0x00, 0x03, 0xFF, 0x20, 0x00, 0x00, 0x03, 0xFF, 0x20,
    0x00, 0x00, 0x03, 0xFF, 0x20, 0x00, 0x9F, 0xB0, 0x00, 0x0B, 0xF9, 0x9F, 0xB0, 0x00, 0x0B, 0xF9,
    0x9F, 0xB0, 0x00, 0x0B, 0xF9, 0x9F, 0xB0, 0x00, 0x0B, 0xF9, 0x9F, 0xB0, 0x00, 0x0B, 0xF9, 0x9F,
    0xB0, 0x00, 0x0B, 0xF9, 0x9F, 0xC0, 0x00, 0x0B, 0xF8, 0x7F, 0xD0, 0x00, 0x0C, 0xF7, 0x5F, 0xF1,
    0x00, 0x0F, 0xF5, 0x1F, 0xFA, 0x22, 0xAF, 0xE1, 0x07, 0xFF, 0xFF, 0xFF, 0x70, 0x00, 0x4C, 0xEE,
    0xC4, 0x00, 0x0E, 0xF8, 0x00, 0x00, 0x8F, 0xD0, 0x0A, 0xFC, 0x00, 0x00, 0xDF, 0x80, 0x05, 0xFF,
    0x10, 0x01, 0xFF, 0x30, 0x00, 0xFF, 0x50, 0x05, 0xFE, 0x00, 0x00, 0xBF, 0x90, 0x09, 0xF9, 0x00,
    0x00, 0x6F, 0xD0, 0x0D, 0xF5, 0x00, 0x00, 0x2F, 0xF2, 0x1F, 0xF0, 0x00, 0x00, 0x0D, 0xF6, 0x6F,
    0xB0, 0x00, 0x00, 0x08, 0xFA, 0xAF, 0x60, 0x00, 0x00, 0x03, 0xFE, 0xEF, 0x10, 0x00, 0x00, 0x00,
    0xEF, 0xFC, 0x00, 0x00, 0x00, 0x00, 0x9F, 0xF8, 0x00, 0x00, 0x9F, 0xC0, 0x00, 0xCF, 0x80, 0x00,
    0xFF, 0x30, 0x6F, 0xF0, 0x00, 0xFF, 0xB0, 0x02, 0xFF, 0x00, 0x3F, 0xF1, 0x03, 0xFF, 0xF0, 0x05,
    0xFD, 0x00, 0x0F, 0xF4, 0x07, 0xFD, 0xF3, 0x07, 0xFA, 0x00, 0x0D, 0xF6, 0x0A, 0xF8, 0xF7, 0x0A,
    0xF7, 0x00, 0x0A, 0xF9, 0x0E, 0xD4, 0xFA, 0x0D, 0xF4, 0x00, 0x07, 0xFB, 0x1F, 0xA1, 0xFE, 0x0F,
    0xF1, 0x00, 0x04, 0xFD, 0x5F, 0x70, 0xDF, 0x2F, 0xF0, 0x00, 0x01, 0xFF, 0x8F, 0x30, 0x9F, 0x8F,
    0xC0, 0x00, 0x00, 0xEF, 0xDF, 0x00, 0x6F, 0xDF, 0x90, 0x00, 0x00, 0xBF, 0xFC, 0x00, 0x2F, 0xFF,
    0x60, 0x00, 0x00, 0x8F, 0xF9, 0x00, 0x0E, 0xFF, 0x30, 0x00, 0x5F, 0xF4, 0x00, 0x2F, 0xF5, 0x0C,
    0xFC, 0x00, 0x9F, 0xC0, 0x04, 0xFF, 0x31, 0xFF, 0x40, 0x00, 0xBF, 0xB7, 0xFC, 0x00, 0x00, 0x2F,
    0xFE, 0xF3, 0x00, 0x00, 0x0A, 0xFF, 0xB0, 0x00, 0x00, 0x0C, 0xFF, 0xC0, 0x00, 0x00, 0x5F, 0xDF,
    0xF5, 0x00, 0x00, 0xDF, 0x58, 0xFD, 0x00, 0x06, 0xFE, 0x01, 0xFF, 0x60, 0x0E, 0xF7, 0x00, 0x9F,
    0xE0, 0x7F, 0xE0, 0x00, 0x1F, 0xF8, 0x0D, 0xF9, 0x00, 0x04, 0xFF, 0x20, 0x06, 0xFF, 0x00, 0x0A,
    0xFA, 0x00, 0x00, 0xEF, 0x60, 0x1F, 0xF3, 0x00, 0x00, 0x7F, 0xC0, 0x7F, 0xB0, 0x00, 0x00, 0x0F,
    0xF3, 0xDF, 0x40, 0x00, 0x00, 0x08, 0xFD, 0xFC, 0x00, 0x00, 0x00, 0x01, 0xFF, 0xF5, 0x00, 0x00,
    0x00, 0x00, 0x9F, 0xE0, 0x00, 0x00, 0x00, 0x00, 0x8F, 0xC0, 0x00, 0x00, 0x00, 0x00, 0x8F, 0xC0,
    0x00, 0x00, 0x00, 0x00, 0x8F, 0xC0, 0x00, 0x00, 0x00, 0x00, 0x8F, 0xC0, 0x00, 0x00, 0x0C, 0xFF,
    0xFF, 0xFF, 0xF1, 0x0C, 0xFF, 0xFF, 0xFF, 0xF0, 0x00, 0x00, 0x02, 0xFF, 0x60, 0x00, 0x00, 0x0C,
    0xFC, 0x00, 0x00, 0x00, 0x6F, 0xF2, 0x00, 0x00, 0x01, 0xFF, 0x70, 0x00, 0x00, 0x0B, 0xFD, 0x00,
    0x00, 0x00, 0x5F, 0xF3, 0x00, 0x00, 0x01, 0xEF, 0x90, 0x00, 0x00, 0x09, 0xFE, 0x00, 0x00, 0x00,
    0x3F, 0xFF, 0xFF, 0xFF, 0xF2, 0x4F, 0xFF, 0xFF, 0xFF, 0xF2, 0x6F, 0xFF, 0x40, 0x6F, 0x84, 0x10,
    0x6F, 0x50, 0x00, 0x6F, 0x50, 0x00, 0x6F, 0x50, 0x00, 0x6F, 0x50, 0x00, 0x6F, 0x50, 0x00, 0x6F,
    0x50, 0x00, 0x6F, 0x50, 0x00, 0x6F, 0x50, 0x00, 0x6F, 0x50, 0x00, 0x6F, 0x50, 0x00, 0x6F, 0x50,
    0x00, 0x6F, 0x50, 0x00, 0x6F, 0x83, 0x10, 0x6F, 0xFF, 0x40, 0x7F, 0x10, 0x00, 0x2F, 0x60, 0x00,
    0x0E, 0xA0, 0x00, 0x0A, 0xE0, 0x00, 0x06, 0xF2, 0x00, 0x02, 0xF6, 0x00, 0x00, 0xEA, 0x00, 0x00,
    0xAE, 0x00, 0x00, 0x6F, 0x20, 0x00, 0x2F, 0x60, 0x00, 0x0E, 0xA0, 0x00, 0x0A, 0xE0, 0x00, 0x06,
    0xF2, 0x00, 0x02, 0xF6, 0x00, 0x00, 0xEA, 0x00, 0x00, 0x9B, 0x3F, 0xFF, 0x60, 0x04, 0x8F, 0x60,
    0x00, 0x5F, 0x60, 0x00, 0x5F, 0x60, 0x00, 0x5F, 0x60, 0x00, 0x5F, 0x60, 0x00, 0x5F, 0x60, 0x00,
    0x5F, 0x60, 0x00, 0x5F, 0x60, 0x00, 0x5F, 0x60, 0x00, 0x5F, 0x60, 0x00, 0x5F, 0x60, 0x00, 0x5F,
    0x60, 0x00, 0x5F, 0x60, 0x03, 0x7F, 0x60, 0x3F, 0xFF, 0x60, 0x00, 0x00, 0x21, 0x00, 0x00, 0x00,
    0x08, 0xFE, 0x00, 0x00, 0x00, 0x0E, 0xFF, 0x40, 0x00, 0x00, 0x4F, 0x9F, 0xB0, 0x00, 0x00, 0xAF,
    0x2B, 0xF1, 0x00, 0x01, 0xFC, 0x06, 0xF7, 0x00, 0x07, 0xF7, 0x01, 0xFD, 0x00, 0x0D, 0xF1, 0x00,
    0xAF, 0x30, 0x00, 0x00, 0x00, 0x00, 0x00, 0xCF, 0xFF, 0xFF, 0xFF, 0xD0, 0x45, 0x55, 0x55, 0x55,
    0x50, 0x03, 0xB0, 0x00, 0x0E, 0xFA, 0x00, 0x03, 0xEF, 0x70, 0x00, 0x2E, 0xC0, 0x00, 0x01, 0x00,
    0x00, 0x7C, 0xEE, 0x91, 0x00, 0x0A, 0xFF, 0xFF, 0xFB, 0x00, 0x02, 0x71, 0x07, 0xFF, 0x10, 0x00,
    0x02, 0x58, 0xFF, 0x40, 0x02, 0xBF, 0xFC, 0xFF, 0x40, 0x0D, 0xF7, 0x00, 0xFF, 0x40, 0x2F, 0xF3,
    0x05, 0xFF, 0x40, 0x0E, 0xFF, 0xEF, 0xFF, 0x40, 0x03, 0xCF, 0xC4, 0xAF, 0x40, 0x69, 0x50, 0x00,
    0x00, 0x00, 0xBF, 0x90, 0x00, 0x00, 0x00, 0xBF, 0x90, 0x00, 0x00, 0x00, 0xBF, 0x90, 0x00, 0x00,
    0x00, 0xBF, 0x98, 0xEE, 0x90, 0x00, 0xBF, 0xFF, 0xFF, 0xFB, 0x00, 0xBF, 0xD3, 0x07, 0xFF, 0x30,
    0xBF, 0x90, 0x00, 0xFF, 0x70, 0xBF, 0x90, 0x00, 0xEF, 0x80, 0xBF, 0x90, 0x00, 0xFF, 0x50, 0xBF,
    0xC1, 0x09, 0xFF, 0x20, 0xBF, 0xFF, 0xFF, 0xF8, 0x00, 0xBF, 0x3A, 0xED, 0x60, 0x00, 0x00, 0x19,
    0xDF, 0xB3, 0x02, 0xFF, 0xFF, 0xF8, 0x0C, 0xFD, 0x20, 0x40, 0x1F, 0xF4, 0x00, 0x00, 0x3F, 0xF2,
    0x00, 0x00, 0x1F, 0xF4, 0x00, 0x00, 0x0D, 0xFD, 0x10, 0x42, 0x03, 0xFF, 0xFF, 0xFB, 0x00, 0x2B,
    0xEE, 0xB3, 0x00, 0x00, 0x00, 0x29, 0x90, 0x00, 0x00, 0x00, 0x4F, 0xF0, 0x00, 0x00, 0x00, 0x4F,
    0xF0, 0x00, 0x00, 0x00, 0x4F, 0xF0, 0x00, 0x3C, 0xFC, 0x7F, 0xF0, 0x03, 0xFF, 0xFF, 0xFF, 0xF0,
    0x0C, 0xFC, 0x10, 0x8F, 0xF0, 0x1F, 0xF5, 0x00, 0x4F, 0xF0, 0x3F, 0xF2, 0x00, 0x4F, 0xF0, 0x2F,
    0xF4, 0x00, 0x4F, 0xF0, 0x0E, 0xFB, 0x00, 0xAF, 0xF0, 0x06, 0xFF, 0xFF, 0xFF, 0xF0, 0x00, 0x6D,
    0xFB, 0x2F, 0xF0, 0x00, 0x2B, 0xED, 0x91, 0x00, 0x03, 0xFF, 0xFF, 0xFD, 0x00, 0x0D, 0xF8, 0x00,
    0xCF, 0x50, 0x2F, 0xF9, 0x99, 0xCF, 0x80, 0x3F, 0xFF, 0xFF, 0xFF, 0x80, 0x1F, 0xF2, 0x00, 0x00,
    0x00, 0x0C, 0xFB, 0x00, 0x03, 0x00, 0x03, 0xFF, 0xFD, 0xFE, 0x10, 0x00, 0x2A, 0xEF, 0xC6, 0x00,
    0x00, 0x2B, 0xFE, 0x40, 0x00, 0xEF, 0xFF, 0x20, 0x03, 0xFF, 0x30, 0x00, 0x05, 0xFF, 0x00, 0x00,
    0x8F, 0xFF, 0xFB, 0x00, 0x7E, 0xFF, 0xD9, 0x00, 0x05, 0xFF, 0x00, 0x00, 0x05, 0xFF, 0x00, 0x00,
    0x05, 0xFF, 0x00, 0x00, 0x05, 0xFF, 0x00, 0x00, 0x05, 0xFF, 0x00, 0x00, 0x05, 0xFF, 0x00, 0x00,
    0x05, 0xFF, 0x00, 0x00, 0x00, 0x6D, 0xFF, 0xFF, 0xF1, 0x08, 0xFF, 0xBF, 0xFE, 0xB1, 0x0E, 0xF5,
    0x04, 0xFD, 0x00, 0x0E, 0xF4, 0x03, 0xFE, 0x00, 0x08, 0xFE, 0x8D, 0xF9, 0x00, 0x02, 0xFE, 0xFD,
    0x80, 0x00, 0x0B, 0xF2, 0x00, 0x00, 0x00, 0x0B, 0xFE, 0xBB, 0xA8, 0x20, 0x04, 0xFF, 0xFF, 0xFF,
    0xE1, 0x1E, 0xD0, 0x00, 0x3F, 0xF3, 0x3F, 0xD3, 0x02, 0x7F, 0xE0, 0x0B, 0xFF, 0xFF, 0xFD, 0x20,
    0x00, 0x36, 0x76, 0x30, 0x00, 0x69, 0x50, 0x00, 0x00, 0x00, 0xBF, 0x90, 0x00, 0x00, 0x00, 0xBF,
    0x90, 0x00, 0x00, 0x00, 0xBF, 0x90, 0x00, 0x00, 0x00, 0xBF, 0x86, 0xCF, 0xB1, 0x00, 0xBF, 0xEF,
    0xFF, 0xFA, 0x00, 0xBF, 0xF5, 0x1A, 0xFF, 0x00, 0xBF, 0x90, 0x04, 0xFF, 0x00, 0xBF, 0x90, 0x04,
    0xFF, 0x10, 0xBF, 0x90, 0x04, 0xFF, 0x10, 0xBF, 0x90, 0x04, 0xFF, 0x10, 0xBF, 0x90, 0x04, 0xFF,
    0x10, 0xBF, 0x90, 0x04, 0xFF, 0x10, 0x7E, 0x60, 0xCF, 0xA0, 0x27, 0x20, 0x00, 0x00, 0xBF, 0x90,
    0xBF, 0x90, 0xBF, 0x90, 0xBF, 0x90, 0xBF, 0x90, 0xBF, 0x90, 0xBF, 0x90, 0xBF, 0x90, 0xBF, 0x90,
    0x00, 0x7E, 0x60, 0x00, 0xCF, 0xB0, 0x00, 0x27, 0x20, 0x00, 0x00, 0x00, 0x00, 0xBF, 0xA0, 0x00,
    0xBF, 0xA0, 0x00, 0xBF, 0xA0, 0x00, 0xBF, 0xA0, 0x00, 0xBF, 0xA0, 0x00, 0xBF, 0xA0, 0x00, 0xBF,
    0xA0, 0x00, 0xBF, 0xA0, 0x00, 0xBF, 0xA0, 0x00, 0xCF, 0xA0, 0x00, 0xEF, 0x80, 0x8F, 0xFF, 0x30,
    0xBF, 0xD6, 0x00, 0x9C, 0x70, 0x00, 0x00, 0x00, 0xBF, 0x90, 0x00, 0x00, 0x00, 0xBF, 0x90, 0x00,
    0x00, 0x00, 0xBF, 0x90, 0x00, 0x00, 0x00, 0xBF, 0x90, 0x0B, 0xFD, 0x00, 0xBF, 0x90, 0x7F, 0xE1,
    0x00, 0xBF, 0x94, 0xFF, 0x30, 0x00, 0xBF, 0xBE, 0xF7, 0x00, 0x00, 0xBF, 0xFF, 0xFB, 0x00, 0x00,
    0xBF, 0xFA, 0xFF, 0x50, 0x00, 0xBF, 0xC0, 0x7F, 0xE1, 0x00, 0xBF, 0x90, 0x0D, 0xF9, 0x00, 0xBF,
    0x90, 0x04, 0xFF, 0x30, 0xBF, 0x90, 0xBF, 0x90, 0xBF, 0x90, 0xBF, 0x90, 0xBF, 0x90, 0xBF, 0x90,
    0xBF, 0x90, 0xBF, 0x90, 0xBF, 0x90, 0xBF, 0x90, 0xBF, 0xA0, 0x9F, 0xF6, 0x1C, 0xF8, 0xBF, 0x36,
    0xDE, 0x90, 0x3B, 0xEC, 0x20, 0xBF, 0xDF, 0xFF, 0xFB, 0xFF, 0xFF, 0xC0, 0xBF, 0xF5, 0x2C, 0xFF,
    0x81, 0x8F, 0xF1, 0xBF, 0x90, 0x07, 0xFE, 0x00, 0x2F, 0xF3, 0xBF, 0x90, 0x06, 0xFE, 0x00, 0x1F,
    0xF3, 0xBF, 0x90, 0x06, 0xFE, 0x00, 0x1F, 0xF3, 0xBF, 0x90, 0x06, 0xFE, 0x00, 0x1F, 0xF3, 0xBF,
    0x90, 0x06, 0xFE, 0x00, 0x1F, 0xF3, 0xBF, 0x90, 0x06, 0xFE, 0x00, 0x1F, 0xF3, 0xBF, 0x36, 0xCF,
    0xB1, 0x00, 0xBF, 0xDF, 0xFF, 0xFA, 0x00, 0xBF, 0xF5, 0x1A, 0xFF, 0x00, 0xBF, 0x90, 0x04, 0xFF,
    0x00, 0xBF, 0x90, 0x04, 0xFF, 0x10, 0xBF, 0x90, 0x04, 0xFF, 0x10, 0xBF, 0x90, 0x04, 0xFF, 0x10,
    0xBF, 0x90, 0x04, 0xFF, 0x10, 0xBF, 0x90, 0x04, 0xFF, 0x10, 0x00, 0x2A, 0xEE, 0xA2, 0x00, 0x03,
    0xFF, 0xFF, 0xFF, 0x30, 0x0D, 0xFB, 0x01, 0xBF, 0xD0, 0x1F, 0xF3, 0x00, 0x4F, 0xF1, 0x4F, 0xF1,
    0x00, 0x2F, 0xF4, 0x1F, 0xF3, 0x00, 0x3F, 0xF1, 0x0D, 0xFB, 0x00, 0xBF, 0xD0, 0x03, 0xFF, 0xFF,
    0xFF, 0x30, 0x00, 0x2A, 0xEE, 0xA2, 0x00, 0xBF, 0x48, 0xDE, 0x90, 0x00, 0xBF, 0xFF, 0xFF, 0xFB,
    0x00, 0xBF, 0xD3, 0x07, 0xFF, 0x30, 0xBF, 0x90, 0x00, 0xFF, 0x70, 0xBF, 0x90, 0x00, 0xEF, 0x80,
    0xBF, 0x90, 0x00, 0xFF, 0x50, 0xBF, 0xC1, 0x09, 0xFF, 0x20, 0xBF, 0xFF, 0xFF, 0xF8, 0x00, 0xBF,
    0xAA, 0xED, 0x60, 0x00, 0xBF, 0x90, 0x00, 0x00, 0x00, 0xBF, 0x90, 0x00, 0x00, 0x00, 0xBF, 0x90,
    0x00, 0x00, 0x00, 0xBF, 0x90, 0x00, 0x00, 0x00, 0x00, 0x3C, 0xFC, 0x3E, 0xF0, 0x04, 0xFF, 0xFF,
    0xFF, 0xF0, 0x0D, 0xFC, 0x10, 0x8F, 0xF0, 0x1F, 0xF5, 0x00, 0x4F, 0xF0, 0x3F, 0xF2, 0x00, 0x4F,
    0xF0, 0x1F, 0xF4, 0x00, 0x4F, 0xF0, 0x0E, 0xFB, 0x00, 0xAF, 0xF0, 0x06, 0xFF, 0xFF, 0xFF, 0xF0,
    0x00, 0x6C, 0xFB, 0x6F, 0xF0, 0x00, 0x00, 0x00, 0x4F, 0xF0, 0x00, 0x00, 0x00, 0x4F, 0xF0, 0x00,
    0x00, 0x00, 0x4F, 0xF0, 0x00, 0x00, 0x00, 0x4F, 0xF0, 0xBF, 0x36, 0xDE, 0xBF, 0xAF, 0xFB, 0xBF,
    0xF9, 0x21, 0xBF, 0xC0, 0x00, 0xBF, 0x90, 0x00, 0xBF, 0x90, 0x00, 0xBF, 0x90, 0x00, 0xBF, 0x90,
    0x00, 0xBF, 0x90, 0x00, 0x01, 0x9E, 0xFC, 0x50, 0x0B, 0xFF, 0xDF, 0xE1, 0x0F, 0xF3, 0x01, 0x30,
    0x0D, 0xFD, 0x60, 0x00, 0x02, 0xBF, 0xFE, 0x60, 0x00, 0x03, 0xAF, 0xF3, 0x06, 0x10, 0x0E, 0xF5,
    0x5F, 0xFD, 0xEF, 0xE1, 0x06, 0xCE, 0xEA, 0x20, 0x00, 0x66, 0x00, 0x00, 0x01, 0xFE, 0x00, 0x00,
    0x03, 0xFE, 0x00, 0x00, 0x9F, 0xFF, 0xFF, 0x20, 0x9E, 0xFF, 0xDD, 0x20, 0x06, 0xFE, 0x00, 0x00,
    0x06, 0xFE, 0x00, 0x00, 0x06, 0xFE, 0x00, 0x00, 0x06, 0xFF, 0x00, 0x00, 0x05, 0xFF, 0x30, 0x00,
    0x01, 0xFF, 0xFE, 0x20, 0x00, 0x4C, 0xFD, 0x40, 0xDF, 0x70, 0x06, 0xFE, 0xDF, 0x70, 0x06, 0xFE,
    0xDF, 0x70, 0x06, 0xFE, 0xDF, 0x70, 0x06, 0xFE, 0xDF, 0x70, 0x06, 0xFE, 0xDF, 0x80, 0x06, 0xFE,
    0xBF, 0xC2, 0x3E, 0xFE, 0x6F, 0xFF, 0xFC, 0xFE, 0x09, 0xED, 0x80, 0xFE, 0x9F, 0xB0, 0x00, 0x6F,
    0xD0, 0x4F, 0xF0, 0x00, 0xBF, 0x70, 0x0E, 0xF4, 0x00, 0xFF, 0x20, 0x09, 0xF9, 0x04, 0xFD, 0x00,
    0x04, 0xFD, 0x09, 0xF7, 0x00, 0x00, 0xEF, 0x2D, 0xF2, 0x00, 0x00, 0x9F, 0x8F, 0xD0, 0x00, 0x00,
    0x3F, 0xFF, 0x70, 0x00, 0x00, 0x0E, 0xFF, 0x20, 0x00, 0x6F, 0xE0, 0x03, 0xFF, 0x10, 0x0E, 0xF3,
    0x2F, 0xF1, 0x07, 0xFF, 0x50, 0x2F, 0xF0, 0x0E, 0xF5, 0x0B, 0xEF, 0x90, 0x5F, 0xB0, 0x0A, 0xF8,
    0x0E, 0xAE, 0xD0, 0x9F, 0x70, 0x06, 0xFC, 0x2F, 0x7A, 0xF1, 0xCF, 0x40, 0x02, 0xFE, 0x6F, 0x37,
    0xF5, 0xFF, 0x00, 0x00, 0xEF, 0xBF, 0x03, 0xFB, 0xFC, 0x00, 0x00, 0xAF, 0xFC, 0x00, 0xFF, 0xF8,
    0x00, 0x00, 0x6F, 0xF8, 0x00, 0xBF, 0xF4, 0x00, 0x4F, 0xF3, 0x02, 0xFF, 0x40, 0x0A, 0xFC, 0x09,
    0xFB, 0x00, 0x01, 0xFF, 0x6F, 0xF2, 0x00, 0x00, 0x7F, 0xFF, 0x80, 0x00, 0x00, 0x1F, 0xFF, 0x10,
    0x00, 0x00, 0xAF, 0xFF, 0x80, 0x00, 0x04, 0xFE, 0x4F, 0xF2, 0x00, 0x0D, 0xF7, 0x0B, 0xFC, 0x00,
    0x7F, 0xE0, 0x02, 0xFF, 0x60, 0x9F, 0xB0, 0x00, 0x6F, 0xC0, 0x3F, 0xF1, 0x00, 0xBF, 0x70, 0x0D,
    0xF6, 0x00, 0xFF, 0x20, 0x07, 0xFB, 0x04, 0xFC, 0x00, 0x01, 0xFF, 0x18, 0xF7, 0x00, 0x00, 0xBF,
    0x5C, 0xF2, 0x00, 0x00, 0x5F, 0xAF, 0xD0, 0x00, 0x00, 0x0E, 0xFF, 0x70, 0x00, 0x00, 0x08, 0xFF,
    0x20, 0x00, 0x00, 0x06, 0xFD, 0x00, 0x00, 0x00, 0x1D, 0xF6, 0x00, 0x00, 0x0C, 0xFF, 0xC0, 0x00,
    0x00, 0x1F, 0xEA, 0x10, 0x00, 0x00, 0x0E, 0xFF, 0xFF, 0xF9, 0x0C, 0xDD, 0xEF, 0xF6, 0x00, 0x00,
    0xCF, 0xB0, 0x00, 0x07, 0xFF, 0x10, 0x00, 0x2F, 0xF6, 0x00, 0x00, 0xCF, 0xB0, 0x00, 0x07, 0xFE,
    0x10, 0x00, 0x2F, 0xFF, 0xDD, 0xD9, 0x5F, 0xFF, 0xFF, 0xFB, 0x00, 0x5E, 0xF4, 0x00, 0xEF, 0x61,
    0x00, 0xFE, 0x00, 0x00, 0xFE, 0x00, 0x00, 0xEE, 0x00, 0x00, 0xEE, 0x00, 0x04, 0xFC, 0x00, 0x6F,
    0xE2, 0x00, 0x3B, 0xF9, 0x00, 0x00, 0xFE, 0x00, 0x00, 0xEE, 0x00, 0x00, 0xFE, 0x00, 0x00, 0xFD,
    0x00, 0x00, 0xFE, 0x00, 0x00, 0xEF, 0x61, 0x00, 0x5E, 0xF4, 0x6F, 0x10, 0x6F, 0x10, 0x6F, 0x10,
    0x6F, 0x10, 0x6F, 0x10, 0x6F, 0x10, 0x6F, 0x10, 0x6F, 0x10, 0x6F, 0x10, 0x6F, 0x10, 0x6F, 0x10,
    0x6F, 0x10, 0x6F, 0x10, 0x6F, 0x10, 0x6F, 0x10, 0x6F, 0x10, 0x6F, 0x10, 0x6F, 0x10, 0x12, 0x00,
    0x3F, 0xE6, 0x00, 0x06, 0xFF, 0x00, 0x00, 0xDF, 0x00, 0x00, 0xDF, 0x00, 0x00, 0xEF, 0x00, 0x00,
    0xEE, 0x00, 0x00, 0xCF, 0x50, 0x00, 0x2E, 0xF7, 0x00, 0x8F, 0xB3, 0x00, 0xDF, 0x00, 0x00, 0xEE,
    0x00, 0x00, 0xDF, 0x00, 0x00, 0xDF, 0x00, 0x00, 0xDF, 0x00, 0x06, 0xFE, 0x00, 0x3F, 0xE5, 0x00,
    0x01, 0x79, 0x30, 0x00, 0x00, 0x1D, 0xFF, 0xF7, 0x1B, 0x60, 0x2D, 0x53, 0xDF, 0xFF, 0x60, 0x00,
    0x00, 0x07, 0x94, 0x00, 0x04, 0xEE, 0x40, 0x0E, 0xFF, 0xE0, 0x0F, 0xFF, 0xF0, 0x06, 0xFF, 0x50,
    0x00, 0x00, 0x00, 0x09, 0x60, 0x00, 0x00, 0x06, 0x90, 0x0D, 0xF6, 0x00, 0x00, 0x6F, 0xD1, 0x01,
    0xDF, 0x60, 0x05, 0xFD, 0x10, 0x00, 0x1D, 0xF6, 0x5F, 0xD1, 0x00, 0x00, 0x01, 0xDF, 0xFD, 0x10,
    0x00, 0x00, 0x00, 0x7F, 0xF7, 0x00, 0x00, 0x00, 0x05, 0xFD, 0xDF, 0x60, 0x00, 0x00, 0x5F, 0xD1,
    0x1D, 0xF6, 0x00, 0x05, 0xFD, 0x10, 0x01, 0xDF, 0x60, 0x0E, 0xD1, 0x00, 0x00, 0x1D, 0xF1, 0x03,
    0x10, 0x00, 0x00, 0x01, 0x30, 0x00, 0x00, 0x09, 0x90, 0x00, 0x00, 0x00, 0x00, 0x4F, 0xF4, 0x00,
    0x00, 0x00, 0x00, 0x1C, 0xC0, 0x00, 0x00, 0x00, 0x00, 0x00, 0x00, 0x00, 0x00, 0x00, 0x00, 0x00,
    0x00, 0x00, 0x00, 0x69, 0x99, 0x99, 0x99, 0x99, 0x96, 0xAF, 0xFF, 0xFF, 0xFF, 0xFF, 0xFA, 0x00,
    0x00, 0x00, 0x00, 0x00, 0x00, 0x00, 0x00, 0x00, 0x00, 0x00, 0x00, 0x00, 0x00, 0x0C, 0xC0, 0x00,
    0x00, 0x00, 0x00, 0x4F, 0xF4, 0x00, 0x00, 0x00, 0x00, 0x09, 0x90, 0x00, 0x00, 0x17, 0x77, 0x77,
    0x77, 0x77, 0x77, 0x75, 0x3F, 0xFF, 0xFF, 0xFF, 0xFF, 0xFF, 0xFB, 0x00, 0x00, 0x00, 0xB4, 0x0B,
    0x90, 0x1F, 0x40, 0x2F, 0xF4, 0x0A, 0xD2, 0x2D, 0xA0, 0x4F, 0xF2, 0x05, 0xF1, 0x09, 0xB0, 0x4B,
    0x10, 0x00, 0x00, 0x00, 0x00, 0x00, 0x00, 0x01, 0xC2, 0x09, 0x60, 0x0C, 0x80, 0x9B, 0x00, 0x3F,
    0x30, 0xF7, 0x00, 0x3F, 0xF3, 0xFF, 0x70, 0x0B, 0xD1, 0x7E, 0x40, 0x4E, 0x81, 0xDC, 0x00, 0x7F,
    0xF3, 0xFF, 0x30, 0x07, 0xF0, 0x4F, 0x30, 0x0B, 0x90, 0x8D, 0x00, 0x69, 0x02, 0xC1, 0x00, 0x00,
    0x00, 0x00, 0x00, 0x3E, 0x80, 0x00, 0xCC, 0x00, 0x08, 0xE3, 0x8F, 0xD0, 0x02, 0xFF, 0x20, 0x0D,
    0xF8, 0x17, 0x30, 0x00, 0x66, 0x00, 0x03, 0x71, 0x07, 0xEE, 0x60, 0x00, 0x00, 0x00, 0x00, 0x00,
    0x4F, 0x66, 0xF3, 0x00, 0x06, 0xCF, 0xEB, 0x30, 0x8C, 0x00, 0xD7, 0x00, 0xCF, 0xFF, 0xFF, 0xF2,
    0x5F, 0x33, 0xF4, 0x08, 0xFF, 0x61, 0x15, 0x40, 0x0A, 0xFF, 0x90, 0x1F, 0xF6, 0x00, 0x00, 0x00,
    0x00, 0x11, 0x00, 0x5F, 0xF0, 0x00, 0x00, 0x00, 0x00, 0x00, 0x00, 0x7F, 0xE0, 0x00, 0x00, 0x00,
    0x00, 0x00, 0x00, 0x8F, 0xE0, 0x00, 0x00, 0x00, 0x00, 0x00, 0x00, 0x6F, 0xF0, 0x00, 0x00, 0x00,
    0x00, 0x00, 0x00, 0x3F, 0xF4, 0x00, 0x00, 0x00, 0x00, 0x00, 0x00, 0x0E, 0xFB, 0x00, 0x00, 0x20,
    0x00, 0x00, 0x00, 0x06, 0xFF, 0x92, 0x3A, 0xE1, 0x00, 0x00, 0x00, 0x00, 0xAF, 0xFF, 0xFF, 0xF4,
    0x00, 0x00, 0x00, 0x00, 0x06, 0xBE, 0xEA, 0x30, 0x00, 0x00, 0x96, 0x00, 0x00, 0x00, 0x00, 0x00,
    0x00, 0x07, 0xFC, 0x00, 0x00, 0x00, 0x00, 0x00, 0x00, 0x6F, 0xD1, 0x00, 0x00, 0x00, 0x00, 0x00,
    0x09, 0xFF, 0xB9, 0x99, 0x99, 0x99, 0x99, 0x93, 0x2D, 0xFF, 0xFF, 0xFF, 0xFF, 0xFF, 0xFF, 0xF5,
    0x01, 0xBF, 0x90, 0x00, 0x00, 0x00, 0x00, 0x00, 0x00, 0x0B, 0xF8, 0x00, 0x00, 0x00, 0x00, 0x00,
    0x00, 0x00, 0xCA, 0x00, 0x00, 0x00, 0x00, 0x00, 0x00, 0x00, 0x00, 0x00, 0x00, 0x00, 0x00, 0x00,
    0x00, 0x03, 0x30, 0x00, 0x00, 0x1E, 0xE1, 0x00, 0x00, 0xCF, 0xFC, 0x00, 0x1C, 0xFF, 0xFF, 0xC1,
    0xAF, 0x7D, 0xC7, 0xFA, 0x36, 0x0D, 0xC0, 0x62, 0x00, 0x0D, 0xC0, 0x00, 0x00, 0x0D, 0xC0, 0x00,
    0x00, 0x0D, 0xC0, 0x00, 0x00, 0x0D, 0xC0, 0x00, 0x00, 0x0D, 0xC0, 0x00, 0x00, 0x0D, 0xC0, 0x00,
    0x00, 0x0D, 0xC0, 0x00, 0x00, 0x0D, 0xC0, 0x00, 0x00, 0x0D, 0xC0, 0x00, 0x00, 0x00, 0x00, 0x00,
    0x00, 0x79, 0x00, 0x00, 0x00, 0x00, 0x00, 0x00, 0x00, 0xCF, 0x70, 0x00, 0x00, 0x00, 0x00, 0x00,
    0x00, 0x1D, 0xF6, 0x00, 0x39, 0x99, 0x99, 0x99, 0x99, 0x9B, 0xFF, 0x90, 0x5F, 0xFF, 0xFF, 0xFF,
    0xFF, 0xFF, 0xFF, 0xD2, 0x00, 0x00, 0x00, 0x00, 0x00, 0x09, 0xFB, 0x10, 0x00, 0x00, 0x00, 0x00,
    0x00, 0x8F, 0xB0, 0x00, 0x00, 0x00, 0x00, 0x00, 0x00, 0xBC, 0x00, 0x00, 0x00, 0x00, 0x00, 0x00,
    0x00, 0x00, 0x00, 0x00, 0x00, 0x0D, 0xC0, 0x00, 0x00, 0x0D, 0xC0, 0x00, 0x00, 0x0D, 0xC0, 0x00,
    0x00, 0x0D, 0xC0, 0x00, 0x00, 0x0D, 0xC0, 0x00, 0x00, 0x0D, 0xC0, 0x00, 0x00, 0x0D, 0xC0, 0x00,
    0x00, 0x0D, 0xC0, 0x00, 0x00, 0x0D, 0xC0, 0x00, 0x35, 0x0D, 0xC0, 0x52, 0xAF, 0x6D, 0xC7, 0xFA,
    0x1D, 0xFF, 0xFF, 0xC1, 0x01, 0xCF, 0xFC, 0x00, 0x00, 0x1E, 0xE1, 0x00, 0x00, 0x04, 0x40, 0x00,
    0x00, 0x00, 0x96, 0x00, 0x00, 0x79, 0x00, 0x00, 0x00, 0x07, 0xFC, 0x00, 0x00, 0xCF, 0x70, 0x00,
    0x00, 0x6F, 0xD1, 0x00, 0x00, 0x1D, 0xF6, 0x00, 0x09, 0xFF, 0xB9, 0x99, 0x99, 0x9B, 0xFF, 0x90,
    0x2D, 0xFF, 0xFF, 0xFF, 0xFF, 0xFF, 0xFF, 0xD2, 0x01, 0xBF, 0x90, 0x00, 0x00, 0x09, 0xFB, 0x10,
    0x00, 0x0B, 0xF8, 0x00, 0x00, 0x8F, 0xB0, 0x00, 0x00, 0x00, 0xCA, 0x00, 0x00, 0xBC, 0x00, 0x00,
    0x00, 0x00, 0x00, 0x00, 0x00, 0x00, 0x00, 0x00, 0x00, 0x06, 0x60, 0x00, 0x00, 0x3F, 0xF3, 0x00,
    0x02, 0xEF, 0xFE, 0x20, 0x2E, 0xFE, 0xEF, 0xE2, 0x9F, 0x4D, 0xC4, 0xF9, 0x13, 0x0D, 0xC0, 0x31,
    0x00, 0x0D, 0xC0, 0x00, 0x00, 0x0D, 0xC0, 0x00, 0x00, 0x0D, 0xC0, 0x00, 0x24, 0x0D, 0xC0, 0x42,
    0xAF, 0x5D, 0xC6, 0xF9, 0x2D, 0xFF, 0xFF, 0xD1, 0x01, 0xDF, 0xFD, 0x10, 0x00, 0x2F, 0xF2, 0x00,
    0x00, 0x05, 0x40, 0x00, 0x4B, 0xBB, 0xBB, 0xBB, 0xBB, 0xBB, 0xB4, 0x64, 0x00, 0x00, 0x00, 0x00,
    0x00, 0x46, 0x64, 0x00, 0x00, 0x00, 0x00, 0x00, 0x46, 0x64, 0x00, 0x00, 0x00, 0x00, 0x00, 0x46,
    0x64, 0x00, 0x00, 0x00, 0x00, 0x00, 0x46, 0x64, 0x00, 0x00, 0x00, 0x00, 0x00, 0x46, 0x64, 0x00,
    0x00, 0x00, 0x00, 0x00, 0x46, 0x64, 0x00, 0x00, 0x00, 0x00, 0x00, 0x46, 0x64, 0x00, 0x00, 0x00,
    0x00, 0x00, 0x46, 0x64, 0x00, 0x00, 0x00, 0x00, 0x00, 0x46, 0x64, 0x00, 0x00, 0x00, 0x00, 0x00,
    0x46, 0x64, 0x00, 0x00, 0x00, 0x00, 0x00, 0x46, 0x64, 0x00, 0x00, 0x00, 0x00, 0x00, 0x46, 0x4B,
    0xBB, 0xBB, 0xBB, 0xBB, 0xBB, 0xB4, 0x4B, 0xBB, 0xBB, 0xBB, 0xBB, 0xBB, 0xB4, 0x64, 0x00, 0x00,
    0x00, 0x00, 0x00, 0x46, 0x64, 0x00, 0x00, 0x00, 0x00, 0x00, 0x46, 0x6C, 0xBB, 0xBB, 0xBB, 0xBB,
    0xBB, 0xC6, 0x64, 0x00, 0x00, 0x00, 0x00, 0x00, 0x46, 0x64, 0x00, 0x00, 0x00, 0x00, 0x00, 0x46,
    0x64, 0x00, 0x00, 0x00, 0x00, 0x00, 0x46, 0x6C, 0xBB, 0xBB, 0xBB, 0xBB, 0xBB, 0xC6, 0x64, 0x00,
    0x00, 0x00, 0x00, 0x00, 0x46, 0x64, 0x00, 0x00, 0x00, 0x00, 0x00, 0x46, 0x6C, 0xBB, 0xBB, 0xBB,
    0xBB, 0xBB, 0xC6, 0x64, 0x00, 0x00, 0x00, 0x00, 0x00, 0x46, 0x64, 0x00, 0x00, 0x00, 0x00, 0x00,
    0x46, 0x4B, 0xBB, 0xBB, 0xBB, 0xBB, 0xBB, 0xB4, 0x00, 0x00, 0x00, 0x00, 0x00, 0x00, 0x00, 0x00,
    0x00, 0x00, 0x00, 0x04, 0x40, 0x00, 0x00, 0x00, 0x00, 0x00, 0x00, 0x0D, 0xD0, 0x00, 0x00, 0x00,
    0x00, 0x00, 0x00, 0x7F, 0xF7, 0x00, 0x00, 0x00, 0x00, 0x00, 0x01, 0xFF, 0xFF, 0x10, 0x00, 0x00,
    0x00, 0x00, 0x09, 0xFF, 0xFF, 0x90, 0x00, 0x00, 0x00, 0x00, 0x3F, 0xFF, 0xFF, 0xF3, 0x00, 0x00,
    0x00, 0x00, 0xCF, 0xFF, 0xFF, 0xFC, 0x00, 0x00, 0x00, 0x05, 0xFF, 0xFF, 0xFF, 0xFF, 0x50, 0x00,
    0x00, 0x0E, 0xFF, 0xFF, 0xFF, 0xFF, 0xE0, 0x00, 0x00, 0x8F, 0xFF, 0xFF, 0xFF, 0xFF, 0xF7, 0x00,
    0x01, 0xFF, 0xFF, 0xFF, 0xFF, 0xFF, 0xFF, 0x10, 0x0A, 0xFF, 0xFF, 0xFF, 0xFF, 0xFF, 0xFF, 0xA0,
    0x3F, 0xFF, 0xFF, 0xFF, 0xFF, 0xFF, 0xFF, 0xF3, 0x00, 0x00, 0x00, 0x00, 0x00, 0x00, 0x00, 0x0B,
    0x20, 0x00, 0x00, 0x00, 0x00, 0x00, 0x0F, 0xF8, 0x00, 0x00, 0x00, 0x00, 0x00, 0x0F, 0xFF, 0xE6,
    0x00, 0x00, 0x00, 0x00, 0x0F, 0xFF, 0xFF, 0xC3, 0x00, 0x00, 0x00, 0x0F, 0xFF, 0xFF, 0xFF, 0xA2,
    0x00, 0x00, 0x0F, 0xFF, 0xFF, 0xFF, 0xFF, 0x80, 0x00, 0x0F, 0xFF, 0xFF, 0xFF, 0xFF, 0xFE, 0x50,
    0x0F, 0xFF, 0xFF, 0xFF, 0xFF, 0xFF, 0xF8, 0x0F, 0xFF, 0xFF, 0xFF, 0xFF, 0xFD, 0x50, 0x0F, 0xFF,
    0xFF, 0xFF, 0xFF, 0x70, 0x00, 0x0F, 0xFF, 0xFF, 0xFF, 0xA1, 0x00, 0x00, 0x0F, 0xFF, 0xFF, 0xC3,
    0x00, 0x00, 0x00, 0x0F, 0xFF, 0xE5, 0x00, 0x00, 0x00, 0x00, 0x0F, 0xF8, 0x00, 0x00, 0x00, 0x00,
    0x00, 0x0A, 0x20, 0x00, 0x00, 0x00, 0x00, 0x00, 0x3F, 0xFF, 0xFF, 0xFF, 0xFF, 0xFF, 0xFF, 0xF3,
    0x0A, 0xFF, 0xFF, 0xFF, 0xFF, 0xFF, 0xFF, 0xA0, 0x01, 0xFF, 0xFF, 0xFF, 0xFF, 0xFF, 0xFF, 0x10,
    0x00, 0x8F, 0xFF, 0xFF, 0xFF, 0xFF, 0xF7, 0x00, 0x00, 0x0E, 0xFF, 0xFF, 0xFF, 0xFF, 0xE0, 0x00,
    0x00, 0x05, 0xFF, 0xFF, 0xFF, 0xFF, 0x50, 0x00, 0x00, 0x00, 0xCF, 0xFF, 0xFF, 0xFC, 0x00, 0x00,
    0x00, 0x00, 0x3F, 0xFF, 0xFF, 0xF3, 0x00, 0x00, 0x00, 0x00, 0x09, 0xFF, 0xFF, 0x90, 0x00, 0x00,
    0x00, 0x00, 0x01, 0xFF, 0xFF, 0x10, 0x00, 0x00, 0x00, 0x00, 0x00, 0x7F, 0xF7, 0x00, 0x00, 0x00,
    0x00, 0x00, 0x00, 0x0D, 0xD0, 0x00, 0x00, 0x00, 0x00, 0x00, 0x00, 0x04, 0x40, 0x00, 0x00, 0x00,
    0x00, 0x00, 0x00, 0x00, 0x00, 0x00, 0x00, 0x00, 0x00, 0x00, 0x00, 0x00, 0x00, 0x00, 0x00, 0x00,
    0x00, 0x00, 0x00, 0x00, 0x02, 0xB0, 0x00, 0x00, 0x00, 0x00, 0x01, 0x8F, 0xF0, 0x00, 0x00, 0x00,
    0x00, 0x6E, 0xFF, 0xF0, 0x00, 0x00, 0x00, 0x4D, 0xFF, 0xFF, 0xF0, 0x00, 0x00, 0x2A, 0xFF, 0xFF,
    0xFF, 0xF0, 0x00, 0x08, 0xFF, 0xFF, 0xFF, 0xFF, 0xF0, 0x05, 0xEF, 0xFF, 0xFF, 0xFF, 0xFF, 0xF0,
    0x8F, 0xFF, 0xFF, 0xFF, 0xFF, 0xFF, 0xF0, 0x05, 0xEF, 0xFF, 0xFF, 0xFF, 0xFF, 0xF0, 0x00, 0x07,
    0xFF, 0xFF, 0xFF, 0xFF, 0xF0, 0x00, 0x00, 0x1A, 0xFF, 0xFF, 0xFF, 0xF0, 0x00, 0x00, 0x00, 0x3C,
    0xFF, 0xFF, 0xF0, 0x00, 0x00, 0x00, 0x00, 0x6E, 0xFF, 0xF0, 0x00, 0x00, 0x00, 0x00, 0x00, 0x8F,
    0xF0, 0x00, 0x00, 0x00, 0x00, 0x00, 0x02, 0xA0, 0x00, 0x00, 0x03, 0x8A, 0xA8, 0x30, 0x00, 0x00,
    0x00, 0x00, 0x99, 0x30, 0x03, 0x99, 0x00, 0x00, 0x00, 0x1B, 0x40, 0x00, 0x00, 0x04, 0xB1, 0x00,
    0x00, 0xA2, 0x00, 0x00, 0x00, 0x00, 0x2A, 0x00, 0x05, 0x70, 0x00, 0x00, 0x00, 0x00, 0x08, 0x50,
    0x0B, 0x00, 0x00, 0x00, 0x00, 0x00, 0x00, 0xB0, 0x0A, 0x00, 0x00, 0x00, 0x00, 0x00, 0x00, 0xA0,
    0x28, 0x00, 0x00, 0x00, 0x00, 0x00, 0x00, 0x82, 0x28, 0x00, 0x00, 0x00, 0x00, 0x00, 0x00, 0x82,
    0x0A, 0x00, 0x00, 0x00, 0x00, 0x00, 0x00, 0xA0, 0x0B, 0x00, 0x00, 0x00, 0x00, 0x00, 0x00, 0xB0,
    0x05, 0x70, 0x00, 0x00, 0x00, 0x00, 0x07, 0x50, 0x00, 0xA2, 0x00, 0x00, 0x00, 0x00, 0x2A, 0x00,
    0x00, 0x1C, 0x40, 0x00, 0x00, 0x04, 0xC1, 0x00, 0x00, 0x00, 0x99, 0x30, 0x03, 0x99, 0x00, 0x00,
    0x00, 0x00, 0x03, 0x8A, 0xA8, 0x30, 0x00, 0x00, 0x00, 0x00, 0x18, 0xDF, 0xFD, 0x81, 0x00, 0x00,
    0x00, 0x04, 0xEF, 0xFF, 0xFF, 0xFE, 0x40, 0x00, 0x00, 0x5F, 0xFF, 0xFF, 0xFF, 0xFF, 0xF5, 0x00,
    0x01, 0xEF, 0xFF, 0xFF, 0xFF, 0xFF, 0xFE, 0x10, 0x0A, 0xFF, 0xFF, 0xFF, 0xFF, 0xFF, 0xFF, 0xA0,
    0x0F, 0xFF, 0xFF, 0xFF, 0xFF, 0xFF, 0xFF, 0xF0, 0x2F, 0xFF, 0xFF, 0xFF, 0xFF, 0xFF, 0xFF, 0xF2,
    0x2F, 0xFF, 0xFF, 0xFF, 0xFF, 0xFF, 0xFF, 0xF2, 0x1F, 0xFF, 0xFF, 0xFF, 0xFF, 0xFF, 0xFF, 0xF1,
    0x0C, 0xFF, 0xFF, 0xFF, 0xFF, 0xFF, 0xFF, 0xC0, 0x05, 0xFF, 0xFF, 0xFF, 0xFF, 0xFF, 0xFF, 0x50,
    0x00, 0xAF, 0xFF, 0xFF, 0xFF, 0xFF, 0xFA, 0x00, 0x00, 0x1B, 0xFF, 0xFF, 0xFF, 0xFF, 0xB1, 0x00,
    0x00, 0x00, 0x6E, 0xFF, 0xFF, 0xE6, 0x00, 0x00, 0x00, 0x00, 0x00, 0x35, 0x53, 0x00, 0x00, 0x00,
    0x00, 0x00, 0x00, 0x03, 0x30, 0x00, 0x00, 0x00, 0x00, 0x00, 0x00, 0x08, 0x80, 0x00, 0x00, 0x00,
    0x00, 0x00, 0x00, 0x0D, 0xD0, 0x00, 0x00, 0x00, 0x00, 0x00, 0x00, 0x3F, 0xF2, 0x00, 0x00, 0x00,
    0x00, 0x00, 0x00, 0x8F, 0xF8, 0x00, 0x00, 0x00, 0x19, 0x99, 0x99, 0xEF, 0xFE, 0x99, 0x99, 0x91,
    0x02, 0xDF, 0xFF, 0xFF, 0xFF, 0xFF, 0xFD, 0x20, 0x00, 0x09, 0xFF, 0xFF, 0xFF, 0xFF, 0x90, 0x00,
    0x00, 0x00, 0x4F, 0xFF, 0xFF, 0xF4, 0x00, 0x00, 0x00, 0x00, 0x2F, 0xFF, 0xFF, 0xF1, 0x00, 0x00,
    0x00, 0x00, 0x7F, 0xFF, 0xFF, 0xF7, 0x00, 0x00, 0x00, 0x00, 0xCF, 0xD3, 0x3D, 0xFC, 0x00, 0x00,
    0x00, 0x01, 0xFA, 0x00, 0x00, 0xAF, 0x10, 0x00, 0x00, 0x06, 0x60, 0x00, 0x00, 0x06, 0x60, 0x00,
    0x00, 0x00, 0x00, 0x00, 0x00, 0x00, 0x00, 0x00, 0x00, 0x00, 0x00, 0x01, 0x10, 0x00, 0x00, 0x00,
    0x00, 0x00, 0x00, 0x05, 0x50, 0x00, 0x00, 0x00, 0x00, 0x00, 0x00, 0x0A, 0x90, 0x00, 0x00, 0x00,
    0x00, 0x00, 0x00, 0x0A, 0xA0, 0x00, 0x00, 0x00, 0x00, 0x00, 0x00, 0x47, 0x74, 0x00, 0x00, 0x00,
    0x00, 0x00, 0x00, 0x92, 0x28, 0x00, 0x00, 0x00, 0x2A, 0xBB, 0xBB, 0xC0, 0x0C, 0xBC, 0xDE, 0xC2,
    0x03, 0xA2, 0x00, 0x00, 0x00, 0x00, 0x28, 0x00, 0x00, 0x09, 0x70, 0x00, 0x00, 0x07, 0x80, 0x00,
    0x00, 0x00, 0x6A, 0x00, 0x00, 0xA5, 0x00, 0x00, 0x00, 0x00, 0x1A, 0x00, 0x00, 0xA1, 0x00, 0x00,
    0x00, 0x00, 0x65, 0x06, 0x60, 0x56, 0x00, 0x00, 0x00, 0x00, 0xA1, 0xA6, 0x6A, 0x1A, 0x00, 0x00,
    0x00, 0x01, 0xBB, 0x30, 0x03, 0xBB, 0x10, 0x00, 0x00, 0x05, 0xB1, 0x00, 0x00, 0x1B, 0x50, 0x00,
    0x00, 0x03, 0x00, 0x00, 0x00, 0x00, 0x30, 0x00, 0x00, 0x00, 0x00, 0x00, 0x02, 0x70, 0x00, 0x00,
    0x00, 0x00, 0x1E, 0xF5, 0x00, 0x00, 0x00, 0x00, 0xCF, 0xA0, 0x00, 0x00, 0x00, 0x07, 0xFB, 0x00,
    0x00, 0x00, 0x00, 0x1F, 0xE1, 0x00, 0x00, 0x00, 0x00, 0xAF, 0x50, 0x00, 0x02, 0x00, 0x02, 0xFB,
    0x00, 0x00, 0x9F, 0x20, 0x09, 0xF3, 0x00, 0x00, 0x5F, 0xA0, 0x1F, 0xB0, 0x00, 0x00, 0x0B, 0xF2,
    0x6F, 0x40, 0x00, 0x00, 0x02, 0xF9, 0xCE, 0x00, 0x00, 0x00, 0x00, 0xBF, 0xF9, 0x00, 0x00, 0x00,
    0x00, 0x4E, 0xD3, 0x00, 0x00, 0x00, 0x6F, 0xDC, 0xCC, 0xCC, 0xCC, 0xCD, 0xF6, 0x6E, 0x70, 0x00,
    0x00, 0x00, 0x07, 0xE6, 0x66, 0xC3, 0x00, 0x00, 0x00, 0x4C, 0x66, 0x66, 0x1D, 0x10, 0x00, 0x01,
    0xD1, 0x66, 0x66, 0x04, 0xB0, 0x00, 0x0C, 0x30, 0x66, 0x66, 0x00, 0x78, 0x00, 0x97, 0x00, 0x66,
    0x66, 0x00, 0x0A, 0x55, 0xA0, 0x00, 0x66, 0x66, 0x00, 0x00, 0xCC, 0x00, 0x00, 0x66, 0x66, 0x00,
    0x00, 0xCC, 0x00, 0x00, 0x66, 0x66, 0x00, 0x0A, 0x55, 0xA0, 0x00, 0x66, 0x66, 0x00, 0x79, 0x00,
    0x97, 0x00, 0x66, 0x66, 0x04, 0xC0, 0x00, 0x0C, 0x30, 0x66, 0x66, 0x1D, 0x10, 0x00, 0x01, 0xD1,
    0x66, 0x66, 0xC3, 0x00, 0x00, 0x00, 0x4B, 0x66, 0x6E, 0x70, 0x00, 0x00, 0x00, 0x07, 0xE6, 0x6F,
    0xCC, 0xCC, 0xCC, 0xCC, 0xCC, 0xF6, 0x00, 0x00, 0x00, 0x00, 0x00, 0x00, 0x00, 0x00, 0x00, 0x00,
    0x00, 0x00, 0x00, 0x00, 0x00, 0x00, 0x00, 0x00, 0x00, 0x00, 0x00, 0x00, 0x00, 0x00, 0x00, 0x00,
    0x00, 0x00, 0x00, 0x00, 0x00, 0x00, 0x00, 0x00, 0x00, 0x00, 0x00, 0x00, 0x00, 0x00, 0x00, 0x00,
    0x00, 0x00, 0x00, 0x00, 0x00, 0x00, 0x00, 0x00, 0x00, 0x00, 0x00, 0x00, 0x00, 0x00, 0x00, 0x00,
    0x00, 0x00, 0x00, 0x00, 0x00, 0x00, 0x04, 0xB0, 0x00, 0x2F, 0xFC, 0x10, 0x05, 0xFF, 0xC0, 0x00,
    0x4F, 0xF8, 0x00, 0x06, 0xA0, 0x05, 0xDE, 0x70, 0x2F, 0x64, 0xF4, 0x6D, 0x00, 0xA9, 0x6C, 0x00,
    0xA9, 0x2F, 0x64, 0xF4, 0x05, 0xEE, 0x70, 0x00, 0x00, 0x00, 0x00, 0x00, 0x00, 0x0C, 0xA0, 0x00,
    0x00, 0x6F, 0x90, 0x00, 0x01, 0xFE, 0x10, 0x00, 0x0A, 0xF5, 0x00, 0x00, 0x4F, 0xC0, 0x00, 0x00,
    0xDF, 0x20, 0x00, 0x07, 0xF8, 0x00, 0x00, 0x0E, 0xF1, 0x00, 0x00, 0x06, 0xF9, 0x00, 0x00, 0x00,
    0xCF, 0x30, 0x00, 0x00, 0x3F, 0xC0, 0x00, 0x00, 0x09, 0xF6, 0x00, 0x00, 0x01, 0xEF, 0x10, 0x00,
    0x00, 0x5F, 0xA0, 0x00, 0x00, 0x0B, 0x90, 0x00, 0x00, 0x00, 0x00, 0x0A, 0xC0, 0x00, 0x00, 0x09,
    0xF6, 0x00, 0x00, 0x01, 0xEE, 0x10, 0x00, 0x00, 0x5F, 0xA0, 0x00, 0x00, 0x0C, 0xF3, 0x00, 0x00,
    0x02, 0xFD, 0x00, 0x00, 0x00, 0x8F, 0x70, 0x00, 0x00, 0x1F, 0xE0, 0x00, 0x00, 0x9F, 0x60, 0x00,
    0x03, 0xFC, 0x00, 0x00, 0x0C, 0xF3, 0x00, 0x00, 0x6F, 0x90, 0x00, 0x01, 0xFE, 0x00, 0x00, 0x0A,
    0xF5, 0x00, 0x00, 0x09, 0xB0, 0x00, 0x00, 0x00, 0x00, 0x00, 0x00, 0x00, 0x0C, 0x81, 0xE5, 0x00,
    0x3F, 0x47, 0xF1, 0x00, 0xAD, 0x0D, 0xA0, 0x01, 0xF7, 0x4F, 0x30, 0x07, 0xF1, 0xBC, 0x00, 0x0E,
    0x92, 0xF5, 0x00, 0x5F, 0x28, 0xE0, 0x00, 0x9D, 0x0D, 0xA0, 0x00, 0x4F, 0x38, 0xE0, 0x00, 0x0D,
    0xA1, 0xF6, 0x00, 0x06, 0xF1, 0xAD, 0x00, 0x00, 0xF7, 0x4F, 0x30, 0x00, 0x9E, 0x0D, 0xA0, 0x00,
    0x2F, 0x56, 0xF1, 0x00, 0x0B, 0x70, 0xD4, 0x00, 0x00, 0x00, 0x00, 0x5E, 0x19, 0xC0, 0x00, 0x1F,
    0x74, 0xF3, 0x00, 0x0A, 0xD0, 0xD9, 0x00, 0x03, 0xF4, 0x7F, 0x10, 0x00, 0xCB, 0x1F, 0x70, 0x00,
    0x5F, 0x29, 0xD0, 0x00, 0x0E, 0x83, 0xF4, 0x00, 0x0A, 0xD0, 0xE9, 0x00, 0x0E, 0x73, 0xF4, 0x00,
    0x6F, 0x1A, 0xD0, 0x00, 0xDA, 0x1F, 0x60, 0x04, 0xF3, 0x8F, 0x00, 0x0A, 0xD0, 0xE9, 0x00, 0x1F,
    0x65, 0xF2, 0x00, 0x5D, 0x08, 0xA0, 0x00, 0xCF, 0xFF, 0xF8, 0xCF, 0xCB, 0xB6, 0xCF, 0x20, 0x00,
    0xCF, 0x20, 0x00, 0xCF, 0x20, 0x00, 0xCF, 0x20, 0x00, 0xCF, 0x20, 0x00, 0xCF, 0x20, 0x00, 0xCF,
    0x20, 0x00, 0xCF, 0x20, 0x00, 0x9C, 0x10, 0x00, 0x00, 0x01, 0xC9, 0x00, 0x02, 0xFB, 0x00, 0x02,
    0xFB, 0x00, 0x02, 0xFB, 0x00, 0x02, 0xFB, 0x00, 0x02, 0xFB, 0x00, 0x02, 0xFB, 0x00, 0x02, 0xFB,
    0x00, 0x02, 0xFB, 0x6B, 0xBC, 0xFB, 0x8F, 0xFF, 0xFB, 0x6C, 0xBB, 0xBC, 0x80, 0x64, 0x00, 0x02,
    0x80, 0x64, 0x0B, 0xBB, 0x80, 0x64, 0x0A, 0x00, 0x00, 0x64, 0x0A, 0x00, 0x00, 0x64, 0x0A, 0x00,
    0x00, 0x64, 0x0A, 0x00, 0x00, 0x64, 0x0A, 0x00, 0x00, 0x64, 0x0A, 0x00, 0x00, 0x64, 0x0A, 0x00,
    0x00, 0x6C, 0xBA, 0x00, 0x00, 0x00, 0x0A, 0xBC, 0x60, 0x00, 0x0A, 0x04, 0x60, 0x00, 0x0A, 0x04,
    0x60, 0x00, 0x0A, 0x04, 0x60, 0x00, 0x0A, 0x04, 0x60, 0x00, 0x0A, 0x04, 0x60, 0x00, 0x0A, 0x04,
    0x60, 0x00, 0x0A, 0x04, 0x60, 0x8C, 0xBB, 0x04, 0x60, 0x82, 0x00, 0x04, 0x60, 0x8B, 0xBB, 0xBC,
    0x60, 0x01, 0x11, 0x10, 0x6F, 0xFF, 0xE2, 0x6F, 0xFF, 0x30, 0x6F, 0xFA, 0x00, 0x6F, 0xF2, 0x00,
    0x6F, 0xD0, 0x00, 0x6F, 0x90, 0x00, 0x6F, 0x70, 0x00, 0x6F, 0x60, 0x00, 0x6F, 0x70, 0x00, 0x6F,
    0x90, 0x00, 0x6F, 0xD0, 0x00, 0x6F, 0xF3, 0x00, 0x6F, 0xFA, 0x00, 0x6F, 0xFF, 0x40, 0x6F, 0xFF,
    0xF3, 0x01, 0x11, 0x10, 0x2E, 0xFF, 0xF6, 0x04, 0xFF, 0xF6, 0x00, 0xAF, 0xF6, 0x00, 0x2F, 0xF6,
    0x00, 0x0D, 0xF6, 0x00, 0x09, 0xF6, 0x00, 0x07, 0xF6, 0x00, 0x06, 0xF6, 0x00, 0x08, 0xF6, 0x00,
    0x09, 0xF6, 0x00, 0x0D, 0xF6, 0x00, 0x3F, 0xF6, 0x00, 0xBF, 0xF6, 0x04, 0xFF, 0xF6, 0x3F, 0xFF,
    0xF6, 0x01, 0x11, 0x11, 0x11, 0x11, 0x11, 0x11, 0x10, 0x6F, 0xFF, 0xFF, 0xFF, 0xFF, 0xFF, 0xFF,
    0xF6, 0x6F, 0xFF, 0xFF, 0xFF, 0xFF, 0xFF, 0xFF, 0xF6, 0x1F, 0xFF, 0xFF, 0xFF, 0xFF, 0xFF, 0xF1,
    0x1F, 0xFF, 0xFF, 0xFF, 0xFF, 0xFF, 0xF1, 0x00, 0x00, 0x00, 0x00, 0x00, 0x00, 0x00, 0x00, 0x00,
    0x00, 0x00, 0x00, 0x00, 0x00, 0x00, 0x00, 0x00, 0x00, 0x00, 0x00, 0x00, 0x00, 0xEE, 0xEE, 0xEE,
    0xEE, 0xEC, 0x00, 0x00, 0xFF, 0xFF, 0xFF, 0xFF, 0xFD, 0x00, 0x00, 0x00, 0x00, 0x00, 0x00, 0x00,
    0x00, 0x00, 0x00, 0x00, 0x00, 0x00, 0x00, 0x00, 0x00, 0x00, 0x00, 0x00, 0x00, 0x00, 0x00, 0x00,
    0x00, 0x00, 0x00, 0x00, 0x00, 0x00, 0xFF, 0xFF, 0xFF, 0xFF, 0xFF, 0xFF, 0xFF, 0xFF, 0xFF, 0xFF,
    0xFF, 0xFF, 0xFF, 0xFE, 0x00, 0x00, 0x00, 0x6C, 0x60, 0x00, 0x00, 0x00, 0x00, 0x00, 0x00, 0x8F,
    0x70, 0x00, 0x00, 0x00, 0x00, 0x00, 0x00, 0x8F, 0x70, 0x00, 0x00, 0x00, 0x00, 0x00, 0x00, 0x8F,
    0x70, 0x00, 0x00, 0x00, 0x00, 0x00, 0x00, 0x8F, 0x70, 0x00, 0x00, 0x00, 0x00, 0x00, 0x00, 0x8F,
    0xFE, 0xEE, 0xEE, 0x20, 0x00, 0x00, 0x00, 0x8F, 0xFF, 0xFF, 0xFF, 0x20, 0x00, 0x00, 0x00, 0x8F,
    0x70, 0x00, 0x00, 0x00, 0x00, 0x00, 0x00, 0x8F, 0x70, 0x00, 0x00, 0x00, 0x00, 0x00, 0x00, 0x8F,
    0x70, 0x00, 0x00, 0x00, 0x00, 0x00, 0x00, 0x8F, 0x70, 0x00, 0x00, 0x00, 0x00, 0x00, 0x00, 0x8F,
    0x70, 0x00, 0x00, 0x00, 0x00, 0x00, 0x00, 0x8F, 0x70, 0x00, 0x00, 0x00, 0x4E, 0xEE, 0xEE, 0xFF,
    0xFE, 0xEE, 0xEE, 0xE4, 0x4F, 0xFF, 0xFF, 0xFF, 0xFF, 0xFF, 0xFF, 0xF5, 0x2E, 0xEE, 0xEE, 0xEE,
    0xEE, 0xEE, 0xEE, 0xE2, 0x2F, 0xFF, 0xFF, 0xFF, 0xFF, 0xFF, 0xFF, 0xF2, 0x00, 0x00, 0x00, 0x5F,
    0xB0, 0x00, 0x00, 0x00, 0x00, 0x00, 0x00, 0x5F, 0xB0, 0x00, 0x00, 0x00, 0x00, 0x00, 0x00, 0x5F,
    0xD6, 0x00, 0x00, 0x00, 0x00, 0x00, 0x00, 0x5F, 0xFF, 0xC3, 0x00, 0x00, 0x00, 0x00, 0x00, 0x5F,
    0xEF, 0xFF, 0x90, 0x00, 0x00, 0x00, 0x00, 0x5F, 0xB2, 0xCF, 0xFD, 0x20, 0x00, 0x00, 0x00, 0x5F,
    0xB0, 0x08, 0xFE, 0x20, 0x00, 0x00, 0x00, 0x5F, 0xB0, 0x00, 0x54, 0x00, 0x00, 0x00, 0x00, 0x5F,
    0xB0, 0x00, 0x00, 0x00, 0x00, 0x00, 0x00, 0x5F, 0xB0, 0x00, 0x00, 0x00, 0x00, 0x00, 0x00, 0x5F,
    0xB0, 0x00, 0x00, 0x00, 0x00, 0x00, 0x00, 0x5F, 0xB0, 0x00, 0x00, 0x00, 0x00, 0x00, 0x00, 0x5E,
    0xA0, 0x00, 0x00, 0x00, 0x0F, 0xFF, 0xFF, 0xFF, 0xFF, 0xFF, 0xFF, 0xF0, 0x0F, 0xFF, 0xFF, 0xFF,
    0xFF, 0xFF, 0xFF, 0xF0, 0x00, 0x00, 0x00, 0x0D, 0xFB, 0x00, 0x00, 0x00, 0x00, 0x00, 0x00, 0x8F,
    0xF2, 0x00, 0x00, 0x00, 0x00, 0x00, 0x04, 0xFF, 0xF2, 0x60, 0x00, 0x00, 0x00, 0x00, 0x3F, 0xFF,
    0xFE, 0xFA, 0x00, 0x00, 0x00, 0x04, 0xEF, 0xDF, 0xF6, 0xFF, 0xC1, 0x00, 0x00, 0x6F, 0xFD, 0x2F,
    0xF0, 0x3E, 0xFE, 0x20, 0x2C, 0xFF, 0xD1, 0x0F, 0xF0, 0x02, 0xEF, 0xE2, 0x1E, 0xF9, 0x00, 0x0F,
    0xF0, 0x00, 0x2E, 0xE3, 0x04, 0x40, 0x00, 0x0F, 0xF0, 0x00, 0x03, 0x30, 0x00, 0x00, 0x00, 0x0F,
    0xF0, 0x00, 0x00, 0x00, 0x00, 0x00, 0x00, 0x0F, 0xF0, 0x00, 0x00, 0x00, 0x00, 0x00, 0x00, 0x0F,
    0xF0, 0x00, 0x00, 0x00, 0x00, 0x00, 0x00, 0x0F, 0xF0, 0x00, 0x00, 0x00, 0x00, 0x00, 0x97, 0x00,
    0x00, 0x00, 0x00, 0x00, 0x00, 0x03, 0xFC, 0x00, 0x00, 0x00, 0x00, 0x00, 0x00, 0x06, 0xFF, 0xDD,
    0xDD, 0xDD, 0xDD, 0x20, 0x00, 0x09, 0xFF, 0xFF, 0xFF, 0xFF, 0xFF, 0x30, 0x00, 0x0B, 0xF3, 0x00,
    0x00, 0x00, 0x00, 0x00, 0x00, 0x0F, 0xF0, 0x00, 0x00, 0x00, 0x00, 0x00, 0x00, 0x2F, 0xFC, 0xCC,
    0xCC, 0xCC, 0xCC, 0x70, 0x00, 0x6F, 0xFF, 0xFF, 0xFF, 0xFF, 0xFF, 0x80, 0x00, 0x00, 0x00, 0x00,
    0x00, 0x00, 0x8F, 0x60, 0x00, 0x00, 0x00, 0x00, 0x00, 0x00, 0xAF, 0x50, 0x2D, 0xDD, 0xDD, 0xDD,
    0xDD, 0xA0, 0xCF, 0x30, 0x3F, 0xFF, 0xFF, 0xFF, 0xFF, 0xC0, 0xEF, 0x00, 0x00, 0x00, 0x00, 0x00,
    0x00, 0x02, 0xFE, 0x00, 0x00, 0x00, 0x00, 0x01, 0x00, 0x09, 0xFA, 0x00, 0x00, 0x00, 0x00, 0x06,
    0xFF, 0xFF, 0xF4, 0x00, 0x00, 0x00, 0x00, 0x00, 0xDD, 0xDB, 0x50, 0x00, 0x00, 0x0C, 0xFF, 0xFF,
    0xFF, 0xFF, 0xF1, 0x00, 0x00, 0x0C, 0xFD, 0xDD, 0xDD, 0xDF, 0xF1, 0x00, 0x00, 0x0C, 0xF1, 0x00,
    0x00, 0x0E, 0xF1, 0x00, 0x00, 0x0C, 0xF1, 0x00, 0x00, 0x0E, 0xF1, 0x00, 0x00, 0x0C, 0xFF, 0xFF,
    0xFF, 0xFF, 0xF1, 0x00, 0x00, 0x0C, 0xFC, 0xCC, 0xCC, 0xCF, 0xF1, 0x00, 0x00, 0x0C, 0xF1, 0x00,
    0x00, 0x0E, 0xF1, 0x00, 0x00, 0x0C, 0xF1, 0x00, 0x00, 0x0E, 0xF1, 0x00, 0x00, 0x0C, 0xFD, 0xDD,
    0xDD, 0xDF, 0xF1, 0x00, 0x00, 0x0C, 0xFF, 0xFF, 0xFF, 0xFF, 0xF1, 0x00, 0x00, 0x0C, 0xF1, 0x00,
    0x00, 0x0E, 0xF1, 0x00, 0x00, 0x0C, 0xF1, 0x00, 0x00, 0x0E, 0xF1, 0x00, 0x3D, 0xDF, 0xFD, 0xDD,
    0xDD, 0xDF, 0xFD, 0xD3, 0x3F, 0xFF, 0xFF, 0xFF, 0xFF, 0xFF, 0xFF, 0xF3, 0x00, 0x00, 0x0C, 0xB0,
    0x0B, 0xC0, 0x00, 0x00, 0x00, 0x00, 0x0F, 0xE0, 0x0E, 0xF0, 0x00, 0x00, 0x00, 0x00, 0x0F, 0xE0,
    0x0E, 0xF0, 0x00, 0x00, 0x00, 0x40, 0x0F, 0xE0, 0x0E, 0xF0, 0x02, 0x00, 0x0D, 0xF1, 0x0F, 0xE0,
    0x0E, 0xF0, 0x0E, 0xC0, 0x08, 0xF7, 0x0F, 0xE0, 0x0E, 0xF0, 0x4F, 0xB0, 0x03, 0xFD, 0x0F, 0xE0,
    0x0E, 0xF0, 0xAF, 0x50, 0x00, 0xEF, 0x2F, 0xE0, 0x0E, 0xF1, 0xFE, 0x00, 0x00, 0x9F, 0x7F, 0xE0,
    0x0E, 0xF8, 0xF8, 0x00, 0x00, 0x5F, 0xCF, 0xE0, 0x0E, 0xFE, 0xF1, 0x00, 0x00, 0x16, 0x1F, 0xE0,
    0x0E, 0xF3, 0x60, 0x00, 0x00, 0x00, 0x0F, 0xE0, 0x0E, 0xF0, 0x00, 0x00, 0x00, 0x00, 0x0F, 0xE0,
    0x0E, 0xF0, 0x00, 0x00, 0x2E, 0xEE, 0xEF, 0xFE, 0xEF, 0xFE, 0xEE, 0xE3, 0x2F, 0xFF, 0xFF, 0xFF,
    0xFF, 0xFF, 0xFF, 0xF3, 0x1D, 0xDD, 0xDD, 0xDD, 0xDD, 0xDD, 0xDD, 0xD1, 0x1F, 0xFF, 0xFF, 0xFF,
    0xFF, 0xFF, 0xFF, 0xF2, 0x00, 0x00, 0x0F, 0xE0, 0x0F, 0xE0, 0x00, 0x00, 0x00, 0x00, 0x0F, 0xE0,
    0x0F, 0xE0, 0x00, 0x00, 0x08, 0xFF, 0xFF, 0xFF, 0xFF, 0xFF, 0xFF, 0x80, 0x08, 0xFE, 0xCF, 0xFC,
    0xCF, 0xFC, 0xEF, 0x80, 0x08, 0xF5, 0x0F, 0xE0, 0x0F, 0xD0, 0x6F, 0x80, 0x08, 0xF5, 0x2F, 0xE1,
    0x2F, 0xE1, 0x6F, 0x80, 0x08, 0xF5, 0x4F, 0xFC, 0x5F, 0xFC, 0x6F, 0x80, 0x08, 0xF5, 0x9F, 0xEF,
    0xBF, 0xDF, 0xEF, 0x80, 0x08, 0xF8, 0xFF, 0x28, 0xFF, 0x1D, 0xFF, 0x80, 0x08, 0xFF, 0xF8, 0x0B,
    0xF8, 0x03, 0x8F, 0x80, 0x08, 0xF8, 0xB0, 0x03, 0xB0, 0x00, 0x6F, 0x80, 0x08, 0xF5, 0x00, 0x00,
    0x00, 0xCD, 0xFF, 0x60, 0x08, 0xF5, 0x00, 0x00, 0x00, 0x9F, 0xEA, 0x10, 0x00, 0x00, 0x00, 0x06,
    0xB3, 0x00, 0x00, 0x00, 0x00, 0x00, 0x00, 0x3F, 0xF6, 0x00, 0x00, 0x00, 0x00, 0x00, 0x03, 0xEF,
    0xFF, 0x40, 0x00, 0x00, 0x00, 0x00, 0x5F, 0xF9, 0x8F, 0xF7, 0x00, 0x00, 0x00, 0x2B, 0xFF, 0x80,
    0x07, 0xFF, 0xB2, 0x00, 0x2A, 0xFF, 0xF6, 0x0C, 0xC0, 0x5F, 0xFF, 0x92, 0x2E, 0xFB, 0x20, 0x0F,
    0xF0, 0x02, 0xBF, 0xF3, 0x05, 0x40, 0x00, 0x0F, 0xF0, 0x00, 0x05, 0x50, 0x00, 0x00, 0x00, 0x0F,
    0xF0, 0x00, 0x00, 0x00, 0x00, 0x00, 0x00, 0x0F, 0xF0, 0x00, 0x00, 0x00, 0x00, 0x00, 0x00, 0x0F,
    0xF0, 0x00, 0x00, 0x00, 0x00, 0x00, 0x00, 0x0F, 0xF0, 0x00, 0x00, 0x00, 0x00, 0x00, 0x00, 0x0F,
    0xF0, 0x00, 0x00, 0x00, 0x00, 0x00, 0x00, 0x0F, 0xF0, 0x00, 0x00, 0x00, 0x00, 0x00, 0x00, 0x0F,
    0xF0, 0x00, 0x00, 0x00, 0x00, 0x00, 0x00, 0x00, 0x00, 0x00, 0x00, 0x00, 0x00, 0x00, 0x00, 0xFF,
    0x00, 0x00, 0x00, 0x00, 0x00, 0x00, 0xFF, 0x00, 0x00, 0x00, 0x00, 0x00, 0x00, 0xFF, 0x00, 0x00,
    0x00, 0x9F, 0xFF, 0xFF, 0xFF, 0xFF, 0xFF, 0xF9, 0x9F, 0xEE, 0xEE, 0xFF, 0xEE, 0xEE, 0xF9, 0x9F,
    0x50, 0x00, 0xFF, 0x00, 0x06, 0xF9, 0x9F, 0x50, 0x00, 0xFF, 0x00, 0x06, 0xF9, 0x9F, 0x50, 0x00,
    0xFF, 0x00, 0x06, 0xF9, 0x9F, 0x50, 0x00, 0xFF, 0x00, 0x06, 0xF9, 0x9F, 0xFF, 0xFF, 0xFF, 0xFF,
    0xFF, 0xF9, 0x9F, 0xEE, 0xEE, 0xFF, 0xEE, 0xEE, 0xF9, 0x7C, 0x40, 0x00, 0xFF, 0x00, 0x04, 0xB7,
    0x00, 0x00, 0x00, 0xFF, 0x00, 0x00, 0x00, 0x00, 0x00, 0x00, 0xFF, 0x00, 0x00, 0x00, 0x00, 0x00,
    0x00, 0xFF, 0x00, 0x00, 0x00, 0x00, 0x00, 0x00, 0xFF, 0x00, 0x00, 0x00, 0x00, 0x05, 0x00, 0xCE,
    0x10, 0x00, 0x00, 0x00, 0x00, 0x9F, 0x80, 0xDF, 0x10, 0x00, 0x00, 0x00, 0x00, 0x1F, 0xF2, 0xDF,
    0x10, 0x00, 0x00, 0x00, 0x00, 0x07, 0x71, 0xEF, 0x10, 0x00, 0x00, 0x00, 0x0C, 0xEE, 0xEE, 0xFF,
    0xEE, 0xEE, 0xEE, 0x90, 0x0D, 0xFF, 0xFF, 0xFF, 0xFF, 0xFF, 0xFF, 0x90, 0x00, 0x00, 0x03, 0xFC,
    0x00, 0x00, 0x7F, 0x80, 0x00, 0x00, 0x07, 0xF9, 0x01, 0x00, 0x8F, 0x80, 0x00, 0x00, 0x0C, 0xF7,
    0xED, 0x00, 0x8F, 0x70, 0x00, 0x00, 0x3F, 0xF0, 0xAF, 0x80, 0x9F, 0x60, 0x00, 0x00, 0xAF, 0xA0,
    0x1F, 0xF1, 0xAF, 0x50, 0x00, 0x05, 0xFF, 0x20, 0x07, 0x50, 0xCF, 0x40, 0x00, 0x2E, 0xF7, 0x00,
    0x00, 0x00, 0xEF, 0x30, 0x04, 0xFF, 0xC0, 0x00, 0x00, 0x04, 0xFF, 0x00, 0x0D, 0xFB, 0x00, 0x00,
    0x1F, 0xFF, 0xFC, 0x00, 0x01, 0x80, 0x00, 0x00, 0x0A, 0xFE, 0xB2, 0x00, 0x00, 0x00, 0x00, 0x00,
    0x00, 0x00, 0x00, 0x00, 0x00, 0x00, 0x00, 0x9B, 0x10, 0x00, 0x00, 0x00, 0x00, 0x00, 0x02, 0xDF,
    0xE3, 0x00, 0x00, 0x00, 0x00, 0x00, 0x00, 0x1C, 0xFD, 0x00, 0x00, 0x00, 0x06, 0xDD, 0xDD, 0xDE,
    0xFE, 0xDD, 0xDD, 0x60, 0x07, 0xFF, 0xFF, 0xFF, 0xFF, 0xFF, 0xFF, 0x60, 0x00, 0x00, 0x00, 0x0F,
    0xF0, 0x00, 0x00, 0x00, 0x00, 0x00, 0x00, 0x0F, 0xF0, 0x00, 0x00, 0x00, 0x00, 0x00, 0x00, 0x0F,
    0xF0, 0x00, 0x00, 0x00, 0x00, 0x8D, 0xDD, 0xDF, 0xFD, 0xDD, 0xD9, 0x00, 0x00, 0xAF, 0xFF, 0xFF,
    0xFF, 0xFF, 0xFA, 0x00, 0x00, 0x00, 0x00, 0x0F, 0xF0, 0x00, 0x00, 0x00, 0x00, 0x00, 0x00, 0x0F,
    0xF0, 0x00, 0x00, 0x00, 0x00, 0x00, 0x00, 0x0F, 0xF0, 0x00, 0x00, 0x00, 0x2D, 0xDD, 0xDD, 0xEF,
    0xFE, 0xDD, 0xDD, 0xD3, 0x2F, 0xFF, 0xFF, 0xFF, 0xFF, 0xFF, 0xFF, 0xF3, 0x00, 0x00, 0x00, 0x00,
    0x00, 0x00, 0x00, 0x00, 0x00, 0x07, 0x00, 0x7D, 0x10, 0x06, 0x83, 0x00, 0x00, 0x9F, 0xA0, 0x7F,
    0xA0, 0x0E, 0xF5, 0x00, 0x00, 0x1E, 0xF4, 0x0E, 0xD0, 0x8F, 0xA0, 0x00, 0x2B, 0xBE, 0xFB, 0xBE,
    0xBB, 0xFF, 0xCB, 0xB2, 0x3F, 0xFF, 0xFF, 0xFF, 0xFF, 0xFF, 0xFF, 0xF3, 0x00, 0x03, 0xFE, 0x00,
    0x00, 0xBF, 0x60, 0x00, 0x00, 0x2E, 0xF4, 0x0E, 0xF0, 0x1F, 0xF5, 0x00, 0x06, 0xFF, 0x90, 0x0E,
    0xF0, 0x06, 0xFF, 0xA1, 0x7F, 0xF6, 0xFF, 0xFF, 0xFF, 0xFF, 0x6F, 0xF5, 0x0B, 0x21, 0xCC, 0xCF,
    0xFC, 0xCC, 0x12, 0x70, 0x00, 0x00, 0x00, 0x0E, 0xF0, 0x00, 0x00, 0x00, 0x07, 0xCC, 0xCC, 0xCF,
    0xFC, 0xCC, 0xCC, 0x90, 0x09, 0xFF, 0xFF, 0xFF, 0xFF, 0xFF, 0xFF, 0xC0, 0x00, 0x00, 0x00, 0x0E,
    0xF0, 0x00, 0x00, 0x00, 0x00, 0x00, 0x00, 0x0E, 0xF0, 0x00, 0x00, 0x00, 0x00, 0x00, 0x00, 0x0E,
    0xF0, 0x00, 0x00, 0x00, 0x00, 0x00, 0x00, 0x56, 0x10, 0x00, 0x00, 0x00, 0x00, 0x00, 0x01, 0xFF,
    0x60, 0x00, 0x00, 0x00, 0x00, 0x00, 0x0C, 0xFB, 0x00, 0x00, 0x00, 0x00, 0x00, 0x00, 0x9F, 0xE1,
    0x00, 0x96, 0x00, 0x00, 0x00, 0x08, 0xFF, 0x30, 0x06, 0xFF, 0x30, 0x00, 0x00, 0x8F, 0xF4, 0x00,
    0x2F, 0xF7, 0x00, 0x00, 0x0B, 0xFF, 0x50, 0x01, 0xDF, 0xA0, 0x00, 0x00, 0x09, 0xE3, 0x00, 0x0C,
    0xFC, 0x00, 0x00, 0x00, 0x00, 0x10, 0x00, 0xAF, 0xE2, 0x29, 0x20, 0x00, 0x00, 0x00, 0x09, 0xFE,
    0x20, 0x8F, 0xC0, 0x00, 0x00, 0x00, 0xAF, 0xE2, 0x00, 0x0D, 0xF7, 0x00, 0x00, 0x1B, 0xFE, 0x20,
    0x12, 0x38, 0xFF, 0x10, 0x03, 0xEF, 0xFF, 0xFF, 0xFF, 0xFF, 0xFF, 0x90, 0x01, 0xFF, 0xFF, 0xFE,
    0xDC, 0xB9, 0x8F, 0xF2, 0x00, 0x43, 0x21, 0x00, 0x00, 0x00, 0x0A, 0x70, 0x00, 0x00, 0x00, 0x00,
    0x00, 0x00, 0x00, 0x00, 0x00, 0x00, 0x00, 0x8F, 0x20, 0x00, 0x00, 0x00, 0x00, 0x00, 0x00, 0x6F,
    0x90, 0x00, 0x98, 0x20, 0x00, 0x7C, 0x10, 0x0E, 0xF1, 0x02, 0xFF, 0x10, 0x00, 0x8F, 0x80, 0x09,
    0xF6, 0x08, 0xFA, 0x00, 0x00, 0x1F, 0xF0, 0x02, 0x30, 0x0E, 0xF3, 0x00, 0x00, 0x09, 0xF7, 0x00,
    0x00, 0x6F, 0xC0, 0x00, 0x00, 0x02, 0xFF, 0x30, 0x01, 0xEF, 0x50, 0x00, 0x00, 0x00, 0x8F, 0xD1,
    0x0B, 0xFA, 0x00, 0x00, 0x00, 0x00, 0x0B, 0xFB, 0x8F, 0xE1, 0x00, 0x00, 0x00, 0x00, 0x01, 0xEF,
    0xFF, 0x30, 0x00, 0x00, 0x00, 0x00, 0x01, 0xCF, 0xFD, 0x30, 0x00, 0x00, 0x00, 0x00, 0x6F, 0xFE,
    0xEF, 0xF9, 0x00, 0x00, 0x01, 0x7D, 0xFF, 0x90, 0x1A, 0xFF, 0xF9, 0x30, 0x4F, 0xFF, 0xC3, 0x00,
    0x00, 0x4C, 0xFF, 0xF4, 0x0C, 0x92, 0x00, 0x00, 0x00, 0x00, 0x39, 0x80, 0x00, 0x00, 0x00, 0x00,
    0x00, 0x00, 0x00, 0x00, 0x00, 0x00, 0x00, 0x4D, 0x80, 0x00, 0x00, 0x00, 0x00, 0x00, 0x00, 0x4F,
    0xF3, 0x00, 0x00, 0x00, 0x00, 0x00, 0x00, 0x0A, 0xF9, 0x00, 0x00, 0x00, 0x07, 0xDD, 0xDD, 0xDE,
    0xFE, 0xDD, 0xEA, 0x10, 0x08, 0xFF, 0xFF, 0xFF, 0xFF, 0xFF, 0xFF, 0x20, 0x00, 0x00, 0x00, 0x00,
    0x00, 0x3F, 0xF6, 0x00, 0x00, 0x00, 0x00, 0x00, 0x01, 0xEF, 0xA0, 0x00, 0x00, 0x00, 0x00, 0x00,
    0x0C, 0xFC, 0x00, 0x00, 0x00, 0x00, 0x00, 0x00, 0xCF, 0xE1, 0x00, 0x00, 0x00, 0x00, 0x00, 0x1C,
    0xFE, 0x20, 0x00, 0x00, 0x00, 0x00, 0x02, 0xDF, 0xE2, 0x00, 0x00, 0x00, 0x00, 0x00, 0x4E, 0xFD,
    0x10, 0x00, 0x00, 0x00, 0x00, 0x6E, 0xFF, 0xA0, 0x00, 0x00, 0x00, 0x00, 0x09, 0xFF, 0xFF, 0x93,
    0x10, 0x00, 0x12, 0x42, 0x1E, 0xE2, 0x2C, 0xFF, 0xFF, 0xFF, 0xFF, 0xF4, 0x04, 0x50, 0x00, 0x4A,
    0xBD, 0xDD, 0xCC, 0xB0, 0x00, 0x00, 0x0A, 0xC2, 0x00, 0x00, 0x00, 0x00, 0x00, 0x00, 0x0D, 0xF3,
    0x00, 0x00, 0x00, 0x00, 0x00, 0x00, 0x0E, 0xF3, 0x00, 0x00, 0x00, 0x00, 0x00, 0x00, 0x0E, 0xF2,
    0x00, 0x00, 0x00, 0x00, 0x0C, 0xEE, 0xEF, 0xFE, 0xEE, 0xEE, 0x00, 0x00, 0x0D, 0xFF, 0xFF, 0xFF,
    0xFF, 0xFF, 0x00, 0x00, 0x00, 0x00, 0x1F, 0xF0, 0x00, 0xFF, 0x00, 0x00, 0x00, 0x00, 0x3F, 0xD0,
    0x00, 0xFF, 0x00, 0x00, 0x00, 0x00, 0x6F, 0xA0, 0x00, 0xFF, 0x00, 0x00, 0x00, 0x00, 0xBF, 0x70,
    0x00, 0xFF, 0x00, 0x00, 0x00, 0x01, 0xFF, 0x20, 0x00, 0xFF, 0x00, 0x00, 0x00, 0x09, 0xFC, 0x00,
    0x00, 0xFF, 0x00, 0x80, 0x00, 0x4F, 0xF4, 0x00, 0x00, 0xFF, 0x00, 0xFB, 0x05, 0xFF, 0x90, 0x00,
    0x00, 0xFF, 0x03, 0xFA, 0x5F, 0xFB, 0x00, 0x00, 0x00, 0xEF, 0xFF, 0xF6, 0x0B, 0x70, 0x00, 0x00,
    0x00, 0x5C, 0xDD, 0xA0, 0x00, 0x00, 0x00, 0x00, 0x00, 0x00, 0x00, 0x00, 0x00, 0x00, 0x00, 0x07,
    0xF5, 0x00, 0x00, 0x00, 0x00, 0x0B, 0xC0, 0x08, 0xF6, 0x00, 0x00, 0x00, 0x00, 0x0E, 0xF0, 0x08,
    0xF6, 0x00, 0x66, 0x00, 0x00, 0x0E, 0xF0, 0x08, 0xF9, 0xAF, 0xFF, 0x20, 0x00, 0x0E, 0xF0, 0x5C,
    0xFF, 0xFF, 0xFF, 0x20, 0x00, 0x0E, 0xFF, 0xFF, 0xFC, 0x61, 0xCF, 0x10, 0x39, 0xEF, 0xFF, 0xBC,
    0xF6, 0x00, 0xCF, 0x00, 0x7F, 0xFF, 0xF1, 0x08, 0xF6, 0x00, 0xDF, 0x00, 0x26, 0x1E, 0xF0, 0x08,
    0xF6, 0x00, 0xFE, 0x00, 0x00, 0x0E, 0xF0, 0x08, 0xF6, 0xBD, 0xF9, 0x00, 0x00, 0x0E, 0xF0, 0x08,
    0xF6, 0xCE, 0xB1, 0x00, 0x00, 0x0E, 0xF0, 0x08, 0xF6, 0x00, 0x06, 0x91, 0x00, 0x0D, 0xF0, 0x00,
    0x00, 0x00, 0x09, 0xF4, 0x00, 0x0C, 0xF4, 0x00, 0x00, 0x00, 0x2E, 0xF1, 0x00, 0x06, 0xFF, 0xFF,
    0xFF, 0xFF, 0xFF, 0xA0, 0x00, 0x00, 0x5A, 0xBB, 0xBB, 0xBB, 0xA7, 0x00, 0x00, 0x00, 0x00, 0xCE,
    0x20, 0x01, 0x50, 0x00, 0x00, 0x00, 0x00, 0xDF, 0x20, 0x0C, 0xFB, 0x10, 0x00, 0x00, 0x00, 0xDF,
    0x20, 0x02, 0xDF, 0xE2, 0x03, 0xFF, 0xFF, 0xFF, 0xFF, 0xFF, 0xFA, 0xC0, 0x03, 0xDD, 0xDD, 0xFF,
    0xED, 0xDF, 0xF0, 0x00, 0x00, 0x00, 0x00, 0xDF, 0x20, 0x0E, 0xF0, 0x00, 0x00, 0x00, 0x00, 0xDF,
    0x20, 0x0E, 0xF0, 0x00, 0x1C, 0xCC, 0xCC, 0xFF, 0xDC, 0xCF, 0xFC, 0xC4, 0x1F, 0xFF, 0xFF, 0xFF,
    0xFF, 0xFF, 0xFF, 0xF4, 0x00, 0x00, 0x00, 0xDF, 0x20, 0x00, 0x0C, 0xF2, 0x00, 0x00, 0x00, 0xDF,
    0x20, 0x00, 0x0D, 0xF1, 0x00, 0x00, 0x00, 0xDF, 0x20, 0x00, 0x0F, 0xF0, 0x00, 0x00, 0x00, 0xDF,
    0x20, 0x00, 0x5F, 0xC0, 0x00, 0x00, 0x00, 0xDF, 0x24, 0xFF, 0xFF, 0x80, 0x00, 0x00, 0x00, 0xDF,
    0x20, 0xBC, 0xB8, 0x00, 0x00, 0x00, 0x00, 0xDF, 0x20, 0x00, 0x00, 0x00, 0x00, 0x00, 0x00, 0x00,
    0x00, 0x00, 0x00, 0x7E, 0xEE, 0xEE, 0xEE, 0xEE, 0xEE, 0xA1, 0x7F, 0xFF, 0xFF, 0xFF, 0xFF, 0xFF,
    0xF4, 0x00, 0x00, 0x00, 0x00, 0x1C, 0xFF, 0x40, 0x00, 0x00, 0x00, 0x02, 0xDF, 0xE3, 0x00, 0x00,
    0x00, 0x00, 0x6F, 0xFC, 0x20, 0x00, 0x00, 0x00, 0x00, 0xEF, 0x90, 0x00, 0x00, 0x00, 0x00, 0x00,
    0xEF, 0x10, 0x00, 0x00, 0x00, 0x00, 0x00, 0xEF, 0x10, 0x00, 0x00, 0x00, 0x00, 0x00, 0xEF, 0x10,
    0x00, 0x00, 0x00, 0x00, 0x00, 0xEF, 0x10, 0x00, 0x00, 0x00, 0x00, 0x00, 0xEF, 0x10, 0x00, 0x00,
    0x00, 0x00, 0x00, 0xEF, 0x10, 0x00, 0x00, 0x00, 0x00, 0x00, 0xFF, 0x10, 0x00, 0x00, 0x00, 0x1F,
    0xFF, 0xFE, 0x00, 0x00, 0x00, 0x00, 0x09, 0xED, 0xB3, 0x00, 0x00, 0x00, 0x00, 0x00, 0x00, 0x00,
    0x00, 0x00, 0x00, 0x00, 0x00, 0x00, 0x00, 0x0F, 0xE0, 0x00, 0x00, 0x00, 0x0F, 0xFF, 0xFF, 0xFF,
    0xFF, 0xFF, 0xFF, 0xF0, 0x08, 0x88, 0x88, 0x8F, 0xF8, 0x88, 0x88, 0x80, 0x00, 0x13, 0x33, 0x3F,
    0xE3, 0x33, 0x31, 0x00, 0x00, 0x6F, 0xFF, 0xFF, 0xFF, 0xFF, 0xF7, 0x00, 0x00, 0x6F, 0x83, 0x3F,
    0xE3, 0x39, 0xF7, 0x00, 0x00, 0x6F, 0xFF, 0xFF, 0xFF, 0xFF, 0xF7, 0x00, 0x00, 0x34, 0x44, 0x5F,
    0xE4, 0x44, 0x43, 0x00, 0x00, 0xCF, 0xFF, 0xFF, 0xFF, 0xFF, 0xFB, 0x00, 0x27, 0x77, 0x77, 0x7F,
    0xF7, 0x79, 0xFD, 0x73, 0x6F, 0xFF, 0xFF, 0xFF, 0xFF, 0xFF, 0xFF, 0xF6, 0x00, 0x00, 0x00, 0x0F,
    0xE0, 0x03, 0xFB, 0x00, 0x00, 0xEF, 0xFF, 0xFF, 0xFF, 0xFF, 0xFB, 0x00, 0x00, 0x56, 0x66, 0x6F,
    0xF6, 0x68, 0xFB, 0x00, 0x00, 0x00, 0x27, 0x8F, 0xD0, 0x00, 0x32, 0x00, 0x00, 0x00, 0x0F, 0xFD,
    0x50, 0x00, 0x00, 0x00, 0x00, 0xCF, 0xFF, 0xFF, 0xFF, 0xFF, 0xFD, 0x00, 0x00, 0xCF, 0xFF, 0xFF,
    0xFF, 0xFF, 0xFD, 0x00, 0x00, 0x11, 0x11, 0x11, 0x11, 0x11, 0x11, 0x00, 0x00, 0x00, 0x00, 0x00,
    0x00, 0x00, 0x00, 0x00, 0x00, 0x00, 0x00, 0x00, 0x00, 0x00, 0x00, 0x00, 0x00, 0x00, 0x00, 0x00,
    0x00, 0x00, 0x00, 0x00, 0x00, 0x00, 0x00, 0x00, 0x00, 0x00, 0x00, 0x00, 0x00, 0x00, 0x00, 0x00,
    0x00, 0x00, 0x00, 0x00, 0x00, 0x00, 0x00, 0x00, 0x00, 0x00, 0x00, 0x00, 0x00, 0x00, 0x00, 0x00,
    0x00, 0x00, 0x00, 0x00, 0x2F, 0xFF, 0xFF, 0xFF, 0xFF, 0xFF, 0xFF, 0xF2, 0x2F, 0xFF, 0xFF, 0xFF,
    0xFF, 0xFF, 0xFF, 0xF2, 0x03, 0x33, 0x33, 0x33, 0x33, 0x33, 0x33, 0x30, 0x01, 0xEE, 0xEE, 0xEE,
    0xEE, 0xEE, 0xEE, 0x10, 0x01, 0xFF, 0xFF, 0xFF, 0xFF, 0xFF, 0xFF, 0x10, 0x00, 0x00, 0x00, 0x0D,
    0xF2, 0x00, 0x00, 0x00, 0x00, 0x00, 0x00, 0x0D, 0xF2, 0x00, 0x00, 0x00, 0x00, 0x00, 0x00, 0x0D,
    0xF2, 0x00, 0x00, 0x00, 0x00, 0x00, 0x00, 0x0D, 0xF2, 0x00, 0x00, 0x00, 0x3F, 0xFF, 0xFF, 0xFF,
    0xFF, 0xFF, 0xFF, 0xF3, 0x2E, 0xEE, 0xEE, 0xEF, 0xFE, 0xEE, 0xEE, 0xE3, 0x00, 0x00, 0x00, 0x0D,
    0xF2, 0x00, 0x00, 0x00, 0x00, 0x00, 0x00, 0x0D, 0xF2, 0x00, 0x00, 0x00, 0x00, 0x00, 0x00, 0x0D,
    0xF2, 0x00, 0x00, 0x00, 0x00, 0x00, 0x00, 0x0D, 0xF2, 0x00, 0x00, 0x00, 0x00, 0x00, 0x00, 0x0E,
    0xF2, 0x00, 0x00, 0x00, 0x00, 0x00, 0xEF, 0xFF, 0xF0, 0x00, 0x00, 0x00, 0x00, 0x00, 0x9F, 0xEC,
    0x50, 0x00, 0x00, 0x00, 0x03, 0xFF, 0xFF, 0xFF, 0xFF, 0xFF, 0xFF, 0x20, 0x03, 0xEE, 0xEE, 0xFF,
    0xEE, 0xEE, 0xEE, 0x20, 0x00, 0x00, 0x00, 0xFF, 0x10, 0x00, 0x00, 0x00, 0x00, 0x00, 0x02, 0xFE,
    0x00, 0x00, 0x00, 0x00, 0x00, 0x4D, 0xDE, 0xFF, 0xDD, 0xDE, 0x80, 0x00, 0x00, 0x5F, 0xFF, 0xFF,
    0xFF, 0xFF, 0x80, 0x00, 0x00, 0x00, 0x0A, 0xF6, 0x00, 0x9F, 0x70, 0x00, 0x00, 0x00, 0x0D, 0xF4,
    0x00, 0xAF, 0x60, 0x00, 0x00, 0x00, 0x0F, 0xF2, 0x00, 0xBF, 0x50, 0x00, 0x00, 0x00, 0x2F, 0xF0,
    0x00, 0xDF, 0x30, 0x00, 0x00, 0x00, 0x4F, 0xD0, 0x00, 0xEF, 0x20, 0x00, 0x2E, 0xEE, 0xEF, 0xFE,
    0xEE, 0xFF, 0xEE, 0xE3, 0x2F, 0xFF, 0xFF, 0xFF, 0xFF, 0xFF, 0xFF, 0xF3, 0x00, 0x00, 0xDE, 0x00,
    0x5E, 0x80, 0x00, 0x00, 0x00, 0x00, 0xEF, 0x00, 0x6F, 0x80, 0x00, 0x00, 0x08, 0xE2, 0xEF, 0x00,
    0x6F, 0x81, 0x8C, 0x10, 0x09, 0xF2, 0xEF, 0xFF, 0x6F, 0xDF, 0xFF, 0x80, 0x09, 0xF2, 0xEF, 0xBB,
    0x6F, 0xFC, 0x71, 0x00, 0x09, 0xF2, 0xEF, 0x00, 0x6F, 0x90, 0x03, 0x30, 0x09, 0xF2, 0xEF, 0x00,
    0x6F, 0x90, 0x07, 0xF4, 0x3C, 0xFB, 0xFF, 0xFF, 0x6F, 0xFC, 0xCF, 0xF1, 0x6F, 0xFF, 0xFF, 0xDB,
    0x1B, 0xFF, 0xFF, 0x80, 0x38, 0x53, 0x10, 0x00, 0x00, 0x00, 0x00, 0x00, 0x00, 0x5D, 0xDD, 0xDD,
    0xDD, 0xDD, 0xD7, 0x00, 0x00, 0x6F, 0xFF, 0xFF, 0xFF, 0xFF, 0xF8, 0x00, 0x00, 0x00, 0x00, 0x00,
    0x00, 0x00, 0x00, 0x00, 0x00, 0x00, 0x00, 0x00, 0x00, 0x00, 0x00, 0x00, 0x4F, 0xFF, 0xFF, 0xFF,
    0xFF, 0xFF, 0xFF, 0xF4, 0x3E, 0xEE, 0xEE, 0xEE, 0xEE, 0xEE, 0xEE, 0xE3, 0x00, 0x00, 0x00, 0x3B,
    0xA0, 0x00, 0x00, 0x00, 0x00, 0x00, 0x00, 0x1F, 0xF3, 0x00, 0x00, 0x00, 0x05, 0xFF, 0xFF, 0xFF,
    0xFF, 0xFF, 0xFF, 0xA0, 0x04, 0xDD, 0xDF, 0xDD, 0xDD, 0xDD, 0xDD, 0x80, 0x00, 0x00, 0xCF, 0x30,
    0x00, 0x9E, 0x70, 0x00, 0x00, 0x00, 0x5F, 0xB0, 0x01, 0xFF, 0x20, 0x00, 0x03, 0xDD, 0xDF, 0xDD,
    0xDE, 0xFF, 0xDD, 0xD0, 0x03, 0xFF, 0xFF, 0xFF, 0xFF, 0xFF, 0xFF, 0xF0, 0x03, 0xFC, 0x00, 0x00,
    0x00, 0x00, 0x00, 0x00, 0x05, 0xFB, 0x00, 0x00, 0x00, 0x00, 0x00, 0x00, 0x06, 0xFA, 0x00, 0x00,
    0x00, 0x00, 0x00, 0x00, 0x07, 0xF8, 0x00, 0x00, 0x00, 0x00, 0x00, 0x00, 0x0B, 0xF6, 0x00, 0x00,
    0x00, 0x00, 0x00, 0x00, 0x1F, 0xF2, 0x00, 0x00, 0x00, 0x00, 0x00, 0x00, 0x7F, 0xD0, 0x00, 0x00,
    0x00, 0x00, 0x00, 0x00, 0x0A, 0x50, 0x00, 0x00, 0x00, 0x00, 0x00, 0x00, 0x00, 0x00, 0x00, 0x00,
    0x00, 0x00, 0x00, 0x00, 0x00, 0x00, 0x00, 0x00, 0x00, 0x00, 0x00, 0x00, 0x00, 0x00, 0x00, 0x3E,
    0xD0, 0x00, 0x00, 0x00, 0x29, 0x99, 0x99, 0x9F, 0xFA, 0x99, 0x99, 0x92, 0x3F, 0xFF, 0xFF, 0xFF,
    0xFF, 0xFF, 0xFF, 0xF3, 0x00, 0x03, 0x33, 0x33, 0x33, 0x33, 0x30, 0x00, 0x00, 0x0F, 0xFF, 0xFF,
    0xFF, 0xFF, 0xF0, 0x00, 0x00, 0x0F, 0xE0, 0x00, 0x00, 0x0F, 0xF0, 0x00, 0x00, 0x0F, 0xFF, 0xFF,
    0xFF, 0xFF, 0xF0, 0x00, 0x00, 0x04, 0x44, 0x44, 0x44, 0x44, 0x40, 0x00, 0x0F, 0xFF, 0xFF, 0xFF,
    0xFF, 0xFF, 0xFF, 0xF0, 0x0F, 0xD7, 0x77, 0x77, 0x77, 0x77, 0x7E, 0xF0, 0x0F, 0xB0, 0x59, 0x99,
    0x99, 0x94, 0x0D, 0xF0, 0x01, 0x10, 0xAF, 0xFF, 0xFF, 0xF8, 0x01, 0x10, 0x00, 0x00, 0xEF, 0x20,
    0x08, 0xF8, 0x04, 0x40, 0x00, 0x3C, 0xFC, 0x00, 0x08, 0xF8, 0x09, 0xF3, 0x0D, 0xFF, 0xD2, 0x00,
    0x06, 0xFF, 0xFF, 0xF0, 0x07, 0xB6, 0x00, 0x00, 0x00, 0x7A, 0xA9, 0x40, 0x00, 0x00, 0x00, 0x4F,
    0xE0, 0x00, 0x00, 0x00, 0x00, 0x00, 0x00, 0x4F, 0xD0, 0x00, 0x00, 0x00, 0x00, 0x00, 0x00, 0x5F,
    0xD0, 0x00, 0x00, 0x00, 0x00, 0x00, 0x00, 0x7F, 0xF0, 0x00, 0x00, 0x00, 0x00, 0x00, 0x00, 0xAF,
    0xF2, 0x00, 0x00, 0x00, 0x00, 0x00, 0x00, 0xDF, 0xF7, 0x00, 0x00, 0x00, 0x00, 0x00, 0x00, 0xFF,
    0xFC, 0x00, 0x00, 0x00, 0x00, 0x00, 0x06, 0xFE, 0xEF, 0x20, 0x00, 0x00, 0x00, 0x00, 0x0C, 0xF7,
    0x8F, 0x90, 0x00, 0x00, 0x00, 0x00, 0x6F, 0xF1, 0x2F, 0xF3, 0x00, 0x00, 0x00, 0x02, 0xEF, 0x70,
    0x08, 0xFE, 0x10, 0x00, 0x00, 0x1E, 0xFD, 0x00, 0x00, 0xDF, 0xD2, 0x00, 0x04, 0xEF, 0xE1, 0x00,
    0x00, 0x1D, 0xFE, 0x60, 0x3F, 0xFD, 0x20, 0x00, 0x00, 0x01, 0xCF, 0xF4, 0x06, 0xA0, 0x00, 0x00,
    0x00, 0x00, 0x06, 0x70, 0x00, 0x0B, 0x80, 0x00, 0x00, 0x00, 0x00, 0x00, 0x00, 0x3F, 0xC8, 0xBB,
    0xBB, 0xBB, 0xB0, 0x00, 0x00, 0x8F, 0x6B, 0xFF, 0xFF, 0xFF, 0xE0, 0x00, 0x00, 0xEF, 0x10, 0x4F,
    0xB0, 0x1F, 0xB0, 0x00, 0x06, 0xFD, 0x00, 0x4F, 0xA0, 0x4F, 0x80, 0x00, 0x1E, 0xFD, 0x00, 0x5F,
    0xA0, 0x7F, 0x40, 0x00, 0x9F, 0xFD, 0x00, 0x5F, 0x90, 0xBF, 0xFF, 0xF0, 0x5F, 0xFD, 0x00, 0x7F,
    0x70, 0xAB, 0xBF, 0xF0, 0x05, 0xED, 0x00, 0x9F, 0x50, 0x00, 0x0F, 0xE0, 0x00, 0xED, 0x00, 0xBF,
    0x30, 0x00, 0x0F, 0xD0, 0x00, 0xED, 0x00, 0xFF, 0x00, 0x00, 0x1F, 0xC0, 0x00, 0xED, 0x04, 0xFB,
    0x00, 0x00, 0x2F, 0xB0, 0x00, 0xED, 0x0A, 0xF6, 0x00, 0x00, 0x4F, 0x90, 0x00, 0xED, 0x3F, 0xF1,
    0x00, 0x00, 0x9F, 0x70, 0x00, 0xED, 0xAF, 0x70, 0x01, 0xFF, 0xFF, 0x30, 0x00, 0xDC, 0x0A, 0x00,
    0x00, 0x9C, 0xB5, 0x00, 0x00, 0x00, 0x00, 0x00, 0x00, 0x00, 0x00, 0x00, 0x00, 0x04, 0xFB, 0x00,
    0x01, 0xFE, 0x00, 0x00, 0x00, 0x05, 0xFB, 0x00, 0x02, 0xFF, 0x00, 0x00, 0x00, 0x06, 0xFA, 0x00,
    0x03, 0xFD, 0x00, 0x00, 0x00, 0x07, 0xF9, 0x00, 0x04, 0xFC, 0x00, 0x00, 0x00, 0x08, 0xF8, 0x00,
    0x06, 0xFA, 0x00, 0x00, 0x00, 0x0B, 0xFA, 0x00, 0x09, 0xFA, 0x00, 0x00, 0x00, 0x0D, 0xFF, 0x60,
    0x0C, 0xFE, 0x00, 0x00, 0x00, 0x0F, 0xFF, 0xF3, 0x0E, 0xFF, 0x30, 0x00, 0x00, 0x3F, 0xE6, 0xFD,
    0x3F, 0xFF, 0x90, 0x00, 0x00, 0x9F, 0x90, 0xCF, 0xCF, 0xBE, 0xF1, 0x00, 0x00, 0xEF, 0x50, 0x35,
    0xFF, 0x58, 0xF9, 0x00, 0x05, 0xFF, 0x10, 0x08, 0xFE, 0x01, 0xFF, 0x50, 0x1E, 0xF8, 0x00, 0x5F,
    0xF7, 0x00, 0x7F, 0xF4, 0x5F, 0xE0, 0x00, 0xBF, 0xB0, 0x00, 0x0A, 0xD1, 0x02, 0x50, 0x00, 0x06,
    0x10, 0x00, 0x00, 0x20, 0x00, 0x04, 0xA3, 0x00, 0x04, 0xE7, 0x00, 0x00, 0x00, 0x0C, 0xF4, 0x00,
    0x04, 0xF8, 0x00, 0x00, 0x00, 0x3F, 0xD0, 0xBF, 0x24, 0xF8, 0x02, 0x00, 0x00, 0xAF, 0x60, 0xBF,
    0x24, 0xFA, 0x9F, 0xE0, 0x04, 0xFF, 0x20, 0xBF, 0x28, 0xFF, 0xFF, 0xF0, 0x1E, 0xFF, 0x20, 0xBF,
    0xFF, 0xFF, 0x9E, 0xE0, 0x9F, 0xFF, 0x49, 0xFF, 0xFE, 0xF8, 0x0D, 0xE0, 0x4F, 0xDF, 0x9F, 0xFF,
    0x54, 0xF8, 0x0D, 0xE0, 0x03, 0xBF, 0x39, 0xDF, 0x24, 0xF8, 0x0E, 0xD0, 0x00, 0xBF, 0x20, 0xBF,
    0x24, 0xFA, 0xBF, 0xC0, 0x00, 0xBF, 0x20, 0xBF, 0x24, 0xF8, 0xED, 0x40, 0x00, 0xBF, 0x20, 0xBF,
    0x24, 0xF8, 0x00, 0x10, 0x00, 0xBF, 0x20, 0xBF, 0x20, 0x00, 0x03, 0xF6, 0x00, 0xBF, 0x20, 0xAF,
    0x40, 0x00, 0x08, 0xF6, 0x00, 0xBF, 0x20, 0x7F, 0xFF, 0xFF, 0xFF, 0xF1, 0x00, 0xBF, 0x20, 0x07,
    0xAB, 0xBB, 0xBA, 0x40, 0x00, 0x00, 0xAA, 0x20, 0x7D, 0x52, 0xB6, 0x00, 0x00, 0x04, 0xFE, 0x00,
    0x8F, 0x71, 0xEF, 0x50, 0x00, 0x0D, 0xF6, 0x00, 0x7F, 0x70, 0x2F, 0xE0, 0x00, 0x6F, 0xE0, 0x00,
    0x6F, 0x80, 0x04, 0x10, 0x03, 0xFF, 0xD0, 0x00, 0x6F, 0xC8, 0xAC, 0xE3, 0x2E, 0xFF, 0xD6, 0xDF,
    0xFF, 0xFF, 0xFF, 0xE5, 0xAF, 0xDF, 0xD6, 0xFE, 0xCF, 0xE5, 0x31, 0x00, 0x2D, 0x2F, 0xD0, 0x00,
    0x0F, 0xF0, 0x00, 0x00, 0x00, 0x1F, 0xD0, 0x00, 0x0D, 0xF2, 0x00, 0x00, 0x00, 0x1F, 0xD0, 0x00,
    0x0A, 0xF5, 0x00, 0x00, 0x00, 0x1F, 0xD0, 0x00, 0x06, 0xFA, 0x00, 0xA0, 0x00, 0x1F, 0xD0, 0x00,
    0x00, 0xFF, 0x22, 0xF8, 0x00, 0x1F, 0xD0, 0x00, 0x00, 0xAF, 0xEA, 0xF5, 0x00, 0x1F, 0xD0, 0x00,
    0x00, 0x0D, 0xFF, 0xF0, 0x00, 0x1E, 0xC0, 0x00, 0x00, 0x01, 0xAD, 0x50, 0x06, 0x93, 0x00, 0x00,
    0x00, 0x2F, 0xC0, 0x00, 0x0B, 0xF6, 0x08, 0xB0, 0x00, 0x3F, 0xD0, 0x00, 0x0B, 0xF6, 0x0D, 0xF7,
    0x00, 0x4F, 0xB0, 0x00, 0x0B, 0xF6, 0x03, 0xFF, 0x20, 0x6F, 0x90, 0x00, 0x0B, 0xF6, 0x00, 0x9F,
    0x80, 0x8F, 0x70, 0x00, 0x0B, 0xF6, 0x00, 0x16, 0x00, 0xCF, 0x50, 0x00, 0x0B, 0xF6, 0x00, 0x00,
    0x01, 0xFF, 0x10, 0x00, 0x0B, 0xF6, 0x00, 0x00, 0x05, 0xFD, 0x00, 0x00, 0x0B, 0xF6, 0x2A, 0x90,
    0x0B, 0xF7, 0x00, 0x00, 0x0B, 0xFD, 0xFF, 0xC0, 0x4F, 0xF9, 0x00, 0x00, 0x1F, 0xFF, 0xE7, 0x02,
    0xEF, 0xFF, 0x80, 0x00, 0xAF, 0xF8, 0x00, 0x4E, 0xFB, 0x3F, 0xF7, 0x00, 0x2B, 0x20, 0x1A, 0xFF,
    0xD0, 0x05, 0xFF, 0x40, 0x00, 0x00, 0x0A, 0xF8, 0x00, 0x00, 0x9D, 0x30, 0x00, 0x00, 0x00, 0x20,
    0x00, 0x00, 0x00, 0x00, 0x00, 0x00, 0x00, 0x00, 0x00, 0x00, 0x00, 0x00, 0x00, 0x0E, 0xB1, 0xCA,
    0x09, 0xBB, 0xBB, 0xA0, 0x00, 0x4F, 0xA0, 0xCF, 0x5D, 0xFF, 0xFF, 0xF0, 0x00, 0x9F, 0x50, 0x3F,
    0xD0, 0x00, 0x0F, 0xF0, 0x00, 0xEF, 0x10, 0x0C, 0xB0, 0x00, 0x0F, 0xF0, 0x06, 0xFC, 0x0F, 0xE2,
    0x00, 0x00, 0x0F, 0xF0, 0x0D, 0xFB, 0x0F, 0xE0, 0x00, 0x00, 0x0F, 0xF0, 0x6F, 0xFB, 0x0F, 0xE0,
    0x00, 0x00, 0x0F, 0xF0, 0x5F, 0xFB, 0x0F, 0xE0, 0x00, 0x00, 0x0F, 0xF0, 0x0A, 0xFB, 0x0F, 0xE0,
    0x00, 0x00, 0x0F, 0xF0, 0x01, 0xFB, 0x0F, 0xE0, 0x00, 0x00, 0x0F, 0xF0, 0x01, 0xFB, 0x0F, 0xE0,
    0x00, 0x00, 0x0F, 0xF0, 0x01, 0xFB, 0x0F, 0xE0, 0x00, 0x00, 0x0F, 0xF0, 0x01, 0xFB, 0x0F, 0xE0,
    0x00, 0x00, 0x0F, 0xF0, 0x01, 0xFB, 0x0F, 0xE0, 0x00, 0x00, 0x0F, 0xF0, 0x01, 0xFB, 0x0F, 0xE0,
    0x00, 0x0B, 0xCF, 0xD0, 0x01, 0xFB, 0x0F, 0xE0, 0x00, 0x0B, 0xFD, 0x50, 0x00, 0x00, 0x00, 0x00,
    0x00, 0x00, 0x00, 0x00, 0x00, 0x05, 0xB4, 0x00, 0x07, 0xC4, 0x00, 0x00, 0x00, 0x0C, 0xF4, 0x7E,
    0x59, 0xF5, 0x00, 0x00, 0x00, 0x4F, 0xD0, 0xBF, 0x39, 0xF5, 0x00, 0x00, 0x00, 0xCF, 0x60, 0xFF,
    0xEF, 0xFE, 0xDD, 0x90, 0x07, 0xFF, 0x16, 0xFF, 0xFF, 0xFF, 0xFF, 0xA0, 0x3F, 0xFF, 0x1D, 0xF3,
    0x09, 0xF5, 0x00, 0x00, 0x8F, 0xFF, 0x2B, 0xC0, 0x09, 0xF5, 0x00, 0x00, 0x1E, 0xDF, 0x10, 0x10,
    0x09, 0xF5, 0x00, 0x00, 0x01, 0xBF, 0x1D, 0xDD, 0xDF, 0xFE, 0xDD, 0xD6, 0x00, 0xBF, 0x1F, 0xFF,
    0xFF, 0xFF, 0xFF, 0xF7, 0x00, 0xBF, 0x10, 0x00, 0x09, 0xF5, 0x00, 0x00, 0x00, 0xBF, 0x10, 0x00,
    0x09, 0xF5, 0x00, 0x00, 0x00, 0xBF, 0x10, 0x00, 0x09, 0xF5, 0x00, 0x00, 0x00, 0xBF, 0x10, 0x00,
    0x09, 0xF5, 0x00, 0x00, 0x00, 0xBF, 0x10, 0x00, 0x09, 0xF5, 0x00, 0x00, 0x00, 0xAE, 0x10, 0x00,
    0x09, 0xF5, 0x00, 0x00, 0x00, 0x00, 0xB7, 0x00, 0x00, 0x01, 0x59, 0x00, 0x00, 0x06, 0xFD, 0x13,
    0x69, 0xCF, 0xFF, 0x90, 0x00, 0x0E, 0xFA, 0xFF, 0xFF, 0xFF, 0xB6, 0x20, 0x00, 0x6F, 0xE0, 0xCA,
    0x7B, 0xF6, 0x00, 0x00, 0x01, 0xEF, 0x90, 0x00, 0x08, 0xF6, 0x00, 0x00, 0x0B, 0xFF, 0x80, 0x00,
    0x08, 0xF6, 0x00, 0x00, 0x8F, 0xFF, 0x80, 0x00, 0x08, 0xF6, 0x00, 0x00, 0x4F, 0xCF, 0x8C, 0xDD,
    0xDE, 0xFE, 0xDD, 0xD5, 0x06, 0x5F, 0x8E, 0xFF, 0xFF, 0xFF, 0xFF, 0xF6, 0x00, 0x5F, 0x80, 0x00,
    0x08, 0xF6, 0x00, 0x00, 0x00, 0x5F, 0x80, 0x00, 0x08, 0xF6, 0x00, 0x00, 0x00, 0x5F, 0x80, 0x00,
    0x08, 0xF6, 0x00, 0x00, 0x00, 0x5F, 0x80, 0x00, 0x08, 0xF6, 0x00, 0x00, 0x00, 0x5F, 0x83, 0xDD,
    0xDE, 0xFE, 0xDD, 0xD3, 0x00, 0x5F, 0x83, 0xFF, 0xFF, 0xFF, 0xFF, 0xF4, 0x00, 0x4C, 0x60, 0x00,
    0x00, 0x00, 0x00, 0x00, 0x00, 0x06, 0xB3, 0x03, 0x51, 0x17, 0x50, 0x00, 0x00, 0x0D, 0xF3, 0x0B,
    0xF5, 0x1F, 0xC0, 0x00, 0x00, 0x5F, 0xC0, 0x2F, 0xF0, 0x0C, 0xF1, 0x00, 0x00, 0xCF, 0x50, 0x8F,
    0x90, 0x07, 0xF8, 0x00, 0x06, 0xFF, 0x22, 0xFF, 0x20, 0x01, 0xFF, 0x30, 0x3F, 0xFF, 0x3D, 0xF8,
    0x00, 0x00, 0x7F, 0xE2, 0x8F, 0xFF, 0x7F, 0xFC, 0xCC, 0xCC, 0xCF, 0xF7, 0x1C, 0xDF, 0x2A, 0xAF,
    0xFF, 0xFF, 0xFE, 0x70, 0x00, 0xCF, 0x10, 0x02, 0xFB, 0x01, 0xFC, 0x00, 0x00, 0xCF, 0x10, 0x04,
    0xF9, 0x02, 0xFC, 0x00, 0x00, 0xCF, 0x10, 0x08, 0xF6, 0x03, 0xFB, 0x00, 0x00, 0xCF, 0x10, 0x0D,
    0xF1, 0x04, 0xFA, 0x00, 0x00, 0xCF, 0x10, 0x6F, 0xB0, 0x05, 0xF8, 0x00, 0x00, 0xCF, 0x13, 0xFF,
    0x30, 0x09, 0xF6, 0x00, 0x00, 0xCF, 0x4F, 0xF8, 0x08, 0xFF, 0xF2, 0x00, 0x00, 0xBF, 0x17, 0x60,
    0x03, 0xBA, 0x50, 0x00, 0x00, 0x00, 0xB7, 0x00, 0x08, 0xB1, 0x00, 0x00, 0x00, 0x06, 0xFC, 0x00,
    0x0C, 0xF1, 0x00, 0x00, 0x00, 0x0E, 0xF5, 0x00, 0x0C, 0xF1, 0x00, 0x00, 0x00, 0x6F, 0xD0, 0x00,
    0x0C, 0xF1, 0x00, 0x00, 0x02, 0xFF, 0x8B, 0xDD, 0xDF, 0xFD, 0xDD, 0xD4, 0x0C, 0xFF, 0x7D, 0xFF,
    0xFF, 0xFF, 0xFF, 0xF5, 0xAF, 0xFF, 0x70, 0x00, 0xCF, 0xFF, 0x30, 0x00, 0x4F, 0xBF, 0x70, 0x04,
    0xFF, 0xFF, 0xA0, 0x00, 0x05, 0x6F, 0x70, 0x0C, 0xFF, 0xFE, 0xF2, 0x00, 0x00, 0x6F, 0x70, 0x4F,
    0xDC, 0xF7, 0xFA, 0x00, 0x00, 0x6F, 0x71, 0xEF, 0x4C, 0xF2, 0xDF, 0x40, 0x00, 0x6F, 0x8B, 0xFB,
    0x0C, 0xF1, 0x5F, 0xE2, 0x00, 0x6F, 0xDF, 0xE1, 0x0C, 0xF1, 0x0A, 0xF8, 0x00, 0x6F, 0x8A, 0x30,
    0x0C, 0xF1, 0x01, 0x90, 0x00, 0x6F, 0x70, 0x00, 0x0C, 0xF1, 0x00, 0x00, 0x00, 0x6F, 0x70, 0x00,
    0x0C, 0xF1, 0x00, 0x00, 0x00, 0x04, 0xB4, 0x00, 0xBA, 0x00, 0x50, 0x00, 0x00, 0x0B, 0xF5, 0x00,
    0xFD, 0x09, 0xF7, 0x00, 0x00, 0x2F, 0xE0, 0x00, 0xFD, 0x01, 0xDF, 0x40, 0x00, 0x9F, 0x80, 0x00,
    0xFD, 0x00, 0x3C, 0x10, 0x03, 0xFF, 0x6F, 0xFF, 0xFF, 0xFF, 0xFF, 0xF4, 0x0D, 0xFF, 0x5C, 0xCD,
    0xFF, 0xCC, 0xCC, 0xC3, 0x7F, 0xFF, 0x10, 0x03, 0xFA, 0x11, 0x00, 0x00, 0x2F, 0xEF, 0x10, 0x05,
    0xF8, 0xFD, 0x00, 0x00, 0x04, 0xBF, 0x10, 0x07, 0xF6, 0xFD, 0x00, 0x00, 0x00, 0xBF, 0x10, 0x0B,
    0xF3, 0xFD, 0x00, 0x00, 0x00, 0xBF, 0x10, 0x0F, 0xF0, 0xFD, 0x00, 0x00, 0x00, 0xBF, 0x10, 0x6F,
    0xB0, 0xFD, 0x01, 0x50, 0x00, 0xBF, 0x10, 0xEF, 0x40, 0xFD, 0x03, 0xF7, 0x00, 0xBF, 0x2B, 0xFC,
    0x00, 0xFE, 0x05, 0xF6, 0x00, 0xBF, 0xBF, 0xE2, 0x00, 0xDF, 0xFF, 0xF2, 0x00, 0xBF, 0x4D, 0x30,
    0x00, 0x4B, 0xCB, 0x70, 0x00, 0x01, 0x00, 0x00, 0x00, 0x00, 0x00, 0x00, 0x00, 0x00, 0x00, 0x00,
    0x00, 0x00, 0x00, 0x00, 0x00, 0x00, 0x00, 0x08, 0xC3, 0x00, 0x00, 0x00, 0x00, 0x00, 0x00, 0x6F,
    0xF6, 0x00, 0x00, 0x00, 0x00, 0x00, 0x08, 0xFF, 0xFF, 0x70, 0x00, 0x00, 0x00, 0x02, 0xBF, 0xF5,
    0x4F, 0xFC, 0x40, 0x00, 0x01, 0x7F, 0xFF, 0x40, 0x02, 0xDF, 0xFD, 0x50, 0x4F, 0xFF, 0xFD, 0xBB,
    0xBB, 0xDE, 0xEF, 0xF4, 0x0B, 0xD5, 0xBF, 0xFF, 0xFF, 0xFC, 0x07, 0x70, 0x00, 0x00, 0x00, 0x00,
    0x00, 0x00, 0x00, 0x00, 0x08, 0xDD, 0xDD, 0xDD, 0xDD, 0xDD, 0xDD, 0x90, 0x09, 0xFF, 0xFF, 0xFF,
    0xFF, 0xFF, 0xFF, 0xB0, 0x00, 0x00, 0x2F, 0xF8, 0x00, 0x7A, 0x00, 0x00, 0x00, 0x01, 0xDF, 0xB0,
    0x01, 0xEF, 0x80, 0x00, 0x00, 0x1C, 0xFD, 0x11, 0x23, 0x7F, 0xF5, 0x00, 0x00, 0xDF, 0xFF, 0xFF,
    0xFF, 0xFF, 0xFF, 0x10, 0x00, 0xCF, 0xFF, 0xFF, 0xEC, 0xBA, 0xCF, 0xA0, 0x00, 0x56, 0x42, 0x00,
    0x00, 0x00, 0x2A, 0x10, 0x00, 0x05, 0x93, 0x00, 0x3A, 0x50, 0x00, 0x00, 0x00, 0x0C, 0xF5, 0x00,
    0x7F, 0x70, 0x00, 0x00, 0x00, 0x3F, 0xE6, 0xFF, 0xFF, 0xFF, 0xFF, 0x90, 0x00, 0xBF, 0x74, 0xCC,
    0xFF, 0xCC, 0xCC, 0x70, 0x04, 0xFF, 0x10, 0x03, 0xFB, 0x00, 0x00, 0x00, 0x1E, 0xFF, 0x6F, 0xFF,
    0xFF, 0xFF, 0xFF, 0xF6, 0xAF, 0xFF, 0x5C, 0xCF, 0xFC, 0xCC, 0xCC, 0xC5, 0x3E, 0xDF, 0x10, 0x1F,
    0xF0, 0x00, 0x00, 0x00, 0x02, 0xCF, 0x10, 0x5F, 0xFC, 0xCC, 0xCC, 0x50, 0x00, 0xCF, 0x10, 0xAF,
    0xFF, 0xFF, 0xFF, 0x80, 0x00, 0xCF, 0x10, 0x00, 0x00, 0x0C, 0xFA, 0x00, 0x00, 0xCF, 0x10, 0x01,
    0xB4, 0xBF, 0xC0, 0x00, 0x00, 0xCF, 0x10, 0x07, 0xFF, 0xFD, 0x10, 0x00, 0x00, 0xCF, 0x10, 0x00,
    0x5F, 0xFC, 0x10, 0x00, 0x00, 0xCF, 0x10, 0x00, 0x02, 0xDF, 0xB0, 0x00, 0x00, 0xBE, 0x10, 0x00,
    0x00, 0x1B, 0x20, 0x00, 0x00, 0x00, 0x00, 0x00, 0x00, 0x00, 0x00, 0x00, 0x00, 0x02, 0xB4, 0x00,
    0x00, 0x00, 0x00, 0x00, 0x00, 0x0A, 0xF8, 0x9C, 0xCC, 0xCC, 0xCC, 0x40, 0x00, 0x2F, 0xF1, 0xCF,
    0xFF, 0xFF, 0xFF, 0x60, 0x00, 0xAF, 0x90, 0xCF, 0x30, 0x00, 0xAF, 0x60, 0x05, 0xFF, 0x50, 0xCF,
    0x30, 0x00, 0xAF, 0x60, 0x3F, 0xFF, 0x40, 0xCF, 0xDC, 0xCC, 0xEF, 0x60, 0x8F, 0xFF, 0x40, 0xCF,
    0xFF, 0xFF, 0xFF, 0x60, 0x1E, 0xAF, 0x40, 0xCF, 0x30, 0x00, 0xAF, 0x60, 0x02, 0x9F, 0x40, 0xCF,
    0x30, 0x00, 0xAF, 0x60, 0x00, 0x9F, 0x40, 0xCF, 0x30, 0x00, 0xAF, 0x60, 0x00, 0x9F, 0x40, 0xCF,
    0xFF, 0xFF, 0xFF, 0x60, 0x00, 0x9F, 0x40, 0x9C, 0xCC, 0xCC, 0xCC, 0x40, 0x00, 0x9F, 0x40, 0x00,
    0x00, 0x00, 0x00, 0x00, 0x00, 0x9F, 0x4B, 0xCC, 0xCC, 0xCC, 0xCC, 0xC7, 0x00, 0x9F, 0x4E, 0xFF,
    0xFF, 0xFF, 0xFF, 0xF8, 0x00, 0x9F, 0x40, 0x00, 0x00, 0x00, 0x00, 0x00, 0x00, 0x00, 0x00, 0x00,
    0x00, 0x10, 0x00, 0x00, 0x00, 0x01, 0xB6, 0x00, 0x0E, 0xE0, 0x00, 0x00, 0x00, 0x07, 0xF9, 0x00,
    0x0D, 0xF2, 0x00, 0x00, 0x00, 0x0E, 0xF2, 0x00, 0x09, 0xC3, 0x00, 0x00, 0x00, 0x6F, 0xB3, 0xFF,
    0xFF, 0xFF, 0xFF, 0xB0, 0x01, 0xEF, 0x72, 0xDD, 0xDD, 0xDD, 0xDD, 0xA0, 0x0B, 0xFF, 0x70, 0x05,
    0x40, 0x00, 0x87, 0x00, 0x5F, 0xFF, 0x70, 0x2F, 0xA0, 0x00, 0xFF, 0x00, 0x0E, 0xCF, 0x70, 0x0F,
    0xD0, 0x02, 0xFC, 0x00, 0x02, 0x7F, 0x70, 0x0D, 0xF0, 0x04, 0xF9, 0x00, 0x00, 0x7F, 0x70, 0x0A,
    0xF3, 0x07, 0xF6, 0x00, 0x00, 0x7F, 0x70, 0x08, 0xF6, 0x0A, 0xF2, 0x00, 0x00, 0x7F, 0x70, 0x06,
    0xF7, 0x0D, 0xF0, 0x00, 0x00, 0x7F, 0x70, 0x03, 0x72, 0x0F, 0xB0, 0x00, 0x00, 0x7F, 0x7A, 0xDD,
    0xDD, 0xDF, 0xED, 0xD4, 0x00, 0x7F, 0x7C, 0xFF, 0xFF, 0xFF, 0xFF, 0xF4, 0x00, 0x7F, 0x70, 0x00,
    0x00, 0x00, 0x00, 0x00, 0x00, 0x08, 0x91, 0x00, 0x0D, 0xC0, 0x00, 0x00, 0x00, 0x0F, 0xF1, 0x00,
    0x0F, 0xE0, 0x00, 0x00, 0x00, 0x6F, 0xA0, 0x00, 0x0F, 0xE0, 0x00, 0x00, 0x00, 0xDF, 0x4C, 0xCC,
    0xCF, 0xFC, 0xCC, 0xC4, 0x06, 0xFF, 0x1F, 0xFF, 0xFF, 0xFF, 0xFF, 0xF5, 0x1E, 0xFF, 0x00, 0x01,
    0xFF, 0xFF, 0x20, 0x00, 0xAF, 0xFF, 0x00, 0x08, 0xFF, 0xFF, 0x90, 0x00, 0x3F, 0xDF, 0x00, 0x0E,
    0xDF, 0xED, 0xF1, 0x00, 0x03, 0xCF, 0x00, 0x6F, 0x7F, 0xE7, 0xF8, 0x00, 0x00, 0xCF, 0x01, 0xEF,
    0x1F, 0xE1, 0xFF, 0x20, 0x00, 0xCF, 0x1A, 0xF8, 0x0F, 0xE0, 0x8F, 0xD0, 0x00, 0xCF, 0x9F, 0xCC,
    0xBF, 0xFB, 0xCD, 0xF9, 0x00, 0xCF, 0x5F, 0x3F, 0xFF, 0xFF, 0xF3, 0xD1, 0x00, 0xCF, 0x01, 0x00,
    0x0F, 0xE0, 0x00, 0x00, 0x00, 0xCF, 0x00, 0x00, 0x0F, 0xE0, 0x00, 0x00, 0x00, 0xBE, 0x00, 0x00,
    0x0C, 0xC0, 0x00, 0x00, 0x00, 0x02, 0xB4, 0x00, 0x96, 0x00, 0x00, 0x00, 0x00, 0x09, 0xF8, 0x04,
    0xFD, 0x00, 0x00, 0x00, 0x00, 0x1F, 0xF2, 0x0A, 0xF7, 0x00, 0x00, 0x00, 0x00, 0x8F, 0xB0, 0x1F,
    0xFF, 0xFF, 0xFF, 0xF8, 0x02, 0xFF, 0x50, 0xAF, 0xEF, 0xFD, 0xDD, 0xD7, 0x1D, 0xFF, 0x56, 0xFD,
    0x0F, 0xF0, 0x00, 0x00, 0x7F, 0xFF, 0x5D, 0xF3, 0x0F, 0xFB, 0xBB, 0xB1, 0x0D, 0xBF, 0x51, 0x50,
    0x0F, 0xFF, 0xFF, 0xF2, 0x01, 0x9F, 0x50, 0x00, 0x0F, 0xF0, 0x00, 0x00, 0x00, 0x9F, 0x50, 0x00,
    0x0F, 0xF0, 0x00, 0x00, 0x00, 0x9F, 0x50, 0x00, 0x0F, 0xFC, 0xCC, 0xC4, 0x00, 0x9F, 0x50, 0x00,
    0x0F, 0xFF, 0xFF, 0xF5, 0x00, 0x9F, 0x50, 0x00, 0x0F, 0xF0, 0x00, 0x00, 0x00, 0x9F, 0x50, 0x00,
    0x0F, 0xF0, 0x00, 0x00, 0x00, 0x9F, 0x50, 0x00, 0x0F, 0xF0, 0x00, 0x00, 0x00, 0x9E, 0x40, 0x00,
    0x0F, 0xF0, 0x00, 0x00, 0x00, 0x05, 0xA3, 0x0B, 0x80, 0x00, 0x00, 0x00, 0x00, 0x0D, 0xF4, 0x3F,
    0xD0, 0x00, 0x00, 0x00, 0x00, 0x4F, 0xD0, 0x8F, 0x80, 0x00, 0x00, 0x00, 0x00, 0xBF, 0x60, 0xEF,
    0xDC, 0xCC, 0xCC, 0xC4, 0x05, 0xFF, 0x16, 0xFF, 0xFF, 0xFF, 0xFF, 0xF5, 0x1E, 0xFF, 0x2E, 0xF4,
    0x09, 0xF4, 0x09, 0xF2, 0xBF, 0xFF, 0x5F, 0xA0, 0x09, 0xF4, 0x0B, 0xF0, 0x5E, 0xDF, 0x13, 0x32,
    0x09, 0xF4, 0x15, 0x30, 0x03, 0xBF, 0x10, 0x7F, 0x89, 0xF5, 0xEF, 0x00, 0x00, 0xBF, 0x10, 0xBF,
    0x39, 0xF4, 0x9F, 0x50, 0x00, 0xBF, 0x11, 0xFE, 0x09, 0xF4, 0x4F, 0xB0, 0x00, 0xBF, 0x18, 0xF9,
    0x09, 0xF4, 0x0F, 0xF0, 0x00, 0xBF, 0x1F, 0xF1, 0x09, 0xF4, 0x0C, 0xF3, 0x00, 0xBF, 0x12, 0x60,
    0x0A, 0xF4, 0x05, 0x60, 0x00, 0xBF, 0x10, 0x04, 0xFF, 0xF3, 0x00, 0x00, 0x00, 0xAD, 0x10, 0x00,
    0xDD, 0x70, 0x00, 0x00, 0x00, 0x02, 0xC5, 0x00, 0x08, 0xC3, 0x00, 0x00, 0x00, 0x09, 0xF9, 0x00,
    0x0A, 0xF3, 0x00, 0x00, 0x00, 0x1F, 0xFC, 0xFF, 0xFF, 0xFF, 0xFF, 0xF7, 0x00, 0x8F, 0xA8, 0xBB,
    0xBE, 0xFC, 0xBB, 0xB5, 0x02, 0xFF, 0x50, 0x00, 0x0A, 0xF3, 0x00, 0x00, 0x0D, 0xFF, 0x55, 0xFF,
    0xFF, 0xFF, 0xFF, 0xF1, 0x9F, 0xFF, 0x55, 0xFB, 0x8D, 0xFA, 0x8E, 0xF1, 0x3E, 0x9F, 0x55, 0xF6,
    0x0A, 0xF3, 0x0B, 0xF1, 0x01, 0x7F, 0x55, 0xFF, 0xFF, 0xFF, 0xFF, 0xF1, 0x00, 0x7F, 0x53, 0xAA,
    0x9E, 0xFA, 0x99, 0x90, 0x00, 0x7F, 0x52, 0xFB, 0x1F, 0xF0, 0x00, 0x00, 0x00, 0x7F, 0x50, 0x8F,
    0xDF, 0xB0, 0x00, 0x00, 0x00, 0x7F, 0x50, 0x0B, 0xFF, 0x70, 0x00, 0x00, 0x00, 0x7F, 0x51, 0x7F,
    0xFF, 0xFE, 0x84, 0x10, 0x00, 0x7F, 0x7F, 0xFF, 0x94, 0xBF, 0xFF, 0xF7, 0x00, 0x7F, 0x57, 0xA3,
    0x00, 0x03, 0x7B, 0xC0, 0x00, 0x00, 0x00, 0x00, 0x00, 0x00, 0x00, 0x00, 0x00, 0x3A, 0x30, 0x00,
    0x00, 0x00, 0x09, 0xC0, 0x00, 0x8F, 0x9F, 0xFF, 0xFF, 0x30, 0x0C, 0xF0, 0x00, 0xDF, 0x4D, 0xFE,
    0xCC, 0x8F, 0x5C, 0xF0, 0x02, 0xFB, 0x04, 0xF9, 0x00, 0x5F, 0x5C, 0xF0, 0x09, 0xF9, 0x08, 0xF6,
    0x00, 0x5F, 0x5C, 0xF0, 0x1F, 0xF9, 0x0B, 0xFF, 0xFE, 0x6F, 0x5C, 0xF0, 0x9F, 0xF9, 0x0F, 0xFB,
    0xFE, 0x5F, 0x5C, 0xF0, 0x4F, 0xF9, 0x5F, 0x80, 0xEC, 0x5F, 0x5C, 0xF0, 0x07, 0xF9, 0xDF, 0x32,
    0xFA, 0x5F, 0x5C, 0xF0, 0x03, 0xFB, 0xDB, 0xDC, 0xF6, 0x5F, 0x5C, 0xF0, 0x03, 0xF9, 0x13, 0xDF,
    0xF1, 0x5F, 0x5C, 0xF0, 0x03, 0xF9, 0x00, 0x4F, 0xC0, 0x4C, 0x4C, 0xF0, 0x03, 0xF9, 0x00, 0xBF,
    0x40, 0x00, 0x0C, 0xF0, 0x03, 0xF9, 0x07, 0xFC, 0x00, 0x00, 0x0D, 0xF0, 0x03, 0xF9, 0x4F, 0xE2,
    0x00, 0x2F, 0xFF, 0xD0, 0x03, 0xF9, 0x09, 0x20, 0x00, 0x0B, 0xCA, 0x30, 0x00, 0x00, 0x00, 0x00,
    0x00, 0x00, 0x00, 0x00, 0x00, 0x04, 0xB4, 0x00, 0x2B, 0x80, 0x00, 0x00, 0x00, 0x0C, 0xF5, 0x00,
    0x1F, 0xF0, 0x00, 0x00, 0x00, 0x3F, 0xE0, 0x00, 0x0A, 0xE3, 0x00, 0x00, 0x00, 0xAF, 0x8F, 0xFF,
    0xFF, 0xFF, 0xFF, 0xF4, 0x05, 0xFF, 0x2C, 0xCC, 0xFF, 0xEC, 0xCC, 0xC3, 0x1E, 0xFF, 0x10, 0x07,
    0xFF, 0xC0, 0x00, 0x00, 0x8F, 0xFF, 0x10, 0x4F, 0xFE, 0xF2, 0x05, 0x50, 0x2F, 0xEF, 0x14, 0xFF,
    0x77, 0xF7, 0x4F, 0xF2, 0x02, 0xBF, 0x8F, 0xFF, 0x41, 0xFE, 0xFF, 0x50, 0x00, 0xBF, 0xEF, 0xFF,
    0x40, 0xBF, 0xE3, 0x00, 0x00, 0xBF, 0x46, 0x9F, 0x40, 0x4F, 0xD0, 0x00, 0x00, 0xBF, 0x10, 0x9F,
    0x40, 0x0D, 0xF8, 0x00, 0x00, 0xBF, 0x10, 0xAF, 0x43, 0x63, 0xFF, 0x50, 0x00, 0xBF, 0x10, 0xDF,
    0xEF, 0xF0, 0x8F, 0xF5, 0x00, 0xBF, 0x15, 0xFF, 0xFB, 0x50, 0x0A, 0xE2, 0x00, 0xBF, 0x10, 0xC7,
    0x10, 0x00, 0x00, 0x30, 0x00, 0x00, 0x00, 0x00, 0x00, 0x00, 0x00, 0x00, 0x00, 0x8B, 0x00, 0x00,
    0x00, 0x00, 0x07, 0xB0, 0x00, 0xDD, 0xAF, 0xFF, 0xFF, 0x46, 0x39, 0xE0, 0x01, 0xF9, 0x9E, 0x55,
    0x8F, 0x4E, 0x89, 0xE0, 0x06, 0xF6, 0x9D, 0x4C, 0x3F, 0x4E, 0x89, 0xE0, 0x0C, 0xF6, 0x9D, 0x6F,
    0x3F, 0x4E, 0x89, 0xE0, 0x3F, 0xF6, 0x9D, 0x6F, 0x3F, 0x4E, 0x89, 0xE0, 0x9F, 0xF6, 0x9D, 0x6F,
    0x3F, 0x4E, 0x89, 0xE0, 0x4E, 0xF6, 0x9D, 0x6F, 0x3F, 0x4E, 0x89, 0xE0, 0x05, 0xF6, 0x9D, 0x6F,
    0x3F, 0x4E, 0x89, 0xE0, 0x02, 0xF6, 0x9D, 0x6F, 0x3F, 0x4E, 0x89, 0xE0, 0x02, 0xF6, 0x9D, 0x6F,
    0x3F, 0x4E, 0x89, 0xE0, 0x02, 0xF6, 0x9D, 0x8D, 0x3F, 0x4E, 0x89, 0xE0, 0x02, 0xF6, 0x23, 0xDA,
    0x72, 0x03, 0x19, 0xE0, 0x02, 0xF6, 0x06, 0xF8, 0xF8, 0x00, 0x09, 0xE0, 0x02, 0xF6, 0x6F, 0xA0,
    0x7F, 0x42, 0x9E, 0xE0, 0x02, 0xF6, 0x99, 0x00, 0x0A, 0x40, 0xFE, 0x60, 0x00, 0x00, 0x00, 0x00,
    0x00, 0x00, 0x00, 0x00, 0x00, 0x01, 0xA3, 0x00, 0x00, 0x00, 0x00, 0x00, 0x00, 0x08, 0xF9, 0xDF,
    0xFF, 0xFF, 0xFF, 0x90, 0x00, 0x1F, 0xF2, 0xDF, 0xBB, 0xBB, 0xCF, 0x90, 0x00, 0x7F, 0xA0, 0xDF,
    0x00, 0x00, 0x4F, 0x90, 0x02, 0xFF, 0x50, 0xDF, 0x00, 0x00, 0x4F, 0x90, 0x0C, 0xFF, 0x50, 0xDF,
    0xFF, 0xFF, 0xFF, 0x90, 0x8F, 0xFF, 0x50, 0x9A, 0xAE, 0xFC, 0xAA, 0x60, 0x3F, 0xBF, 0x50, 0x00,
    0x0A, 0xF3, 0x00, 0x00, 0x03, 0x7F, 0x5A, 0xBB, 0xBE, 0xFC, 0xBB, 0xB4, 0x00, 0x7F, 0x5E, 0xFF,
    0xFF, 0xFF, 0xFF, 0xF6, 0x00, 0x7F, 0x50, 0x01, 0xEF, 0xFF, 0x90, 0x00, 0x00, 0x7F, 0x50, 0x0D,
    0xFF, 0xFF, 0xF5, 0x00, 0x00, 0x7F, 0x51, 0xCF, 0xAA, 0xF6, 0xFF, 0x50, 0x00, 0x7F, 0x8E, 0xFD,
    0x0A, 0xF3, 0x5F, 0xF8, 0x00, 0x7F, 0x6C, 0xB1, 0x0A, 0xF3, 0x06, 0xF4, 0x00, 0x7F, 0x51, 0x00,
    0x0A, 0xF3, 0x00, 0x20, 0x00, 0x05, 0x92, 0x00, 0x1A, 0x70, 0x00, 0x00, 0x00, 0x0C, 0xF3, 0x00,
    0x1F, 0xE0, 0x00, 0x00, 0x00, 0x2F, 0xC0, 0x00, 0x09, 0xE3, 0x00, 0x00, 0x00, 0x9F, 0x6F, 0xFF,
    0xFF, 0xFF, 0xFF, 0xF5, 0x02, 0xFF, 0x48, 0x88, 0x88, 0x88, 0x88, 0x83, 0x0B, 0xFF, 0x40, 0x67,
    0x77, 0x77, 0x77, 0x10, 0x6F, 0xFF, 0x40, 0xDF, 0xFF, 0xFF, 0xFF, 0x20, 0x3F, 0xBF, 0x40, 0x00,
    0x00, 0x00, 0x00, 0x00, 0x04, 0x7F, 0x40, 0xDF, 0xFF, 0xFF, 0xFF, 0x20, 0x00, 0x7F, 0x40, 0x67,
    0x77, 0x77, 0x77, 0x10, 0x00, 0x7F, 0x41, 0x88, 0x88, 0x88, 0x88, 0x30, 0x00, 0x7F, 0x41, 0xFF,
    0xFF, 0xFF, 0xFF, 0x60, 0x00, 0x7F, 0x41, 0xF8, 0x00, 0x00, 0x4F, 0x60, 0x00, 0x7F, 0x41, 0xF8,
    0x00, 0x00, 0x4F, 0x60, 0x00, 0x7F, 0x41, 0xFF, 0xFF, 0xFF, 0xFF, 0x60, 0x00, 0x7F, 0x41, 0xFC,
    0x88, 0x88, 0xAF, 0x60, 0x00, 0x01, 0x00, 0x00, 0x00, 0x00, 0x00, 0x00, 0x00, 0x08, 0x50, 0x00,
    0x00, 0x00, 0x00, 0x00, 0x00, 0x2F, 0xD0, 0x07, 0xFF, 0xFF, 0xFF, 0x20, 0x00, 0x7F, 0x80, 0x04,
    0x99, 0x99, 0xEF, 0x10, 0x00, 0xDF, 0x6E, 0x40, 0x00, 0x00, 0xDF, 0x00, 0x04, 0xFE, 0x4F, 0x8F,
    0xFF, 0xFF, 0xFF, 0xF5, 0x0D, 0xFD, 0x4F, 0x79, 0xEB, 0x99, 0x99, 0x93, 0x6F, 0xFD, 0x4F, 0x51,
    0xFE, 0x00, 0x00, 0x00, 0x6F, 0xFD, 0x4F, 0x57, 0xFF, 0xFF, 0xFF, 0xF0, 0x08, 0xFD, 0x4F, 0x8F,
    0xE9, 0xEF, 0x99, 0x80, 0x00, 0xFD, 0x4F, 0x7B, 0x40, 0xCF, 0x10, 0x00, 0x00, 0xFD, 0x4F, 0x8F,
    0xFF, 0xFF, 0xFF, 0xF6, 0x00, 0xFD, 0x4F, 0x79, 0x9B, 0xFF, 0xC9, 0x94, 0x00, 0xFD, 0x26, 0x20,
    0x0A, 0xFF, 0xD0, 0x00, 0x00, 0xFD, 0x00, 0x01, 0xBF, 0xC8, 0xFD, 0x40, 0x00, 0xFD, 0x00, 0x8F,
    0xFC, 0x10, 0xAF, 0xF7, 0x00, 0xED, 0x00, 0x2D, 0x60, 0x00, 0x05, 0xB0, 0x00, 0x0A, 0x80, 0x7B,
    0x10, 0x0D, 0x70, 0x00, 0x00, 0x2F, 0xD0, 0xAF, 0x20, 0x3F, 0x80, 0x00, 0x00, 0x8F, 0x70, 0xAF,
    0x20, 0x6F, 0x60, 0x00, 0x00, 0xEF, 0x7B, 0xEF, 0xC9, 0x9F, 0xB9, 0x94, 0x06, 0xFD, 0x8F, 0xFF,
    0xFC, 0xDF, 0xFF, 0xF8, 0x0E, 0xFD, 0x00, 0xAF, 0x22, 0xFB, 0x0E, 0xB0, 0x9F, 0xFD, 0x00, 0xAF,
    0x29, 0xFD, 0x0F, 0x80, 0x7F, 0xFD, 0x00, 0xAF, 0x2D, 0xFF, 0x3F, 0x60, 0x16, 0xED, 0x4F, 0xFF,
    0xFE, 0xAF, 0x9F, 0x40, 0x00, 0xED, 0x4F, 0xCA, 0xFA, 0x0F, 0xFF, 0x00, 0x00, 0xED, 0x4F, 0x50,
    0xFA, 0x0C, 0xFA, 0x00, 0x00, 0xED, 0x4F, 0x50, 0xFA, 0x09, 0xF6, 0x00, 0x00, 0xED, 0x4F, 0xC9,
    0xFA, 0x4F, 0xFD, 0x00, 0x00, 0xED, 0x4F, 0xFF, 0xFC, 0xEF, 0xAF, 0xB0, 0x00, 0xED, 0x4F, 0x50,
    0x0E, 0xF4, 0x0B, 0xF4, 0x00, 0xEC, 0x14, 0x10, 0x05, 0x50, 0x00, 0x80, 0x00, 0x00, 0x00, 0x00,
    0x00, 0x00, 0x00, 0x00, 0x00, 0x05, 0x92, 0x00, 0x0B, 0xE0, 0x00, 0x00, 0x00, 0x0D, 0xFA, 0x88,
    0x8E, 0xFA, 0x88, 0x82, 0x00, 0x4F, 0xCC, 0xFF, 0xFF, 0xFF, 0xFF, 0xF4, 0x00, 0xBF, 0x50, 0x34,
    0x44, 0x44, 0x44, 0x00, 0x04, 0xFF, 0x00, 0xCF, 0xFF, 0xFF, 0xFF, 0x30, 0x1E, 0xFE, 0x00, 0xCF,
    0x00, 0x00, 0xAF, 0x30, 0x8F, 0xFE, 0x00, 0xCF, 0xFF, 0xFF, 0xFF, 0x30, 0x2F, 0xEE, 0x00, 0x34,
    0x44, 0x44, 0x44, 0x10, 0x03, 0xCE, 0x1F, 0xFF, 0xFF, 0xFF, 0xFF, 0xF7, 0x00, 0xCE, 0x1F, 0xC8,
    0x88, 0x88, 0x8A, 0xF7, 0x00, 0xCE, 0x1F, 0xC8, 0x88, 0x88, 0x8A, 0xF7, 0x00, 0xCE, 0x00, 0x7F,
    0xFF, 0xFF, 0xFB, 0x00, 0x00, 0xCE, 0x00, 0x00, 0x0B, 0xF4, 0x00, 0x00, 0x00, 0xCE, 0x00, 0x00,
    0x0B, 0xF3, 0x00, 0x00, 0x00, 0xCE, 0x00, 0x09, 0xAF, 0xF2, 0x00, 0x00, 0x00, 0xCE, 0x00, 0x09,
    0xFE, 0x90, 0x00, 0x00, 0x00, 0x00, 0x00, 0x00, 0x00, 0x00, 0x00, 0x00, 0x00, 0x3C, 0x40, 0x00,
    0x05, 0xE5, 0x03, 0x50, 0x00, 0x8F, 0x48, 0x10, 0x05, 0xF5, 0x0A, 0xF3, 0x00, 0xDE, 0x4F, 0xC1,
    0xFF, 0xFF, 0xEF, 0xD0, 0x02, 0xFA, 0x07, 0xF6, 0x9C, 0xFB, 0xEF, 0x50, 0x08, 0xF7, 0x00, 0x50,
    0x05, 0xF8, 0xFD, 0x00, 0x1F, 0xF8, 0x55, 0x59, 0xFF, 0xFF, 0xFF, 0xF7, 0x9F, 0xF8, 0xFF, 0xE6,
    0xBC, 0xFF, 0xCB, 0xB5, 0x6E, 0xF7, 0x0B, 0xE0, 0x0A, 0xFC, 0x00, 0x00, 0x05, 0xF7, 0x0B, 0xE0,
    0xAF, 0xFA, 0x88, 0x70, 0x02, 0xF7, 0x0B, 0xEA, 0xFF, 0xFF, 0xFF, 0xE0, 0x02, 0xF7, 0x0B, 0xE1,
    0x9F, 0x90, 0x0C, 0xE0, 0x02, 0xF7, 0x0B, 0xE1, 0x2F, 0xFF, 0xFF, 0xE0, 0x02, 0xF7, 0x0C, 0xFF,
    0x7F, 0xB5, 0x5D, 0xE0, 0x02, 0xF7, 0x3F, 0xFB, 0x2F, 0xC8, 0x8E, 0xE0, 0x02, 0xF7, 0x0D, 0x50,
    0x0F, 0xFF, 0xFF, 0xE0, 0x02, 0xF7, 0x00, 0x00, 0x0D, 0x70, 0x09, 0xA0, 0x00, 0x00, 0x33, 0x00,
    0x01, 0x32, 0x00, 0x00, 0x00, 0x01, 0xFC, 0x00, 0x05, 0xF9, 0x00, 0x00, 0x00, 0x01, 0xFC, 0x00,
    0x05, 0xF9, 0x00, 0x00, 0x00, 0x01, 0xFC, 0x00, 0x05, 0xF9, 0x00, 0x00, 0x00, 0x01, 0xFC, 0x00,
    0x05, 0xF9, 0x00, 0x00, 0x00, 0x01, 0xFC, 0x00, 0x05, 0xF9, 0x00, 0x00, 0x00, 0x01, 0xFC, 0x00,
    0x05, 0xF9, 0x00, 0x00, 0x00, 0x02, 0xFC, 0x00, 0x05, 0xF9, 0x00, 0x00, 0x00, 0x03, 0xFB, 0x00,
    0x05, 0xF9, 0x00, 0x00, 0x00, 0x06, 0xF9, 0x00, 0x05, 0xF9, 0x00, 0x00, 0x00, 0x0A, 0xF5, 0x00,
    0x05, 0xF9, 0x00, 0x10, 0x00, 0x1F, 0xF2, 0x00, 0x05, 0xF9, 0x03, 0xF5, 0x00, 0xAF, 0xB0, 0x00,
    0x05, 0xF9, 0x04, 0xF8, 0x08, 0xFF, 0x20, 0x00, 0x05, 0xFA, 0x06, 0xF6, 0x6F, 0xF7, 0x00, 0x00,
    0x02, 0xFF, 0xFF, 0xF2, 0x0B, 0x70, 0x00, 0x00, 0x00, 0x8C, 0xDC, 0x60, 0x00, 0x00, 0x00, 0x00,
    0x00, 0x00, 0x00, 0x00, 0x00, 0x00, 0x00, 0x00, 0x00, 0x00, 0x00, 0x00, 0x00, 0x07, 0x92, 0x0F,
    0xF0, 0x00, 0x00, 0x00, 0x00, 0x0E, 0xF2, 0x0F, 0xF0, 0x00, 0x00, 0x00, 0x00, 0x3F, 0xFD, 0xDF,
    0xFD, 0xDD, 0xDC, 0x00, 0x00, 0x9F, 0xFF, 0xFF, 0xFF, 0xFF, 0xFE, 0x00, 0x01, 0xFF, 0x10, 0x0F,
    0xF0, 0x00, 0x00, 0x00, 0x07, 0xF9, 0x00, 0x0F, 0xF0, 0x00, 0x00, 0x00, 0x00, 0x52, 0x00, 0x0F,
    0xF0, 0x00, 0x00, 0x00, 0x1D, 0xDD, 0xDD, 0xDF, 0xFD, 0xDD, 0xDD, 0xD2, 0x1F, 0xFF, 0xFF, 0xFF,
    0xFF, 0xFF, 0xFF, 0xF2, 0x00, 0x00, 0x6F, 0x90, 0x0F, 0xF0, 0x00, 0x00, 0x00, 0x00, 0x9F, 0x60,
    0x0F, 0xF0, 0x00, 0x00, 0x00, 0x00, 0xEF, 0x30, 0x0F, 0xF0, 0x02, 0x00, 0x00, 0x08, 0xFC, 0x00,
    0x0F, 0xF0, 0x07, 0xE2, 0x00, 0x8F, 0xF4, 0x00, 0x0F, 0xF0, 0x0A, 0xF2, 0x2E, 0xFF, 0x60, 0x00,
    0x0D, 0xFF, 0xFF, 0xE0, 0x09, 0xD4, 0x00, 0x00, 0x04, 0xBC, 0xCC, 0x40, 0x00, 0x00, 0x00, 0x00,
    0x00, 0x00, 0x00, 0x00, 0x00, 0x08, 0x50, 0x0F, 0xE0, 0x04, 0x93, 0x00, 0x00, 0x3F, 0xF2, 0x0F,
    0xE0, 0x0C, 0xF6, 0x00, 0x00, 0x09, 0xF5, 0x0F, 0xE0, 0x4F, 0xC0, 0x00, 0x2F, 0xFF, 0xFF, 0xFF,
    0xFF, 0xFF, 0xFF, 0xF3, 0x2F, 0xEB, 0xBB, 0xBB, 0xBB, 0xBB, 0xBE, 0xF3, 0x2F, 0xB0, 0x00, 0x00,
    0x00, 0x00, 0x0B, 0xF3, 0x2F, 0xB8, 0xFF, 0xFF, 0xFF, 0xFF, 0x8B, 0xF3, 0x00, 0x08, 0xFD, 0xBB,
    0xBB, 0xDF, 0x80, 0x00, 0x00, 0x08, 0xF6, 0x00, 0x00, 0x7F, 0x80, 0x00, 0x00, 0x08, 0xFC, 0xAA,
    0xAA, 0xDF, 0x80, 0x00, 0x00, 0x08, 0xFF, 0xFF, 0xFF, 0xFF, 0x80, 0x00, 0x00, 0x00, 0x1F, 0xF1,
    0x5F, 0x90, 0x00, 0x00, 0x00, 0x00, 0xBF, 0xC0, 0x5F, 0x90, 0x05, 0x91, 0x01, 0x6D, 0xFF, 0x20,
    0x5F, 0xA0, 0x08, 0xF4, 0x2F, 0xFF, 0xD3, 0x00, 0x3F, 0xFF, 0xFF, 0xF1, 0x08, 0x94, 0x00, 0x00,
    0x07, 0xCC, 0xCB, 0x50, 0x00, 0x00, 0x08, 0x10, 0x00, 0x00, 0x00, 0x00, 0x00, 0x00, 0x6F, 0xD2,
    0x00, 0x00, 0x00, 0x00, 0x00, 0x00, 0x1C, 0xFD, 0x00, 0x00, 0x00, 0x00, 0x00, 0x00, 0x00, 0xDF,
    0xA0, 0x00, 0x00, 0x00, 0x00, 0x00, 0x00, 0x4F, 0xF4, 0x00, 0x00, 0x00, 0x00, 0x00, 0x00, 0x8F,
    0xFD, 0x00, 0x00, 0x00, 0x00, 0x00, 0x00, 0xDF, 0xFF, 0x70, 0x00, 0x00, 0x00, 0x00, 0x02, 0xFF,
    0x6F, 0xF1, 0x00, 0x00, 0x00, 0x00, 0x0B, 0xFB, 0x0A, 0xFA, 0x00, 0x00, 0x00, 0x00, 0x3F, 0xF4,
    0x02, 0xFF, 0x40, 0x00, 0x00, 0x01, 0xEF, 0xA0, 0x00, 0x8F, 0xE2, 0x00, 0x00, 0x1D, 0xFE, 0x10,
    0x00, 0x1E, 0xFD, 0x20, 0x04, 0xEF, 0xF3, 0x00, 0x00, 0x03, 0xFF, 0xF4, 0x2F, 0xFE, 0x40, 0x00,
    0x00, 0x00, 0x4F, 0xF4, 0x04, 0xB1, 0x00, 0x00, 0x00, 0x00, 0x02, 0xB0, 0x00, 0x00, 0x00, 0x00,
    0x00, 0x00, 0x00, 0x00, 0x00, 0x00, 0x00, 0x0C, 0xB1, 0x00, 0x00, 0x00, 0x00, 0x00, 0x00, 0x9F,
    0xF6, 0x00, 0x00, 0x00, 0x00, 0x00, 0x09, 0xFF, 0xFF, 0x70, 0x00, 0x00, 0x00, 0x01, 0xBF, 0xF4,
    0x4F, 0xF8, 0x00, 0x00, 0x00, 0x5E, 0xFF, 0x40, 0x04, 0xFF, 0xB2, 0x00, 0x4C, 0xFF, 0xE3, 0x00,
    0x00, 0x3E, 0xFF, 0x80, 0x4F, 0xEF, 0xCA, 0xAA, 0xAA, 0xAC, 0xFF, 0xF7, 0x05, 0x1E, 0xFF, 0xFF,
    0xFF, 0xFF, 0xF5, 0x90, 0x00, 0x00, 0x00, 0x0F, 0xF0, 0x00, 0x00, 0x00, 0x00, 0x00, 0x00, 0x0F,
    0xF0, 0x00, 0x00, 0x00, 0x00, 0x0A, 0xFF, 0xFF, 0xFF, 0xFF, 0xC0, 0x00, 0x00, 0x07, 0xAA, 0xAF,
    0xFA, 0xAA, 0x80, 0x00, 0x00, 0x00, 0x00, 0x0F, 0xF0, 0x00, 0x00, 0x00, 0x00, 0x00, 0x00, 0x0F,
    0xF0, 0x00, 0x00, 0x00, 0x0C, 0xFF, 0xFF, 0xFF, 0xFF, 0xFF, 0xFF, 0xE0, 0x09, 0xBB, 0xBB, 0xBB,
    0xBB, 0xBB, 0xBB, 0xA0, 0x00, 0x00, 0x6A, 0x50, 0x05, 0xC5, 0x00, 0x00, 0x00, 0x00, 0xEF, 0x70,
    0x06, 0xFE, 0x00, 0x00, 0x00, 0x08, 0xFE, 0x00, 0x00, 0xCF, 0xA0, 0x00, 0x00, 0x2F, 0xF5, 0x00,
    0x00, 0x2F, 0xF6, 0x00, 0x00, 0xDF, 0xC0, 0x14, 0x00, 0x07, 0xFF, 0x40, 0x1C, 0xFF, 0x20, 0x8F,
    0xC0, 0x00, 0xBF, 0xF4, 0x1A, 0xF4, 0x02, 0xFF, 0x70, 0x00, 0x0C, 0xB0, 0x00, 0x20, 0x0A, 0xFD,
    0x00, 0x00, 0x01, 0x00, 0x00, 0x00, 0x3F, 0xF4, 0x00, 0x67, 0x00, 0x00, 0x00, 0x00, 0xDF, 0x80,
    0x03, 0xFF, 0x40, 0x00, 0x00, 0x0A, 0xFC, 0x00, 0x00, 0x8F, 0xE1, 0x00, 0x00, 0x9F, 0xF9, 0x89,
    0xAB, 0xDF, 0xF9, 0x00, 0x02, 0xFF, 0xFF, 0xFF, 0xFF, 0xFF, 0xFF, 0x30, 0x00, 0xBB, 0x98, 0x65,
    0x42, 0x10, 0xAF, 0xC0, 0x00, 0x00, 0x00, 0x00, 0x00, 0x00, 0x28, 0x10, 0x00, 0x00, 0xCE, 0x20,
    0x02, 0xEC, 0x00, 0x00, 0x00, 0x00, 0xDF, 0x20, 0x02, 0xFD, 0x00, 0x00, 0x00, 0x00, 0xDF, 0x20,
    0x02, 0xFD, 0x00, 0x00, 0x0A, 0xDD, 0xFF, 0xDD, 0xDD, 0xFF, 0xDD, 0xB0, 0x0B, 0xFF, 0xFF, 0xFF,
    0xFF, 0xFF, 0xFF, 0xD0, 0x00, 0x00, 0xDF, 0x20, 0x02, 0xFD, 0x00, 0x00, 0x00, 0x00, 0xDF, 0x20,
    0x02, 0xFD, 0x00, 0x00, 0x00, 0x00, 0xDF, 0x20, 0x02, 0xFD, 0x00, 0x00, 0x00, 0x00, 0xDF, 0x20,
    0x02, 0xFD, 0x00, 0x00, 0x4F, 0xFF, 0xFF, 0xFF, 0xFF, 0xFF, 0xFF, 0xF5, 0x4D, 0xDD, 0xDD, 0xDD,
    0xDD, 0xDD, 0xDD, 0xD4, 0x00, 0x00, 0x23, 0x00, 0x00, 0x52, 0x00, 0x00, 0x00, 0x03, 0xEF, 0x80,
    0x08, 0xFF, 0x50, 0x00, 0x00, 0x6F, 0xF9, 0x00, 0x00, 0x8F, 0xF8, 0x00, 0x0C, 0xFF, 0x80, 0x00,
    0x00, 0x05, 0xFF, 0xB0, 0x04, 0xD3, 0x00, 0x00, 0x00, 0x00, 0x4D, 0x50, 0x00, 0x00, 0x00, 0x00,
    0x00, 0x00, 0x00, 0x00, 0x00, 0x00, 0x00, 0x00, 0x00, 0x00, 0x00, 0x00, 0x00, 0x04, 0xC4, 0x00,
    0x00, 0x3D, 0x80, 0x00, 0x00, 0x05, 0xFE, 0x00, 0x00, 0xAF, 0x90, 0x00, 0x00, 0x00, 0xBF, 0x50,
    0x03, 0xFE, 0x00, 0x00, 0x00, 0xDE, 0xEF, 0xEE, 0xEF, 0xFF, 0xEE, 0x30, 0x00, 0xFF, 0xFF, 0xFF,
    0xFF, 0xFF, 0xFF, 0x30, 0x00, 0x00, 0x00, 0x0F, 0xF4, 0x00, 0x00, 0x00, 0x00, 0x00, 0x00, 0x0F,
    0xF4, 0x00, 0x00, 0x00, 0x00, 0x00, 0x00, 0x0F, 0xF4, 0x00, 0x00, 0x00, 0x0F, 0xFF, 0xFF, 0xFF,
    0xFF, 0xFF, 0xFF, 0xF1, 0x0E, 0xEE, 0xEE, 0xFF, 0xFF, 0xEE, 0xEE, 0xE1, 0x00, 0x00, 0x00, 0xBF,
    0xFF, 0x20, 0x00, 0x00, 0x00, 0x00, 0x08, 0xFF, 0xCF, 0xD2, 0x00, 0x00, 0x00, 0x01, 0xAF, 0xFA,
    0x0C, 0xFE, 0x50, 0x00, 0x03, 0x9F, 0xFF, 0xA0, 0x01, 0xDF, 0xFD, 0x72, 0x3F, 0xFF, 0xE5, 0x00,
    0x00, 0x09, 0xFF, 0xF3, 0x06, 0xB5, 0x00, 0x00, 0x00, 0x00, 0x39, 0x70, 0x00, 0x06, 0xD5, 0x00,
    0x00, 0x6D, 0x60, 0x00, 0x00, 0x07, 0xF6, 0x00, 0x00, 0x7F, 0x60, 0x00, 0x0B, 0xFF, 0xFF, 0xFF,
    0xFF, 0xFF, 0xFF, 0xC0, 0x08, 0xCE, 0xFD, 0xCC, 0xCC, 0xEF, 0xDC, 0x90, 0x00, 0x07, 0xF6, 0x00,
    0x00, 0x7F, 0x60, 0x00, 0x00, 0x07, 0xFF, 0xFF, 0xFF, 0xFF, 0x60, 0x00, 0x00, 0x07, 0xFC, 0x99,
    0x99, 0xCF, 0x60, 0x00, 0x00, 0x07, 0xFC, 0x99, 0x99, 0xCF, 0x60, 0x00, 0x00, 0x07, 0xFF, 0xFF,
    0xFF, 0xFF, 0x60, 0x00, 0x00, 0x07, 0xF6, 0x00, 0x00, 0x7F, 0x60, 0x00, 0x2C, 0xCE, 0xFD, 0xCC,
    0xCC, 0xEF, 0xDC, 0xC2, 0x3F, 0xFF, 0xFF, 0xFF, 0xFF, 0xFF, 0xFF, 0xF3, 0x00, 0x00, 0x6D, 0x30,
    0x03, 0xB4, 0x00, 0x00, 0x01, 0x7D, 0xFF, 0xB0, 0x0C, 0xFF, 0xD6, 0x00, 0x2F, 0xFF, 0xC4, 0x00,
    0x00, 0x4C, 0xFF, 0xD0, 0x07, 0xA3, 0x00, 0x00, 0x00, 0x00, 0x5B, 0x20, 0x00, 0x00, 0x00, 0xFF,
    0x00, 0x00, 0x00, 0x00, 0x00, 0x00, 0xFF, 0x00, 0x00, 0x00, 0x00, 0x00, 0x00, 0xFF, 0x00, 0x00,
    0x00, 0x9F, 0xFF, 0xFF, 0xFF, 0xFF, 0xFF, 0xFA, 0x9F, 0xED, 0xDE, 0xFF, 0xDD, 0xDE, 0xFA, 0x9F,
    0x50, 0x01, 0xFE, 0x00, 0x04, 0xFA, 0x9F, 0x50, 0x03, 0xFD, 0x00, 0x04, 0xFA, 0x9F, 0x50, 0x07,
    0xFF, 0x60, 0x04, 0xFA, 0x9F, 0x50, 0x0E, 0xFF, 0xF6, 0x04, 0xFA, 0x9F, 0x50, 0x9F, 0xB4, 0xFF,
    0x54, 0xFA, 0x9F, 0x6A, 0xFF, 0x20, 0x6F, 0xF8, 0xFA, 0x9F, 0xCF, 0xF4, 0x00, 0x09, 0xF9, 0xFA,
    0x9F, 0x58, 0x20, 0x00, 0x00, 0x24, 0xFA, 0x9F, 0x50, 0x00, 0x00, 0x00, 0x04, 0xFA, 0x9F, 0x50,
    0x00, 0x00, 0x0C, 0xDF, 0xF8, 0x9F, 0x50, 0x00, 0x00, 0x08, 0xFE, 0xB1, 0x00, 0x00, 0x00, 0x00,
    0x00, 0x00, 0x00, 0x0D, 0xFF, 0xFF, 0xFF, 0xFF, 0xFF, 0xFF, 0xD0, 0x0A, 0xCC, 0xCC, 0xCF, 0xFC,
    0xCC, 0xCC, 0xA0, 0x00, 0x00, 0x00, 0x0F, 0xE0, 0x00, 0x00, 0x00, 0x00, 0xAF, 0xFF, 0xFF, 0xFF,
    0xFF, 0xFA, 0x00, 0x00, 0xAF, 0xCB, 0xBF, 0xFB, 0xBC, 0xFA, 0x00, 0x00, 0xAF, 0x30, 0x0F, 0xE0,
    0x03, 0xFA, 0x00, 0x00, 0xAF, 0xFF, 0xFF, 0xFF, 0xFF, 0xFA, 0x00, 0x00, 0xAF, 0xBA, 0xAF, 0xFA,
    0xAB, 0xFA, 0x00, 0x00, 0xAF, 0x30, 0x0F, 0xE0, 0x03, 0xFA, 0x00, 0x6C, 0xEF, 0xDC, 0xCF, 0xFC,
    0xCD, 0xFE, 0xC6, 0x8F, 0xFF, 0xFF, 0xFF, 0xFF, 0xFF, 0xFF, 0xF8, 0x00, 0xAF, 0x30, 0x00, 0x00,
    0x03, 0xFA, 0x00, 0x00, 0xAF, 0x30, 0x00, 0x00, 0x03, 0xFA, 0x00, 0x00, 0xAF, 0x30, 0x00, 0x08,
    0xCD, 0xF9, 0x00, 0x00, 0xAF, 0x30, 0x00, 0x05, 0xFF, 0xB2, 0x00, 0xFF, 0xFF, 0xFF, 0xFF, 0xFF,
    0xFF, 0xFF, 0xFF, 0xCC, 0xCC, 0xCC, 0xCC, 0xCC, 0xFF, 0xFF, 0x08, 0xD4, 0x00, 0x00, 0x00, 0xFF,
    0x99, 0x0B, 0xF6, 0x22, 0x22, 0x22, 0xFF, 0x00, 0x0E, 0xFF, 0xFF, 0xFF, 0xFC, 0x00, 0x00, 0x1F,
    0xC0, 0x00, 0x00, 0x00, 0x00, 0x00, 0x4F, 0xA0, 0x00, 0x00, 0x00, 0x00, 0x00, 0x7F, 0xFF, 0xFF,
    0xFF, 0xFF, 0x80, 0x00, 0x7A, 0xAA, 0xAA, 0xAA, 0xDF, 0x60, 0x00, 0x00, 0x00, 0x00, 0x00, 0x9F,
    0x50, 0x9F, 0xFF, 0xFF, 0xFF, 0xF4, 0xBF, 0x30, 0x7C, 0xCC, 0xCC, 0xCC, 0xC3, 0xEF, 0x00, 0x00,
    0x00, 0x00, 0x00, 0x04, 0xFD, 0x00, 0x00, 0x00, 0x00, 0x8F, 0xFF, 0xF7, 0x00, 0x00, 0x00, 0x00,
    0x2B, 0xBA, 0x60, 0x00, 0xFF, 0xFF, 0xFF, 0xFF, 0xFF, 0xFF, 0xFE, 0xFF, 0xAA, 0xCC, 0xAA, 0xAA,
    0xAA, 0xFE, 0xFE, 0x00, 0xBF, 0x60, 0x00, 0x00, 0xFE, 0x24, 0xFF, 0xFF, 0xFF, 0xFF, 0xFF, 0x32,
    0x02, 0xFF, 0xFF, 0xFF, 0xFF, 0xFF, 0x10, 0x00, 0x0D, 0xF1, 0x25, 0x30, 0x00, 0x00, 0x00, 0x5F,
    0x90, 0x5F, 0x80, 0x00, 0x00, 0x01, 0xFF, 0xCA, 0xCF, 0xDA, 0xAA, 0x60, 0x00, 0xDF, 0xFF, 0xFF,
    0xFF, 0xFF, 0x90, 0x00, 0x20, 0x00, 0x5F, 0x80, 0x00, 0x00, 0x00, 0x00, 0x00, 0x5F, 0x80, 0x00,
    0x00, 0xCF, 0xFF, 0xFF, 0xFF, 0xFF, 0xFF, 0xFD, 0x9B, 0xBB, 0xBB, 0xDF, 0xEB, 0xBB, 0xBA, 0x00,
    0x00, 0x00, 0x5F, 0x80, 0x00, 0x00, 0x00, 0x00, 0x00, 0x5F, 0x80, 0x00, 0x00, 0x00, 0x00, 0x00,
    0x00, 0x00, 0x00, 0x00, 0x00, 0x00, 0x00, 0x05, 0xB6, 0x00, 0x00, 0x00, 0x00, 0x00, 0x00, 0x09,
    0xF7, 0x00, 0x00, 0x00, 0x08, 0xCC, 0xCC, 0xCF, 0xFD, 0xCC, 0xCC, 0xA0, 0x0B, 0xFF, 0xFF, 0xFF,
    0xFF, 0xFF, 0xFF, 0xE0, 0x0B, 0xF2, 0x00, 0xCF, 0xE0, 0x00, 0x1F, 0xE0, 0x0B, 0xF2, 0x05, 0xFF,
    0xF4, 0x00, 0x1F, 0xE0, 0x00, 0x00, 0x2F, 0xFB, 0xFA, 0x00, 0x54, 0x00, 0x00, 0x02, 0xEF, 0x91,
    0xFF, 0x16, 0xFF, 0x20, 0x00, 0x5F, 0xFD, 0x00, 0xAF, 0xDF, 0xF5, 0x00, 0x4C, 0xFF, 0xFA, 0x00,
    0x3F, 0xFE, 0x30, 0x00, 0x3F, 0xF9, 0xFA, 0x00, 0x09, 0xFC, 0x00, 0x00, 0x04, 0x13, 0xFA, 0x00,
    0x01, 0xFF, 0x90, 0x00, 0x00, 0x03, 0xFA, 0x05, 0x92, 0x4F, 0xF9, 0x00, 0x00, 0x08, 0xFF, 0xFF,
    0xF5, 0x07, 0xFF, 0xD2, 0x00, 0x0F, 0xFF, 0xE9, 0x40, 0x00, 0x6F, 0xD1, 0x00, 0x08, 0x94, 0x00,
    0x00, 0x00, 0x03, 0x30, 0x00, 0x00, 0x00, 0x00, 0x0D, 0xF1, 0x00, 0x00, 0x05, 0x90, 0x00, 0x00,
    0x0D, 0xF1, 0x00, 0x00, 0x1F, 0xFB, 0x00, 0x00, 0x0D, 0xF1, 0x00, 0x00, 0x04, 0xFF, 0x9A, 0xEE,
    0xEF, 0xFE, 0xEE, 0xE1, 0x00, 0x5F, 0x3B, 0xFF, 0xFF, 0xFF, 0xFF, 0xF1, 0x00, 0x02, 0x0B, 0xF2,
    0x0D, 0xF1, 0x0D, 0xF1, 0x00, 0x00, 0x0B, 0xF2, 0x0D, 0xF1, 0x0D, 0xF1, 0x00, 0x00, 0x0B, 0xF2,
    0x0D, 0xF1, 0x0D, 0xF1, 0x00, 0x09, 0x0B, 0xF2, 0x0D, 0xF1, 0x0D, 0xF1, 0x00, 0x6F, 0xAB, 0xFF,
    0xFF, 0xFF, 0xFF, 0xF1, 0x00, 0xEF, 0x4B, 0xFF, 0xEF, 0xFF, 0xEF, 0xF1, 0x07, 0xFC, 0x07, 0xA1,
    0x0D, 0xF1, 0x08, 0x91, 0x1F, 0xF4, 0x00, 0x00, 0x0D, 0xF1, 0x00, 0x00, 0x4F, 0xB0, 0x00, 0x00,
    0x0D, 0xF1, 0x00, 0x00, 0x02, 0x20, 0x00, 0x00, 0x0D, 0xF1, 0x00, 0x00, 0x00, 0x00, 0x00, 0x00,
    0x0D, 0xF1, 0x00, 0x00, 0x00, 0x00, 0x00, 0x00, 0x00, 0x00, 0x00, 0x00, 0x00, 0x00, 0x00, 0x00,
    0x5E, 0x90, 0x00, 0x00, 0x1A, 0x90, 0x00, 0x00, 0x5F, 0xA0, 0x00, 0x00, 0x1F, 0xF4, 0x00, 0x00,
    0x5F, 0xA0, 0x00, 0x00, 0x05, 0xFE, 0x04, 0xFF, 0xFF, 0xFF, 0xFF, 0x20, 0x00, 0xBF, 0x83, 0xCC,
    0xEF, 0xEC, 0xEF, 0x20, 0x00, 0x28, 0x00, 0x00, 0x5F, 0xA0, 0xAF, 0x20, 0x00, 0x00, 0x00, 0x00,
    0x6F, 0xA0, 0xAF, 0x20, 0x00, 0x00, 0x00, 0x00, 0x6F, 0x90, 0xAF, 0x20, 0x00, 0x01, 0x0F, 0xFF,
    0xFF, 0xFF, 0xFF, 0xF8, 0x00, 0x4E, 0x3D, 0xDD, 0xFF, 0xFE, 0xDD, 0xD6, 0x00, 0xBF, 0x40, 0x01,
    0xFF, 0xFE, 0x00, 0x00, 0x03, 0xFC, 0x00, 0x08, 0xFB, 0xBF, 0x80, 0x00, 0x0C, 0xF5, 0x00, 0x4F,
    0xF3, 0x3F, 0xF3, 0x00, 0x4F, 0xD0, 0x06, 0xFF, 0x70, 0x09, 0xFF, 0x60, 0x2D, 0x60, 0xAF, 0xF8,
    0x00, 0x00, 0xAF, 0xF6, 0x00, 0x00, 0x1D, 0x50, 0x00, 0x00, 0x06, 0xA0, 0x00, 0x00, 0x00, 0x00,
    0x00, 0x00, 0x00, 0x00, 0x00, 0x10, 0x00, 0x3B, 0x41, 0x87, 0x00, 0x00, 0x3E, 0xB0, 0x00, 0xAF,
    0x51, 0xFF, 0x10, 0x00, 0x0E, 0xF4, 0x01, 0xFF, 0x00, 0x9F, 0x50, 0x00, 0x07, 0xFC, 0x07, 0xFF,
    0xFF, 0xFF, 0xFF, 0xF3, 0x01, 0xFF, 0x3E, 0xFC, 0xAA, 0xEF, 0xAA, 0xA2, 0x00, 0x62, 0xAF, 0xF5,
    0x00, 0xCF, 0x10, 0x00, 0x00, 0x07, 0xFF, 0xFC, 0xAA, 0xEF, 0xAA, 0x90, 0x00, 0x07, 0xFB, 0xFF,
    0xFF, 0xFF, 0xFF, 0xE0, 0x00, 0x12, 0x46, 0xF5, 0x00, 0xCF, 0x10, 0x00, 0x00, 0x7F, 0x56, 0xF5,
    0x00, 0xCF, 0x10, 0x00, 0x00, 0xDF, 0x66, 0xFF, 0xFF, 0xFF, 0xFF, 0xE0, 0x03, 0xFF, 0x06, 0xFC,
    0xAA, 0xEF, 0xBA, 0x90, 0x0A, 0xFA, 0x06, 0xF5, 0x00, 0xCF, 0x10, 0x00, 0x2F, 0xF3, 0x06, 0xFF,
    0xFF, 0xFF, 0xFF, 0xF7, 0x19, 0xC0, 0x06, 0xFD, 0xBB, 0xBB, 0xBB, 0xB5, 0x00, 0x00, 0x06, 0xF5,
    0x00, 0x00, 0x00, 0x00, 0x00, 0x00, 0x00, 0x00, 0x6E, 0x60, 0x00, 0x00, 0x4E, 0x90, 0x28, 0x88,
    0xCF, 0xB8, 0x88, 0x50, 0x1F, 0xF2, 0x3F, 0xFF, 0xFF, 0xFF, 0xFF, 0x90, 0x08, 0xFB, 0x00, 0x00,
    0xEF, 0x00, 0x00, 0x00, 0x00, 0xFF, 0x3D, 0xFF, 0xFF, 0xFF, 0xFF, 0x20, 0x00, 0x66, 0x06, 0x7D,
    0xFA, 0x77, 0x77, 0x10, 0x00, 0x00, 0xDF, 0xFF, 0xFF, 0xFF, 0xFF, 0xF1, 0x00, 0x00, 0x7B, 0xFF,
    0xA8, 0xAF, 0xFA, 0x80, 0x00, 0x31, 0x3E, 0xFF, 0x87, 0x8E, 0xFE, 0x50, 0x00, 0xDF, 0xEF, 0xBC,
    0xFF, 0xFF, 0x7F, 0xF4, 0x02, 0xFE, 0x39, 0x00, 0x5F, 0x70, 0x05, 0x70, 0x07, 0xFA, 0x04, 0xFF,
    0xFF, 0xFF, 0xFE, 0x00, 0x0D, 0xF6, 0x02, 0x8C, 0xFD, 0xCB, 0x87, 0x00, 0x3F, 0xF1, 0x00, 0x7F,
    0xF5, 0xFF, 0xD6, 0x00, 0x3B, 0xB0, 0x5E, 0xFE, 0x40, 0x39, 0xFF, 0xD0, 0x00, 0x00, 0x1C, 0x71,
    0x00, 0x00, 0x19, 0x60, 0x00, 0x04, 0xFF, 0xFF, 0xFF, 0xFE, 0x00, 0x00, 0x00, 0x04, 0xFF, 0xEE,
    0xEE, 0xFE, 0x00, 0x00, 0x00, 0x04, 0xFB, 0x00, 0x01, 0xFE, 0x00, 0x00, 0x00, 0x04, 0xFB, 0x00,
    0x01, 0xFE, 0x00, 0x00, 0x00, 0x04, 0xFB, 0x00, 0x01, 0xFE, 0x00, 0x00, 0x00, 0x04, 0xFB, 0x00,
    0x01, 0xFE, 0x00, 0x00, 0x00, 0x05, 0xFA, 0x00, 0x01, 0xFE, 0x00, 0x00, 0x00, 0x06, 0xF9, 0x00,
    0x01, 0xFE, 0x00, 0x00, 0x00, 0x09, 0xF7, 0x00, 0x01, 0xFE, 0x00, 0x00, 0x00, 0x0C, 0xF4, 0x00,
    0x01, 0xFE, 0x00, 0x00, 0x00, 0x2F, 0xF1, 0x00, 0x01, 0xFE, 0x03, 0xC4, 0x00, 0x9F, 0xA0, 0x00,
    0x01, 0xFE, 0x04, 0xF8, 0x04, 0xFF, 0x30, 0x00, 0x00, 0xFF, 0x06, 0xF6, 0x3F, 0xF9, 0x00, 0x00,
    0x00, 0xEF, 0xFF, 0xF2, 0x1B, 0x90, 0x00, 0x00, 0x00, 0x5D, 0xDD, 0x70, 0x00, 0x00, 0x00, 0x00,
    0x00, 0x00, 0x00, 0x00, 0x00, 0x00, 0x01, 0xEE, 0x00, 0x00, 0x00, 0x05, 0x61, 0x01, 0xFF, 0x00,
    0x16, 0x60, 0x0C, 0xF3, 0x01, 0xFF, 0x00, 0x3F, 0xE0, 0x0C, 0xF3, 0x01, 0xFF, 0x00, 0x3F, 0xE0,
    0x0C, 0xF3, 0x01, 0xFF, 0x00, 0x3F, 0xE0, 0x0C, 0xF3, 0x01, 0xFF, 0x00, 0x3F, 0xE0, 0x0C, 0xFF,
    0xFF, 0xFF, 0xFF, 0xFF, 0xE0, 0x0B, 0xDD, 0xDE, 0xFF, 0xDD, 0xDD, 0xC0, 0x24, 0x20, 0x01, 0xFF,
    0x00, 0x02, 0x42, 0xAF, 0x80, 0x01, 0xFF, 0x00, 0x09, 0xF8, 0xAF, 0x80, 0x01, 0xFF, 0x00, 0x09,
    0xF8, 0xAF, 0x80, 0x01, 0xFF, 0x00, 0x09, 0xF8, 0xAF, 0x80, 0x01, 0xFF, 0x00, 0x09, 0xF8, 0xAF,
    0xFE, 0xEE, 0xFF, 0xEE, 0xEF, 0xF8, 0xAF, 0xFF, 0xFF, 0xFF, 0xFF, 0xFF, 0xF8, 0x00, 0x00, 0x00,
    0x00, 0x00, 0x09, 0xF8, 0x00, 0x00, 0x00, 0x00, 0x00, 0x00, 0x00, 0x00, 0x00, 0x00, 0x00, 0x0E,
    0xF1, 0x00, 0x00, 0x00, 0x00, 0x00, 0x00, 0x0E, 0xF1, 0x00, 0x00, 0x00, 0x00, 0xDD, 0xDD, 0xDF,
    0xFE, 0xDD, 0xDD, 0x20, 0x00, 0xFF, 0xFF, 0xFF, 0xFF, 0xFF, 0xFF, 0x20, 0x00, 0x00, 0x00, 0x0E,
    0xF1, 0x00, 0x00, 0x00, 0x00, 0x00, 0x00, 0x0E, 0xF1, 0x00, 0x00, 0x00, 0x2E, 0xEE, 0xEE, 0xEF,
    0xFE, 0xEE, 0xEE, 0xE3, 0x3F, 0xFF, 0xFF, 0xFF, 0xFF, 0xFF, 0xFF, 0xF3, 0x00, 0x00, 0x00, 0x0E,
    0xF1, 0x00, 0x00, 0x00, 0x00, 0xCE, 0x20, 0x0E, 0xF1, 0x01, 0xFD, 0x00, 0x00, 0xDF, 0x20, 0x0E,
    0xF1, 0x01, 0xFE, 0x00, 0x00, 0xDF, 0x20, 0x0E, 0xF1, 0x01, 0xFE, 0x00, 0x00, 0xDF, 0x20, 0x0E,
    0xF1, 0x01, 0xFE, 0x00, 0x00, 0xDF, 0xED, 0xDF, 0xFD, 0xDD, 0xFE, 0x00, 0x00, 0xDF, 0xFF, 0xFF,
    0xFF, 0xFF, 0xFE, 0x00, 0x00, 0x00, 0x00, 0x00, 0x00, 0x01, 0xED, 0x00, 0x00, 0x00, 0x39, 0x40,
    0x02, 0x92, 0x00, 0x00, 0x00, 0x00, 0xCF, 0xA0, 0x07, 0xFB, 0x00, 0x00, 0x00, 0x04, 0xFF, 0x20,
    0x00, 0xEF, 0x50, 0x00, 0x00, 0x0C, 0xFB, 0x00, 0x00, 0x5F, 0xE2, 0x00, 0x00, 0x9F, 0xF1, 0x00,
    0x00, 0x0A, 0xFD, 0x00, 0x07, 0xFF, 0x60, 0x00, 0x00, 0x01, 0xEF, 0xB0, 0x3F, 0xFF, 0xED, 0xDD,
    0xDD, 0xDD, 0xFF, 0xF4, 0x05, 0xAE, 0xFF, 0xFF, 0xFF, 0xFF, 0xF8, 0x60, 0x00, 0x00, 0x06, 0xF9,
    0x00, 0x0F, 0xF1, 0x00, 0x00, 0x00, 0x09, 0xF7, 0x00, 0x0F, 0xF0, 0x00, 0x00, 0x00, 0x0E, 0xF3,
    0x00, 0x0F, 0xF0, 0x00, 0x00, 0x00, 0x6F, 0xD0, 0x00, 0x1F, 0xE0, 0x00, 0x00, 0x03, 0xFF, 0x60,
    0x00, 0x3F, 0xD0, 0x00, 0x00, 0x7F, 0xFA, 0x00, 0x00, 0x8F, 0xA0, 0x00, 0x0C, 0xFF, 0xC0, 0x01,
    0xFF, 0xFF, 0x70, 0x00, 0x03, 0xE6, 0x00, 0x00, 0xAD, 0xD9, 0x00, 0x00, 0x00, 0x00, 0x00, 0x00,
    0x00, 0x00, 0x00, 0x00, 0x00, 0x9F, 0x56, 0x60, 0x00, 0x00, 0x0C, 0xA0, 0x00, 0x9F, 0x7E, 0xF6,
    0x00, 0x21, 0x0F, 0xD0, 0x00, 0x8F, 0x62, 0xEF, 0x11, 0xFB, 0x0F, 0xD0, 0x00, 0x7F, 0x60, 0x34,
    0x22, 0xFB, 0x0F, 0xD0, 0x25, 0xBF, 0xDD, 0xFF, 0xF5, 0xFB, 0x0F, 0xD0, 0x8F, 0xFF, 0xFF, 0xFE,
    0xC5, 0xFB, 0x0F, 0xD0, 0x49, 0x9F, 0xC1, 0x36, 0x11, 0xFB, 0x0F, 0xD0, 0x00, 0x1F, 0xD0, 0xBF,
    0x71, 0xFB, 0x0F, 0xD0, 0x00, 0x0F, 0xF4, 0xFE, 0x01, 0xFB, 0x0F, 0xD0, 0x00, 0x0C, 0xFE, 0xF7,
    0x01, 0xFB, 0x0F, 0xD0, 0x00, 0x08, 0xFF, 0xD0, 0x01, 0xFB, 0x0F, 0xD0, 0x00, 0x08, 0xFF, 0x20,
    0x50, 0x32, 0x0F, 0xD0, 0x00, 0x7F, 0xFF, 0x12, 0xF6, 0x00, 0x0F, 0xD0, 0x1B, 0xFF, 0xBF, 0xA5,
    0xF5, 0x00, 0x1F, 0xD0, 0x2E, 0xD2, 0x1E, 0xFF, 0xF1, 0x5F, 0xFF, 0xB0, 0x03, 0x10, 0x02, 0xCD,
    0x60, 0x0D, 0xDA, 0x20, 0x00, 0x00, 0x00, 0x00, 0x00, 0x00, 0x09, 0xC1, 0x3F, 0xFF, 0xFF, 0xFF,
    0xF2, 0x00, 0x0C, 0xF1, 0x3D, 0xDF, 0xFD, 0xDD, 0xD3, 0xFB, 0x0C, 0xF1, 0x00, 0x4F, 0xB0, 0x00,
    0x01, 0xFB, 0x0C, 0xF1, 0x00, 0x9F, 0x70, 0x00, 0x01, 0xFB, 0x0C, 0xF1, 0x00, 0xDF, 0xFF, 0xFF,
    0xA1, 0xFB, 0x0C, 0xF1, 0x02, 0xFE, 0xCC, 0xDF, 0x91, 0xFB, 0x0C, 0xF1, 0x0A, 0xF7, 0x00, 0x8F,
    0x51, 0xFB, 0x0C, 0xF1, 0x4F, 0xE4, 0x20, 0xDF, 0x21, 0xFB, 0x0C, 0xF1, 0x0B, 0x6E, 0xF7, 0xFD,
    0x01, 0xFB, 0x0C, 0xF1, 0x00, 0x08, 0xFF, 0xF5, 0x01, 0xFB, 0x0C, 0xF1, 0x00, 0x00, 0x9F, 0xE0,
    0x01, 0xB8, 0x0C, 0xF1, 0x00, 0x04, 0xFF, 0x40, 0x00, 0x00, 0x0C, 0xF1, 0x00, 0x7F, 0xF6, 0x00,
    0x00, 0x00, 0x0D, 0xF1, 0x0C, 0xFF, 0x70, 0x00, 0x00, 0x0E, 0xFF, 0xF0, 0x04, 0xC3, 0x00, 0x00,
    0x00, 0x08, 0xCB, 0x40, 0x00, 0x00, 0x00, 0x00, 0x00, 0x00, 0x00, 0x00, 0x00, 0x00, 0x00, 0x00,
    0x00, 0x00, 0x0A, 0x80, 0x0D, 0xFF, 0xFF, 0xFF, 0xA0, 0x42, 0x1F, 0xC0, 0x0D, 0xFB, 0xBB, 0xCF,
    0xA1, 0xFB, 0x1F, 0xC0, 0x0D, 0xF0, 0x43, 0x3F, 0xA1, 0xFB, 0x1F, 0xC0, 0x0D, 0xF0, 0xFB, 0x3F,
    0xA1, 0xFB, 0x1F, 0xC0, 0x0D, 0xF0, 0xFB, 0x3F, 0xA1, 0xFB, 0x1F, 0xC0, 0x0D, 0xF0, 0xFB, 0x3F,
    0xA1, 0xFB, 0x1F, 0xC0, 0x0D, 0xF0, 0xFB, 0x3F, 0xA1, 0xFB, 0x1F, 0xC0, 0x0D, 0xF1, 0xFB, 0x3F,
    0xA1, 0xFB, 0x1F, 0xC0, 0x0D, 0xF1, 0xFA, 0x3F, 0xA1, 0xFB, 0x1F, 0xC0, 0x0D, 0xF3, 0xF9, 0x3F,
    0xA1, 0xFB, 0x1F, 0xC0, 0x06, 0x78, 0xF6, 0x36, 0x41, 0xFB, 0x1F, 0xC0, 0x00, 0x2F, 0xFD, 0xE3,
    0x00, 0x32, 0x1F, 0xC0, 0x01, 0xDF, 0x76, 0xFF, 0x40, 0x00, 0x2F, 0xC0, 0x4F, 0xFB, 0x00, 0x5F,
    0xD0, 0xCF, 0xFF, 0xA0, 0x0C, 0x80, 0x00, 0x04, 0x20, 0x6E, 0xDA, 0x20, 0x00, 0x00, 0x00, 0x00,
    0x00, 0x00, 0x00, 0x00, 0x05, 0xAA, 0xA4, 0x9A, 0xAA, 0x00, 0x08, 0xD0, 0x08, 0xFF, 0xF6, 0xEF,
    0xFF, 0x07, 0x49, 0xF0, 0x08, 0xF2, 0xF6, 0xEA, 0x7F, 0x0E, 0x89, 0xF0, 0x08, 0xF2, 0xF6, 0xEA,
    0x7F, 0x0E, 0x89, 0xF0, 0x08, 0xF2, 0xF6, 0xEA, 0x7F, 0x0E, 0x89, 0xF0, 0x08, 0xF2, 0xF6, 0xEA,
    0x7F, 0x0E, 0x89, 0xF0, 0x5D, 0xFC, 0xFD, 0xFE, 0xDF, 0x8E, 0x89, 0xF0, 0x6F, 0xFF, 0xFF, 0xFF,
    0xFF, 0xAE, 0x89, 0xF0, 0x08, 0xF2, 0xF6, 0xE9, 0x7F, 0x0E, 0x89, 0xF0, 0x09, 0xF2, 0xF6, 0xF8,
    0x7F, 0x0E, 0x89, 0xF0, 0x09, 0xF2, 0xF6, 0xF7, 0x7F, 0x0E, 0x89, 0xF0, 0x0A, 0xE2, 0xF7, 0xF7,
    0x7F, 0x0A, 0x59, 0xF0, 0x0B, 0xC2, 0xF9, 0xF5, 0x7F, 0x00, 0x09, 0xF0, 0x0E, 0xA2, 0xFB, 0xF3,
    0x8F, 0x00, 0x0A, 0xF0, 0x3F, 0xBF, 0xFD, 0xFB, 0xFF, 0x06, 0xAE, 0xE0, 0x2C, 0x29, 0x63, 0x94,
    0x93, 0x05, 0xFE, 0x60, 0x00, 0x00, 0x00, 0x00, 0x00, 0x00, 0x00, 0x00, 0x00, 0x00, 0x05, 0xB5,
    0x00, 0x00, 0x0A, 0x80, 0x14, 0x8B, 0xFF, 0xFE, 0x10, 0x00, 0x0F, 0xD0, 0x4F, 0xFF, 0xFD, 0x50,
    0x0B, 0xD0, 0x0F, 0xD0, 0x07, 0x45, 0xF9, 0x00, 0x0D, 0xF0, 0x0F, 0xD0, 0x00, 0x03, 0xF9, 0x00,
    0x0D, 0xF0, 0x0F, 0xD0, 0x3C, 0xCD, 0xFE, 0xCC, 0x4D, 0xF0, 0x0F, 0xD0, 0x4F, 0xFF, 0xFF, 0xFF,
    0x5D, 0xF0, 0x0F, 0xD0, 0x00, 0x0D, 0xFA, 0x00, 0x0D, 0xF0, 0x0F, 0xD0, 0x00, 0x6F, 0xFF, 0x50,
    0x0D, 0xF0, 0x0F, 0xD0, 0x00, 0xDF, 0xFF, 0xF7, 0x0D, 0xF0, 0x0F, 0xD0, 0x09, 0xFB, 0xFC, 0xEF,
    0x3D, 0xF0, 0x0F, 0xD0, 0x5F, 0xE4, 0xF9, 0x4B, 0x09, 0xB0, 0x0F, 0xD0, 0x6F, 0x53, 0xF9, 0x00,
    0x00, 0x00, 0x0F, 0xD0, 0x08, 0x03, 0xF9, 0x00, 0x00, 0x00, 0x1F, 0xD0, 0x00, 0x03, 0xF9, 0x00,
    0x00, 0xBF, 0xFF, 0xB0, 0x00, 0x03, 0xE9, 0x00, 0x00, 0x6E, 0xDA, 0x20, 0x00, 0x00, 0x00, 0x00,
    0x00, 0x00, 0x07, 0x60, 0x0B, 0xFF, 0xFF, 0xFF, 0x00, 0x00, 0x0F, 0xD0, 0x0B, 0xFB, 0xAA, 0xFF,
    0x05, 0xB5, 0x0F, 0xD0, 0x0B, 0xF0, 0x00, 0xEF, 0x06, 0xF7, 0x0F, 0xD0, 0x0B, 0xF0, 0x00, 0xEF,
    0x06, 0xF7, 0x0F, 0xD0, 0x0B, 0xFF, 0xFF, 0xFF, 0x06, 0xF7, 0x0F, 0xD0, 0x08, 0xBB, 0xBB, 0xBA,
    0x06, 0xF7, 0x0F, 0xD0, 0x00, 0x0A, 0xE0, 0x00, 0x06, 0xF7, 0x0F, 0xD0, 0x1B, 0xBF, 0xFB, 0xBB,
    0x46, 0xF7, 0x0F, 0xD0, 0x2F, 0xFF, 0xFF, 0xFF, 0x46, 0xF7, 0x0F, 0xD0, 0x00, 0x1F, 0xC0, 0x9F,
    0x46, 0xF7, 0x0F, 0xD0, 0x00, 0x5F, 0x90, 0xAF, 0x35, 0xC5, 0x0F, 0xD0, 0x00, 0xAF, 0x40, 0xBF,
    0x20, 0x00, 0x0F, 0xD0, 0x05, 0xFD, 0x00, 0xEF, 0x00, 0x00, 0x2F, 0xD0, 0x6F, 0xF3, 0xAF, 0xFD,
    0x00, 0x6F, 0xFF, 0xB0, 0x1C, 0x30, 0x4C, 0xA3, 0x00, 0x1E, 0xEB, 0x20, 0x00, 0x00, 0x00, 0x00,
    0x00, 0x00, 0x00, 0x00, 0x00, 0x00, 0x00, 0x00, 0x00, 0x00, 0x0B, 0xA0, 0x0F, 0xFF, 0xFF, 0xFF,
    0xF5, 0x11, 0x0F, 0xE0, 0x0F, 0xFF, 0xFF, 0xFF, 0xF5, 0xFB, 0x0F, 0xE0, 0x00, 0x4F, 0xC1, 0xB6,
    0x00, 0xFB, 0x0F, 0xE0, 0x00, 0xBF, 0x30, 0xDF, 0x20, 0xFB, 0x0F, 0xE0, 0x08, 0xFE, 0xAB, 0xEF,
    0xB0, 0xFB, 0x0F, 0xE0, 0x06, 0xFF, 0xFF, 0xDE, 0xF2, 0xFB, 0x0F, 0xE0, 0x01, 0x42, 0x68, 0x02,
    0x20, 0xFB, 0x0F, 0xE0, 0x00, 0x00, 0xBF, 0x10, 0x00, 0xFB, 0x0F, 0xE0, 0x0A, 0xFF, 0xFF, 0xFF,
    0xF0, 0xFB, 0x0F, 0xE0, 0x06, 0xAA, 0xEF, 0xBA, 0xA0, 0xFB, 0x0F, 0xE0, 0x00, 0x00, 0xBF, 0x10,
    0x00, 0xFB, 0x0F, 0xE0, 0x00, 0x00, 0xBF, 0x68, 0xB2, 0x00, 0x0F, 0xE0, 0x07, 0x9C, 0xFF, 0xFF,
    0xF3, 0x00, 0x0F, 0xE0, 0x0F, 0xFF, 0xEB, 0x85, 0x20, 0x2F, 0xFF, 0xC0, 0x05, 0x30, 0x00, 0x00,
    0x00, 0x0A, 0xC9, 0x20, 0x02, 0x83, 0xAD, 0x00, 0x00, 0x00, 0x09, 0xA0, 0x07, 0xF6, 0xCF, 0x00,
    0x00, 0x69, 0x0D, 0xF0, 0x0B, 0xFC, 0xEF, 0xBB, 0xA0, 0xBF, 0x1D, 0xF0, 0x2F, 0xFF, 0xFF, 0xFF,
    0xE0, 0xBF, 0x1D, 0xF0, 0x6F, 0x60, 0xCF, 0x00, 0x00, 0xBF, 0x1D, 0xF0, 0x4E, 0xCB, 0xFF, 0xCB,
    0xB6, 0xBF, 0x1D, 0xF0, 0x6F, 0xFF, 0xFF, 0xFF, 0xF8, 0xBF, 0x1D, 0xF0, 0x00, 0x00, 0xCF, 0x00,
    0x00, 0xBF, 0x1D, 0xF0, 0x08, 0xBB, 0xEF, 0xBB, 0xB2, 0xBF, 0x1D, 0xF0, 0x0C, 0xFF, 0xFF, 0xFF,
    0xF3, 0xBF, 0x1D, 0xF0, 0x0C, 0xE0, 0xCF, 0x08, 0xF3, 0x9D, 0x1D, 0xF0, 0x0C, 0xE0, 0xCF, 0x08,
    0xF3, 0x00, 0x0D, 0xF0, 0x0C, 0xE0, 0xCF, 0x18, 0xF3, 0x00, 0x0D, 0xF0, 0x0C, 0xE0, 0xCF, 0xAF,
    0xF1, 0x00, 0x0D, 0xF0, 0x08, 0x90, 0xCF, 0x49, 0x50, 0x0F, 0xFF, 0xD0, 0x00, 0x00, 0x9C, 0x00,
    0x00, 0x09, 0xDB, 0x40, 0x00, 0x00, 0x00, 0x00, 0x00, 0x00, 0x08, 0x90, 0x09, 0xFF, 0xFF, 0xFF,
    0xF2, 0x43, 0x0D, 0xF0, 0x09, 0xFB, 0xBB, 0xBE, 0xF2, 0xFC, 0x0D, 0xF0, 0x09, 0xF1, 0x00, 0x09,
    0xF2, 0xFC, 0x0D, 0xF0, 0x09, 0xFF, 0xFF, 0xFF, 0xF2, 0xFC, 0x0D, 0xF0, 0x09, 0xFB, 0xBE, 0xFB,
    0xB2, 0xFC, 0x0D, 0xF0, 0x09, 0xF1, 0x0B, 0xD0, 0x00, 0xFC, 0x0D, 0xF0, 0x09, 0xF9, 0x9E, 0xF9,
    0x92, 0xFC, 0x0D, 0xF0, 0x0A, 0xFF, 0xFF, 0xFF, 0xF4, 0xFC, 0x0D, 0xF0, 0x0B, 0xFF, 0x6B, 0xD3,
    0xF4, 0xFC, 0x0D, 0xF0, 0x0C, 0xEF, 0x6B, 0xD3, 0xF4, 0xFC, 0x0D, 0xF0, 0x0E, 0xCF, 0x6B, 0xD3,
    0xF4, 0x97, 0x0D, 0xF0, 0x1F, 0xAF, 0x6B, 0xE9, 0xF4, 0x00, 0x0D, 0xF0, 0x5F, 0x6F, 0x6B, 0xDC,
    0xD1, 0x00, 0x0D, 0xF0, 0x8F, 0x15, 0x2B, 0xD0, 0x00, 0x0F, 0xFF, 0xD0, 0x04, 0x00, 0x0B, 0xD0,
    0x00, 0x09, 0xDB, 0x40, 0x00, 0x00, 0x00, 0x00, 0x00, 0x00, 0x00, 0x00, 0x00, 0x01, 0xDD, 0x00,
    0x00, 0x00, 0x0A, 0xC0, 0x00, 0x00, 0xBF, 0x40, 0x00, 0x00, 0x0D, 0xF0, 0x5F, 0xFF, 0xFF, 0xFF,
    0xFA, 0xAF, 0x2D, 0xF0, 0x4C, 0xCF, 0xFD, 0xCC, 0xC8, 0xAF, 0x2D, 0xF0, 0x00, 0x3F, 0xD1, 0x17,
    0x20, 0xAF, 0x2D, 0xF0, 0x02, 0xEF, 0x20, 0xAF, 0x60, 0xAF, 0x2D, 0xF0, 0x0E, 0xFF, 0xFF, 0xFC,
    0x00, 0xAF, 0x2D, 0xF0, 0x0A, 0xCB, 0xCF, 0xF4, 0x50, 0xAF, 0x2D, 0xF0, 0x00, 0x04, 0xFF, 0x5A,
    0xF8, 0xAF, 0x2D, 0xF0, 0x00, 0x7F, 0xF7, 0x4F, 0xD0, 0xAF, 0x2D, 0xF0, 0x0C, 0xFF, 0x63, 0xFF,
    0x30, 0xAF, 0x2D, 0xF0, 0x09, 0xE4, 0x3E, 0xFA, 0x00, 0x46, 0x1D, 0xF0, 0x01, 0x07, 0xFF, 0xFF,
    0x60, 0x00, 0x0D, 0xF0, 0x03, 0xCF, 0xF7, 0x3F, 0xF6, 0x00, 0x0E, 0xF0, 0x2F, 0xFE, 0x40, 0x03,
    0xF8, 0x3F, 0xFF, 0xE0, 0x07, 0x70, 0x00, 0x00, 0x10, 0x0B, 0xCA, 0x30, 0x00, 0x00, 0x00, 0x00,
    0x00, 0x00, 0x00, 0x00, 0x00, 0x09, 0xE3, 0x00, 0x00, 0x2F, 0xA0, 0x00, 0x00, 0x06, 0xFE, 0x00,
    0x00, 0xBF, 0x80, 0x00, 0x3B, 0xBB, 0xFE, 0xBB, 0xBC, 0xFF, 0xCB, 0xB3, 0x4F, 0xFF, 0xFF, 0xFF,
    0xFF, 0xFF, 0xFF, 0xF4, 0x00, 0x00, 0x00, 0x00, 0x00, 0x00, 0x00, 0x00, 0x03, 0x99, 0x99, 0x99,
    0x04, 0x60, 0x7F, 0x60, 0x06, 0xFF, 0xFF, 0xFF, 0x0A, 0xF1, 0x7F, 0x60, 0x06, 0xF6, 0x00, 0xEF,
    0x0A, 0xF1, 0x7F, 0x60, 0x06, 0xFA, 0x66, 0xEF, 0x0A, 0xF1, 0x7F, 0x60, 0x06, 0xFF, 0xFF, 0xFF,
    0x0A, 0xF1, 0x7F, 0x60, 0x06, 0xF6, 0x00, 0xEF, 0x0A, 0xF1, 0x7F, 0x60, 0x06, 0xFF, 0xFF, 0xFF,
    0x0A, 0xF1, 0x7F, 0x60, 0x06, 0xFA, 0x66, 0xEF, 0x07, 0xA0, 0x7F, 0x60, 0x06, 0xF6, 0x00, 0xEF,
    0x00, 0x00, 0x8F, 0x60, 0x06, 0xF6, 0x49, 0xFE, 0x00, 0x8F, 0xFF, 0x40, 0x06, 0xF6, 0x3F, 0xE6,
    0x00, 0x2C, 0xB7, 0x00, 0x00, 0x13, 0x46, 0x9C, 0xB0, 0x00, 0x0B, 0xD0, 0x0C, 0xFF, 0xFF, 0xFE,
    0xA3, 0x00, 0x0D, 0xF0, 0x04, 0x76, 0xAF, 0x50, 0x00, 0x5B, 0x3D, 0xF0, 0x29, 0x99, 0xCF, 0xB9,
    0x99, 0x7F, 0x4D, 0xF0, 0x3F, 0xFF, 0xFF, 0xFF, 0xFF, 0x7F, 0x4D, 0xF0, 0x00, 0x47, 0x7F, 0x57,
    0x10, 0x6F, 0x4D, 0xF0, 0x04, 0xAD, 0x7F, 0x6F, 0x74, 0x6F, 0x4D, 0xF0, 0x0F, 0xFD, 0x7F, 0x6F,
    0xF9, 0x7F, 0x4D, 0xF0, 0x15, 0xBD, 0x7F, 0x6F, 0x58, 0x7F, 0x4D, 0xF0, 0x1D, 0xCD, 0x9F, 0x5F,
    0xFE, 0x7F, 0x4D, 0xF0, 0x00, 0x28, 0xFF, 0xC3, 0x20, 0x6F, 0x4D, 0xF0, 0x00, 0x1E, 0xFF, 0xFF,
    0x70, 0x37, 0x2D, 0xF0, 0x01, 0xDF, 0xDF, 0x8E, 0xFA, 0x00, 0x0D, 0xF0, 0x2E, 0xFA, 0x8F, 0x42,
    0xE7, 0x00, 0x0E, 0xF0, 0x1D, 0xA0, 0x7F, 0x40, 0x10, 0x0E, 0xFF, 0xD0, 0x01, 0x00, 0x5B, 0x30,
    0x00, 0x08, 0xCA, 0x30, 0x00, 0x00, 0x00, 0xCE, 0x20, 0x00, 0x00, 0x00, 0x00, 0x00, 0x00, 0xEF,
    0x20, 0x00, 0x00, 0x00, 0x00, 0x00, 0x00, 0xEF, 0x20, 0x00, 0x00, 0x00, 0x00, 0x00, 0x00, 0xEF,
    0x20, 0x00, 0x00, 0x00, 0x0C, 0xFF, 0xFF, 0xFF, 0xFF, 0xFF, 0xFF, 0xA0, 0x0C, 0xFF, 0xFF, 0xFF,
    0xFF, 0xFF, 0xFF, 0x90, 0x00, 0x00, 0x00, 0xFF, 0x00, 0x00, 0x6F, 0x80, 0x00, 0x00, 0x03, 0xFD,
    0x00, 0x00, 0x7F, 0x70, 0x00, 0x00, 0x07, 0xFB, 0x00, 0x00, 0x8F, 0x60, 0x00, 0x00, 0x0D, 0xF6,
    0x00, 0x00, 0xAF, 0x50, 0x00, 0x00, 0x4F, 0xF1, 0x00, 0x00, 0xBF, 0x40, 0x00, 0x00, 0xDF, 0xA0,
    0x00, 0x00, 0xDF, 0x20, 0x00, 0x0A, 0xFE, 0x10, 0x00, 0x00, 0xFF, 0x00, 0x00, 0xAF, 0xF4, 0x00,
    0x00, 0x07, 0xFD, 0x00, 0x1D, 0xFF, 0x60, 0x00, 0x5F, 0xFF, 0xF8, 0x00, 0x05, 0xE4, 0x00, 0x00,
    0x0E, 0xED, 0x90, 0x00, 0x00, 0x00, 0x00, 0x00, 0x00, 0x00, 0x00, 0x00, 0x00, 0x00, 0x00, 0x00,
    0x08, 0xA1, 0x00, 0x00, 0x00, 0x00, 0x00, 0x00, 0x0D, 0xF1, 0x00, 0x00, 0x5F, 0xFF, 0xFF, 0xA0,
    0x0D, 0xF1, 0x00, 0x00, 0x4D, 0xEF, 0xFF, 0xB2, 0x2E, 0xF1, 0x00, 0x00, 0x00, 0x4F, 0x90, 0x1F,
    0xFF, 0xFF, 0xFF, 0xF1, 0x00, 0x4F, 0x90, 0x1D, 0xDF, 0xFD, 0xDF, 0xF0, 0x00, 0x4F, 0x90, 0x00,
    0x0F, 0xE0, 0x0D, 0xF0, 0x00, 0x4F, 0x90, 0x00, 0x1F, 0xC0, 0x0E, 0xF0, 0x00, 0x4F, 0x90, 0x00,
    0x3F, 0xB0, 0x0F, 0xF0, 0x00, 0x4F, 0xA3, 0x60, 0x7F, 0x80, 0x0F, 0xE0, 0x03, 0x9F, 0xFF, 0xF0,
    0xCF, 0x30, 0x0F, 0xD0, 0x7F, 0xFF, 0xFC, 0x74, 0xFE, 0x00, 0x1F, 0xC0, 0x4F, 0xA6, 0x10, 0x0D,
    0xF7, 0x00, 0x3F, 0xB0, 0x00, 0x00, 0x01, 0xCF, 0xD0, 0x00, 0x8F, 0x90, 0x00, 0x00, 0x0C, 0xFE,
    0x30, 0xFF, 0xFF, 0x40, 0x00, 0x00, 0x02, 0xC1, 0x00, 0x9D, 0xC7, 0x00, 0x00, 0x00, 0x00, 0x00,
    0x00, 0x00, 0x00, 0x00, 0x00, 0x3B, 0x60, 0x00, 0x00, 0x00, 0x00, 0x00, 0x00, 0x4F, 0x90, 0x00,
    0x00, 0x00, 0x00, 0x00, 0x00, 0x4F, 0x90, 0x00, 0x0F, 0xFF, 0xFF, 0xC0, 0x2D, 0xEF, 0xFD, 0xDD,
    0x1F, 0xFD, 0xEF, 0xC0, 0x3F, 0xFF, 0xFF, 0xFF, 0x1F, 0xC0, 0x2F, 0xC0, 0x00, 0x5F, 0x70, 0xDF,
    0x1F, 0xC0, 0x2F, 0xC0, 0x00, 0x6F, 0x60, 0xEF, 0x0F, 0xC0, 0x2F, 0xC0, 0x00, 0x7F, 0x50, 0xEF,
    0x0F, 0xC0, 0x2F, 0xC0, 0x00, 0x9F, 0x40, 0xEE, 0x0F, 0xC0, 0x2F, 0xC0, 0x00, 0xBF, 0x20, 0xFE,
    0x0F, 0xC0, 0x2F, 0xC0, 0x00, 0xDF, 0x00, 0xFD, 0x0F, 0xC0, 0x2F, 0xC0, 0x02, 0xFC, 0x00, 0xFD,
    0x0F, 0xC0, 0x2F, 0xC0, 0x07, 0xF8, 0x02, 0xFC, 0x0F, 0xFD, 0xDF, 0xC0, 0x0D, 0xF3, 0x06, 0xFA,
    0x0F, 0xFF, 0xFF, 0xC0, 0x7F, 0xB4, 0xFF, 0xF6, 0x0F, 0xC0, 0x2F, 0xC0, 0x1C, 0x20, 0xDD, 0x90,
    0x07, 0x50, 0x04, 0x30, 0x00, 0x00, 0x00, 0x00, 0x00, 0x00, 0x00, 0x00, 0x00, 0x00, 0x00, 0x00,
    0x01, 0xA8, 0x00, 0x00, 0x07, 0xAA, 0xAA, 0xA6, 0x02, 0xFC, 0x00, 0x00, 0x0B, 0xFF, 0xFF, 0xF9,
    0x02, 0xFB, 0x00, 0x00, 0x00, 0x00, 0x00, 0x00, 0x02, 0xFB, 0x00, 0x00, 0x00, 0x00, 0x00, 0x00,
    0xEF, 0xFF, 0xFF, 0xF3, 0x3F, 0xFF, 0xFF, 0xFD, 0x58, 0xFF, 0xDF, 0xF3, 0x3F, 0xFF, 0xFF, 0xFD,
    0x05, 0xF9, 0x0B, 0xF2, 0x00, 0x5F, 0x90, 0x00, 0x06, 0xF8, 0x0B, 0xF2, 0x00, 0x9F, 0x45, 0xD1,
    0x08, 0xF7, 0x0C, 0xF1, 0x00, 0xDF, 0x04, 0xF7, 0x0A, 0xF4, 0x0C, 0xF1, 0x02, 0xFA, 0x03, 0xFC,
    0x0F, 0xF1, 0x0D, 0xF0, 0x09, 0xFD, 0xFF, 0xFF, 0x6F, 0xE0, 0x0E, 0xF0, 0x0F, 0xFF, 0xFA, 0xAE,
    0xEF, 0x80, 0x0F, 0xE0, 0x0A, 0x94, 0x00, 0x05, 0xFF, 0x20, 0x5F, 0xC0, 0x00, 0x00, 0x00, 0x0A,
    0xF9, 0x8F, 0xFF, 0x80, 0x00, 0x00, 0x00, 0x00, 0x90, 0x3D, 0xC9, 0x00, 0x00, 0x00, 0x00, 0x00,
    0x04, 0xD7, 0x00, 0x00, 0x07, 0xFF, 0xFF, 0xF1, 0x05, 0xF8, 0x00, 0x00, 0x07, 0xFC, 0xBE, 0xF1,
    0x05, 0xF8, 0x00, 0x00, 0x07, 0xF3, 0x0A, 0xF1, 0x05, 0xF8, 0x00, 0x00, 0x07, 0xFB, 0xAE, 0xF8,
    0xFF, 0xFF, 0xFF, 0xF0, 0x07, 0xFF, 0xFF, 0xF7, 0xDE, 0xFE, 0xDF, 0xF0, 0x07, 0xF3, 0x0A, 0xF1,
    0x08, 0xF5, 0x0E, 0xF0, 0x07, 0xF3, 0x0A, 0xF1, 0x0A, 0xF3, 0x0E, 0xE0, 0x07, 0xFF, 0xFF, 0xF1,
    0x0C, 0xF2, 0x0E, 0xE0, 0x07, 0xFC, 0xAE, 0xF1, 0x0E, 0xF0, 0x0F, 0xD0, 0x07, 0xF3, 0x0A, 0xF3,
    0x5F, 0xB0, 0x0F, 0xD0, 0x07, 0xF7, 0x8E, 0xFD, 0xBF, 0x60, 0x1F, 0xC0, 0x6E, 0xFF, 0xFF, 0xEC,
    0xFE, 0x00, 0x2F, 0xB0, 0x6F, 0xEA, 0x62, 0x2E, 0xF6, 0x00, 0x7F, 0x90, 0x12, 0x00, 0x00, 0xDF,
    0xA0, 0xBF, 0xFF, 0x40, 0x00, 0x00, 0x00, 0x29, 0x00, 0x5C, 0xB7, 0x00, 0x00, 0x00, 0x00, 0x00,
    0x00, 0x00, 0x00, 0x00, 0x00, 0x00, 0xBA, 0x20, 0xBB, 0x10, 0x00, 0x00, 0x00, 0x03, 0xFF, 0x10,
    0xFF, 0x10, 0x00, 0x00, 0x00, 0x0B, 0xF9, 0x00, 0xFF, 0x10, 0x06, 0x10, 0x00, 0x3F, 0xF2, 0x00,
    0xFF, 0x10, 0x5F, 0xE1, 0x00, 0xDF, 0xE0, 0x00, 0xFF, 0x11, 0xEF, 0xB0, 0x0A, 0xFF, 0xE0, 0x00,
    0xFF, 0x2D, 0xFD, 0x10, 0x5F, 0xFF, 0xE0, 0x00, 0xFF, 0xDF, 0xF2, 0x00, 0x0E, 0xBF, 0xE0, 0x00,
    0xFF, 0xFF, 0x30, 0x00, 0x04, 0x2F, 0xE0, 0x03, 0xFF, 0xE3, 0x00, 0x00, 0x00, 0x1F, 0xE0, 0x9F,
    0xFF, 0x30, 0x00, 0x00, 0x00, 0x1F, 0xFD, 0xFF, 0xFF, 0x10, 0x02, 0x10, 0x00, 0x1F, 0xE5, 0xD5,
    0xFF, 0x10, 0x06, 0xF5, 0x00, 0x1F, 0xE0, 0x00, 0xFF, 0x10, 0x07, 0xF6, 0x00, 0x1F, 0xE0, 0x00,
    0xEF, 0x30, 0x0B, 0xF4, 0x00, 0x1F, 0xE0, 0x00, 0xCF, 0xFF, 0xFF, 0xF0, 0x00, 0x1F, 0xE0, 0x00,
    0x3C, 0xEE, 0xEC, 0x40, 0x00, 0x02, 0x20, 0x00, 0x00, 0x00, 0x00, 0x00, 0xAF, 0xFF, 0xFF, 0xFF,
    0xFF, 0xFF, 0xFE, 0x00, 0xAF, 0xDD, 0xDD, 0xDD, 0xDD, 0xDD, 0xDC, 0x00, 0xAF, 0x20, 0x00, 0x00,
    0x00, 0x52, 0x00, 0x00, 0xAF, 0x22, 0xD3, 0x00, 0x04, 0xFF, 0x10, 0x00, 0xAF, 0x27, 0xFF, 0x50,
    0x1E, 0xF6, 0x00, 0x00, 0xAF, 0x20, 0x6F, 0xF7, 0xAF, 0xB0, 0x00, 0x00, 0xAF, 0x20, 0x05, 0xFF,
    0xFE, 0x10, 0x00, 0x00, 0xAF, 0x20, 0x00, 0x9F, 0xFB, 0x00, 0x00, 0x00, 0xAF, 0x20, 0x08, 0xFF,
    0xFF, 0xB0, 0x00, 0x00, 0xAF, 0x21, 0xBF, 0xF5, 0x3F, 0xFB, 0x00, 0x00, 0xAF, 0x5E, 0xFF, 0x40,
    0x03, 0xFF, 0x90, 0x00, 0xAF, 0x39, 0xD2, 0x00, 0x00, 0x5E, 0x20, 0x00, 0xAF, 0x20, 0x00, 0x00,
    0x00, 0x00, 0x00, 0x00, 0xAF, 0xFF, 0xFF, 0xFF, 0xFF, 0xFF, 0xFF, 0x50, 0x9D, 0xDD, 0xDD, 0xDD,
    0xDD, 0xDD, 0xDD, 0x40, 0x00, 0x00, 0x00, 0x0F, 0xF0, 0x00, 0x00, 0x00, 0x00, 0x00, 0x00, 0x0F,
    0xF0, 0x00, 0x00, 0x00, 0x00, 0x00, 0x00, 0x0F, 0xF0, 0x00, 0x00, 0x00, 0x00, 0x00, 0x00, 0x0F,
    0xF0, 0x00, 0x00, 0x00, 0x00, 0x00, 0x00, 0x0F, 0xF0, 0x00, 0x00, 0x00, 0x00, 0x00, 0x00, 0x0F,
    0xF0, 0x00, 0x00, 0x00, 0x3F, 0xFF, 0xFF, 0xFF, 0xFF, 0xFF, 0xFF, 0xF5, 0x3F, 0xFF, 0xFF, 0xFF,
    0xFF, 0xFF, 0xFF, 0xF5, 0x00, 0x00, 0x00, 0x0F, 0xF1, 0x00, 0x00, 0x00, 0x00, 0x00, 0x00, 0x0F,
    0xF0, 0x00, 0x00, 0x00, 0x00, 0x00, 0x00, 0x0F, 0xF0, 0x00, 0x00, 0x00, 0x00, 0x00, 0x00, 0x0F,
    0xF0, 0x00, 0x00, 0x00, 0x00, 0x00, 0x00, 0x0F, 0xF0, 0x00, 0x00, 0x00, 0x00, 0x00, 0x00, 0x0F,
    0xF0, 0x00, 0x00, 0x00, 0x00, 0x00, 0x00, 0x0F, 0xF0, 0x00, 0x00, 0x00, 0x00, 0x00, 0x00, 0x0F,
    0xF0, 0x00, 0x00, 0x00, 0x00, 0x01, 0x96, 0x00, 0x00, 0x3A, 0x50, 0x00, 0x00, 0x03, 0xFF, 0x20,
    0x00, 0xBF, 0xA0, 0x00, 0x00, 0x00, 0x8F, 0x80, 0x03, 0xFE, 0x10, 0x00, 0x00, 0xCF, 0xFF, 0xFF,
    0xFF, 0xFF, 0xFF, 0x00, 0x00, 0xCF, 0x99, 0x9F, 0xF9, 0x99, 0xFF, 0x00, 0x00, 0xCF, 0x00, 0x0F,
    0xF0, 0x00, 0xFF, 0x00, 0x00, 0xCF, 0xFF, 0xFF, 0xFF, 0xFF, 0xFF, 0x00, 0x00, 0xCF, 0x87, 0x7F,
    0xF7, 0x77, 0xFF, 0x00, 0x00, 0xCF, 0x98, 0x9F, 0xF8, 0x88, 0xFF, 0x00, 0x00, 0xCF, 0xFF, 0xFF,
    0xFF, 0xFF, 0xFF, 0x00, 0x00, 0x00, 0x00, 0x0F, 0xF0, 0x00, 0x00, 0x00, 0x2C, 0xCC, 0xCC, 0xCF,
    0xFC, 0xCC, 0xCC, 0xC3, 0x3F, 0xFF, 0xFF, 0xFF, 0xFF, 0xFF, 0xFF, 0xF4, 0x00, 0x00, 0x00, 0x0F,
    0xF0, 0x00, 0x00, 0x00, 0x00, 0x00, 0x00, 0x0F, 0xF0, 0x00, 0x00, 0x00, 0x00, 0x00, 0x00, 0x0E,
    0xE0, 0x00, 0x00, 0x00, 0x00, 0x00, 0x2E, 0xB0, 0x00, 0x00, 0x00, 0x00, 0x00, 0x2F, 0xC0, 0x00,
    0x00, 0x00, 0x00, 0x00, 0x2F, 0xC0, 0x00, 0x00, 0x00, 0x00, 0x00, 0x2F, 0xFF, 0xFF, 0xFF, 0xF0,
    0x00, 0x00, 0x2F, 0xFC, 0xCC, 0xCC, 0xC0, 0x00, 0x00, 0x2F, 0xC0, 0x00, 0x00, 0x00, 0x00, 0x00,
    0x2F, 0xC0, 0x00, 0x00, 0x00, 0x00, 0x00, 0x2F, 0xC0, 0x00, 0x00, 0x00, 0xDF, 0xFF, 0xFF, 0xFF,
    0xFF, 0xFD, 0x00, 0xDF, 0xCC, 0xCC, 0xCC, 0xCD, 0xFD, 0x00, 0xDF, 0x00, 0x00, 0x00, 0x02, 0xFD,
    0x00, 0xDF, 0x00, 0x00, 0x00, 0x02, 0xFD, 0x00, 0xDF, 0x00, 0x00, 0x00, 0x02, 0xFD, 0x00, 0xDF,
    0xCC, 0xCC, 0xCC, 0xCD, 0xFD, 0x00, 0xDF, 0xFF, 0xFF, 0xFF, 0xFF, 0xFD, 0x00, 0xCE, 0x00, 0x00,
    0x00, 0x01, 0xDA, 0x00, 0x00, 0x00, 0x00, 0x7F, 0x80, 0x00, 0x00, 0x00, 0x00, 0x00, 0x00, 0x7F,
    0x90, 0x00, 0x00, 0x00, 0x00, 0x00, 0x00, 0x7F, 0xED, 0xDD, 0xDA, 0x00, 0x00, 0x00, 0x00, 0x7F,
    0xFF, 0xFF, 0xFC, 0x00, 0x00, 0x00, 0x00, 0x7F, 0x90, 0x00, 0x00, 0x00, 0x00, 0x00, 0x00, 0x7F,
    0x90, 0x00, 0x00, 0x00, 0x3E, 0xEE, 0xEE, 0xFF, 0xFE, 0xEE, 0xEE, 0xE4, 0x4F, 0xFF, 0xFF, 0xFF,
    0xFF, 0xFF, 0xFF, 0xF4, 0x00, 0x00, 0x00, 0x5F, 0xA0, 0x00, 0x00, 0x00, 0x00, 0x00, 0x00, 0x5F,
    0xA7, 0x20, 0x00, 0x00, 0x00, 0x00, 0x00, 0x5F, 0xFF, 0xFB, 0x50, 0x00, 0x00, 0x00, 0x00, 0x5F,
    0xB7, 0xEF, 0xFD, 0x40, 0x00, 0x00, 0x00, 0x5F, 0xA0, 0x07, 0xEF, 0x30, 0x00, 0x00, 0x00, 0x5F,
    0xA0, 0x00, 0x04, 0x00, 0x00, 0x00, 0x00, 0x5F, 0xA0, 0x00, 0x00, 0x00, 0x00, 0x00, 0x00, 0x5F,
    0xA0, 0x00, 0x00, 0x00, 0x08, 0xFF, 0xFF, 0xFF, 0x3D, 0xFF, 0xFF, 0xD0, 0x08, 0xFD, 0xBB, 0xEF,
    0x3D, 0xFC, 0xCF, 0xD0, 0x08, 0xF6, 0x00, 0xBF, 0x3D, 0xF0, 0x0F, 0xD0, 0x08, 0xFD, 0xAA, 0xEF,
    0x3D, 0xF0, 0x0F, 0xD0, 0x08, 0xFF, 0xFF, 0xFF, 0x3D, 0xF0, 0x0F, 0xD0, 0x08, 0xF6, 0x00, 0xBF,
    0x3D, 0xF0, 0x0F, 0xD0, 0x08, 0xFD, 0xBB, 0xEF, 0x3D, 0xF0, 0x0F, 0xD0, 0x08, 0xFF, 0xFF, 0xFF,
    0x3D, 0xF0, 0x0F, 0xD0, 0x08, 0xF6, 0x00, 0x30, 0x0D, 0xF0, 0x0F, 0xD0, 0x08, 0xF6, 0x0C, 0xE0,
    0x0D, 0xF0, 0x0F, 0xD0, 0x08, 0xF6, 0x0C, 0xF6, 0x0D, 0xF7, 0xDF, 0xC0, 0x09, 0xF9, 0x8E, 0xFD,
    0x0D, 0xF4, 0xFE, 0x50, 0x1F, 0xFF, 0xFF, 0xEF, 0x5D, 0xF0, 0x00, 0x00, 0x0E, 0xFB, 0x61, 0x6D,
    0x4D, 0xF0, 0x00, 0x00, 0x04, 0x10, 0x00, 0x00, 0x0D, 0xF0, 0x00, 0x00, 0x00, 0xDF, 0xFF, 0xFF,
    0xFF, 0xFF, 0xFF, 0xF1, 0x00, 0xDF, 0xFF, 0xFF, 0xFF, 0xFF, 0xFF, 0xF1, 0x00, 0xDF, 0x30, 0x00,
    0x00, 0x00, 0x00, 0x00, 0x00, 0xDF, 0x30, 0x00, 0x00, 0x00, 0x00, 0x00, 0x00, 0xDF, 0x30, 0x00,
    0x00, 0x00, 0x00, 0x00, 0x00, 0xDF, 0x30, 0x00, 0x00, 0x00, 0x00, 0x00, 0x00, 0xEF, 0x20, 0x00,
    0x00, 0x00, 0x00, 0x00, 0x00, 0xFF, 0x20, 0x00, 0x00, 0x00, 0x00, 0x00, 0x00, 0xFF, 0x00, 0x00,
    0x00, 0x00, 0x00, 0x00, 0x01, 0xFF, 0x00, 0x00, 0x00, 0x00, 0x00, 0x00, 0x05, 0xFC, 0x00, 0x00,
    0x00, 0x00, 0x00, 0x00, 0x08, 0xF9, 0x00, 0x00, 0x00, 0x00, 0x00, 0x00, 0x0E, 0xF5, 0x00, 0x00,
    0x00, 0x00, 0x00, 0x00, 0x5F, 0xE0, 0x00, 0x00, 0x00, 0x00, 0x00, 0x00, 0x06, 0x70, 0x00, 0x00,
    0x00, 0x00, 0x00, 0x00, 0x03, 0xFF, 0xFF, 0xFF, 0xFF, 0xFF, 0xFF, 0xF3, 0x03, 0xFE, 0xBB, 0xBB,
    0xEC, 0xBB, 0xBB, 0xB2, 0x03, 0xFA, 0x00, 0x03, 0xFF, 0x10, 0x00, 0x00, 0x03, 0xFA, 0x4F, 0xFF,
    0xFF, 0xFF, 0xFF, 0x10, 0x03, 0xFA, 0x4F, 0xC7, 0x77, 0x77, 0xEF, 0x10, 0x03, 0xFA, 0x4F, 0xB5,
    0x55, 0x55, 0xEF, 0x10, 0x04, 0xF9, 0x4F, 0xFF, 0xFF, 0xFF, 0xFF, 0x10, 0x05, 0xF9, 0x4F, 0x90,
    0x00, 0x00, 0xDF, 0x10, 0x06, 0xF7, 0x4F, 0xFF, 0xFF, 0xFF, 0xFF, 0x10, 0x08, 0xF6, 0x17, 0x77,
    0xCF, 0x97, 0x77, 0x00, 0x0B, 0xF3, 0x0A, 0xB3, 0x8F, 0x45, 0xD1, 0x00, 0x0E, 0xF0, 0x4F, 0xE1,
    0x8F, 0x47, 0xFC, 0x00, 0x3F, 0xD2, 0xEF, 0x50, 0x8F, 0x40, 0xBF, 0x90, 0x7F, 0x77, 0xF8, 0x4A,
    0xEF, 0x40, 0x1E, 0xF1, 0x05, 0x10, 0x30, 0x2F, 0xEA, 0x00, 0x03, 0x10, 0x00, 0x00, 0x00, 0x00,
    0x00, 0x00, 0x00, 0x00, 0x00, 0x00, 0x00, 0x0F, 0xF0, 0x00, 0x00, 0x00, 0x00, 0x00, 0x00, 0x0F,
    0xF0, 0x00, 0x00, 0x00, 0x00, 0xEE, 0xEE, 0xEF, 0xFE, 0xEE, 0xEE, 0x20, 0x00, 0xFF, 0xFF, 0xFF,
    0xFF, 0xFF, 0xFF, 0x20, 0x00, 0x00, 0x00, 0x0F, 0xF0, 0x00, 0x00, 0x00, 0x00, 0x00, 0x00, 0x0F,
    0xF0, 0x00, 0x00, 0x00, 0x00, 0x00, 0x00, 0x0F, 0xF0, 0x00, 0x00, 0x00, 0x4F, 0xFF, 0xFF, 0xFF,
    0xFF, 0xFF, 0xFF, 0xF5, 0x4E, 0xEE, 0xEF, 0xFF, 0xEE, 0xEE, 0xEE, 0xE5, 0x00, 0x00, 0x2F, 0xF4,
    0x00, 0x33, 0x00, 0x00, 0x00, 0x00, 0xBF, 0xA0, 0x04, 0xFE, 0x10, 0x00, 0x00, 0x06, 0xFD, 0x10,
    0x00, 0xAF, 0xB0, 0x00, 0x00, 0x3F, 0xF3, 0x01, 0x23, 0x5F, 0xF7, 0x00, 0x03, 0xEF, 0xFF, 0xFF,
    0xFF, 0xFF, 0xFF, 0x10, 0x01, 0xFF, 0xFF, 0xFE, 0xDB, 0xA9, 0xDF, 0x90, 0x00, 0x64, 0x21, 0x00,
    0x00, 0x00, 0x49, 0x10, 0x00, 0x00, 0x00, 0x00, 0x00, 0x00, 0x00, 0x00, 0x06, 0xFF, 0xFF, 0xFF,
    0xFF, 0xFF, 0xFB, 0x00, 0x06, 0xEF, 0xFE, 0xEE, 0xEE, 0xEF, 0xFC, 0x00, 0x00, 0x3F, 0xD0, 0x00,
    0x00, 0x09, 0xF8, 0x00, 0x00, 0x0D, 0xF3, 0x00, 0x00, 0x0F, 0xF3, 0x00, 0x00, 0x07, 0xFA, 0x00,
    0x00, 0x6F, 0xD0, 0x00, 0x00, 0x01, 0xFF, 0x10, 0x00, 0xCF, 0x60, 0x00, 0x00, 0x00, 0xAF, 0xB0,
    0x07, 0xFD, 0x00, 0x00, 0x00, 0x00, 0x1E, 0xF6, 0x3F, 0xF4, 0x00, 0x00, 0x00, 0x00, 0x05, 0xFF,
    0xEF, 0x90, 0x00, 0x00, 0x00, 0x00, 0x00, 0xBF, 0xFD, 0x00, 0x00, 0x00, 0x00, 0x00, 0x07, 0xFF,
    0xFF, 0x80, 0x00, 0x00, 0x00, 0x05, 0xDF, 0xFB, 0xCF, 0xFD, 0x40, 0x00, 0x29, 0xEF, 0xFF, 0x60,
    0x07, 0xFF, 0xFE, 0x82, 0x1E, 0xFF, 0x91, 0x00, 0x00, 0x3A, 0xFF, 0xF3, 0x05, 0x60, 0x00, 0x00,
    0x00, 0x00, 0x17, 0x60, 0x0A, 0xFF, 0xFF, 0xFF, 0xFF, 0xF7, 0x00, 0x00, 0x09, 0xFF, 0xFF, 0xFF,
    0xFF, 0xF4, 0x00, 0x00, 0x00, 0x01, 0xFE, 0x00, 0x0E, 0xF1, 0x00, 0x00, 0x00, 0x02, 0xFF, 0x20,
    0x2F, 0xE0, 0x00, 0x00, 0x00, 0x02, 0xFF, 0x80, 0x6F, 0xFF, 0xFF, 0x60, 0x00, 0x03, 0xFF, 0xE0,
    0x8D, 0xDD, 0xFF, 0x50, 0x00, 0x06, 0xFF, 0xF5, 0x00, 0x01, 0xFF, 0x00, 0x00, 0x09, 0xFC, 0xFD,
    0x00, 0x08, 0xFA, 0x00, 0x00, 0x0D, 0xF5, 0xBF, 0x80, 0x2F, 0xF3, 0x00, 0x00, 0x4F, 0xF1, 0x2F,
    0xF7, 0xCF, 0x90, 0x00, 0x00, 0xAF, 0xA0, 0x06, 0xFF, 0xFE, 0x00, 0x00, 0x05, 0xFF, 0x30, 0x02,
    0xEF, 0xFD, 0x30, 0x00, 0x3F, 0xFA, 0x03, 0x9F, 0xFE, 0xFF, 0xFC, 0x61, 0x4F, 0xE1, 0x3F, 0xFF,
    0xA1, 0x2B, 0xFF, 0xF3, 0x06, 0x20, 0x0A, 0x93, 0x00, 0x00, 0x28, 0x70, 0x1C, 0xCC, 0xCD, 0xD6,
    0xCC, 0xCC, 0xCD, 0x90, 0x1F, 0xFF, 0xFF, 0xF6, 0xFF, 0xFF, 0xFF, 0xC0, 0x00, 0x00, 0x0C, 0xF1,
    0xED, 0x00, 0x3F, 0xA0, 0x02, 0x40, 0x0F, 0xF0, 0xCF, 0x00, 0x7F, 0x80, 0x0E, 0xF2, 0x2F, 0xD0,
    0x9F, 0x30, 0xAF, 0x40, 0x08, 0xFD, 0x7F, 0x90, 0x6F, 0x70, 0xEF, 0x10, 0x00, 0xCF, 0xFF, 0x50,
    0x3F, 0xC4, 0xFC, 0x00, 0x00, 0x1E, 0xFF, 0x10, 0x0D, 0xFB, 0xF7, 0x00, 0x00, 0x07, 0xFF, 0x20,
    0x08, 0xFF, 0xF1, 0x00, 0x00, 0x0D, 0xFF, 0xC0, 0x02, 0xFF, 0x90, 0x00, 0x00, 0x6F, 0xEF, 0xF5,
    0x07, 0xFF, 0x90, 0x00, 0x01, 0xEF, 0x67, 0xF5, 0x6F, 0xFF, 0xF6, 0x00, 0x1D, 0xFC, 0x00, 0x5A,
    0xFF, 0x88, 0xFF, 0x70, 0x6F, 0xE2, 0x00, 0x5F, 0xF8, 0x00, 0xAF, 0xF2, 0x09, 0x30, 0x00, 0x09,
    0x40, 0x00, 0x08, 0x60, 0x00, 0x00, 0x00, 0x00, 0x13, 0x69, 0xD5, 0x00, 0x00, 0x7B, 0xCE, 0xFF,
    0xFF, 0xFF, 0xFD, 0x20, 0x00, 0xAF, 0xFE, 0xDC, 0xA9, 0x74, 0x10, 0x00, 0x00, 0xAF, 0x40, 0x00,
    0x00, 0x00, 0x00, 0x00, 0x00, 0xAF, 0x40, 0x00, 0x00, 0x00, 0x00, 0x00, 0x00, 0xAF, 0xFF, 0xFF,
    0xFF, 0xFF, 0xFD, 0x10, 0x00, 0xAF, 0xEF, 0xFD, 0xDD, 0xDE, 0xFD, 0x00, 0x00, 0xBF, 0x3A, 0xF4,
    0x00, 0x09, 0xF7, 0x00, 0x00, 0xBF, 0x23, 0xFB, 0x00, 0x1F, 0xF2, 0x00, 0x00, 0xDF, 0x00, 0xCF,
    0x50, 0xBF, 0xA0, 0x00, 0x00, 0xFF, 0x00, 0x3F, 0xF9, 0xFE, 0x10, 0x00, 0x02, 0xFD, 0x00, 0x07,
    0xFF, 0xF4, 0x00, 0x00, 0x06, 0xFA, 0x00, 0x2B, 0xFF, 0xF8, 0x00, 0x00, 0x0C, 0xF6, 0x4A, 0xFF,
    0xFA, 0xFF, 0xE8, 0x30, 0x3F, 0xF3, 0xFF, 0xFA, 0x10, 0x3D, 0xFF, 0xD0, 0x06, 0x80, 0x79, 0x20,
    0x00, 0x00, 0x39, 0x30, 0x00, 0x00, 0x00, 0x00, 0x00, 0x00, 0x00, 0x00, 0x00, 0x00, 0x00, 0x00,
    0x00, 0x00, 0x00, 0x00, 0x00, 0x05, 0x51, 0x0F, 0xC1, 0x06, 0x60, 0x00, 0x00, 0x0F, 0xF1, 0x3F,
    0xF0, 0x1F, 0xF4, 0x00, 0x00, 0x4F, 0xC0, 0x5F, 0xE0, 0x05, 0xFD, 0x00, 0x00, 0xBF, 0x60, 0x7F,
    0xB0, 0x00, 0x82, 0x00, 0x04, 0xFF, 0xFF, 0xFF, 0xFF, 0xFF, 0xFF, 0xF2, 0x01, 0xFD, 0xDD, 0xFF,
    0xDD, 0xDD, 0xDD, 0xD1, 0x00, 0x00, 0x05, 0xFE, 0x00, 0x00, 0x00, 0x00, 0x00, 0x00, 0x0C, 0xFF,
    0xFF, 0xFF, 0xFB, 0x00, 0x00, 0x00, 0x5F, 0xFE, 0xDD, 0xDF, 0xFB, 0x00, 0x00, 0x00, 0xEF, 0xFE,
    0x10, 0x2F, 0xF4, 0x00, 0x00, 0x0B, 0xFE, 0x9F, 0xC0, 0xDF, 0xC0, 0x00, 0x00, 0xAF, 0xF3, 0x0C,
    0xFE, 0xFE, 0x10, 0x00, 0x2D, 0xFF, 0x60, 0x06, 0xFF, 0xF7, 0x00, 0x00, 0x3F, 0xE4, 0x05, 0xBF,
    0xFF, 0xFF, 0xC6, 0x20, 0x05, 0x10, 0xEF, 0xFF, 0x70, 0x7E, 0xFF, 0xF5, 0x00, 0x00, 0x7C, 0x61,
    0x00, 0x01, 0x6B, 0xB0, 0x00, 0x00, 0x00, 0x00, 0x00, 0x00, 0x00, 0x00, 0x4F, 0xFF, 0xFF, 0xFF,
    0x00, 0x00, 0x00, 0x00, 0x3D, 0xFD, 0xBF, 0xFB, 0xEF, 0xFF, 0xFF, 0xE1, 0x06, 0xF6, 0x0C, 0xF1,
    0xBF, 0xEC, 0xCF, 0xF0, 0x06, 0xFC, 0x9E, 0xF1, 0x2F, 0x80, 0x0F, 0xD0, 0x06, 0xFF, 0xFF, 0xF1,
    0x0F, 0xB0, 0x3F, 0xA0, 0x06, 0xF6, 0x0C, 0xF1, 0x0B, 0xF0, 0x6F, 0x70, 0x06, 0xF6, 0x0C, 0xF1,
    0x08, 0xF4, 0xBF, 0x30, 0x06, 0xFF, 0xFF, 0xF1, 0x03, 0xFA, 0xFE, 0x00, 0x06, 0xFC, 0xAE, 0xF1,
    0x00, 0xDF, 0xF9, 0x00, 0x06, 0xF6, 0x0C, 0xF1, 0x00, 0x8F, 0xF2, 0x00, 0x07, 0xFB, 0x9E, 0xFF,
    0x60, 0x8F, 0xF1, 0x00, 0x5F, 0xFF, 0xFF, 0xFB, 0x34, 0xFF, 0xFB, 0x00, 0x2D, 0xA7, 0x4D, 0xF1,
    0x4E, 0xF6, 0xDF, 0xA0, 0x00, 0x00, 0x0C, 0xF3, 0xFF, 0x80, 0x2F, 0xF6, 0x00, 0x00, 0x0C, 0xF1,
    0x97, 0x00, 0x02, 0x80, 0x00, 0x00, 0x00, 0x00, 0x00, 0x00, 0x00, 0x00, 0x00, 0x00, 0x00, 0x00,
    0x00, 0x00, 0x00, 0x00, 0x00, 0x00, 0x00, 0x2D, 0xB0, 0x00, 0x00, 0x00, 0x00, 0x00, 0x00, 0x0E,
    0xF2, 0x00, 0x00, 0x00, 0x0F, 0xFF, 0xFF, 0xFF, 0xFF, 0xFF, 0xFF, 0xF0, 0x0A, 0xAA, 0xAF, 0xFB,
    0xBF, 0xFA, 0xAA, 0xA0, 0x00, 0x4C, 0x5E, 0xF0, 0x1F, 0xE7, 0xA0, 0x00, 0x01, 0xDF, 0x2E, 0xF0,
    0x1F, 0xD8, 0xFC, 0x10, 0x0B, 0xF7, 0x0E, 0xF0, 0x1F, 0xD0, 0x8F, 0xA0, 0x01, 0x60, 0x0E, 0xF0,
    0x1F, 0xD0, 0x06, 0x00, 0x00, 0xAA, 0xAA, 0xAA, 0xAA, 0xAA, 0x91, 0x00, 0x00, 0xFF, 0xFF, 0xFF,
    0xFF, 0xFF, 0xF4, 0x00, 0x00, 0x06, 0xFD, 0x10, 0x01, 0xCF, 0x90, 0x00, 0x00, 0x00, 0x9F, 0xD4,
    0x3D, 0xFB, 0x00, 0x00, 0x00, 0x00, 0x08, 0xFF, 0xFF, 0x90, 0x00, 0x00, 0x00, 0x25, 0xAE, 0xFF,
    0xFF, 0xE9, 0x52, 0x00, 0x2F, 0xFF, 0xFF, 0xB5, 0x6C, 0xFF, 0xFF, 0xF2, 0x0A, 0xC9, 0x51, 0x00,
    0x00, 0x26, 0xAD, 0x90, 0x4F, 0xFF, 0xFF, 0xFF, 0xFF, 0xFF, 0xF5, 0x4F, 0xFF, 0xFF, 0xFF, 0xFF,
    0xFF, 0xF5, 0x4F, 0xA0, 0x00, 0x00, 0x00, 0x0C, 0xF5, 0x4F, 0xA0, 0x00, 0x00, 0x00, 0x0C, 0xF5,
    0x4F, 0xA0, 0x00, 0x00, 0x00, 0x0C, 0xF5, 0x4F, 0xA0, 0x00, 0x00, 0x00, 0x0C, 0xF5, 0x4F, 0xA0,
    0x00, 0x00, 0x00, 0x0C, 0xF5, 0x4F, 0xA0, 0x00, 0x00, 0x00, 0x0C, 0xF5, 0x4F, 0xA0, 0x00, 0x00,
    0x00, 0x0C, 0xF5, 0x4F, 0xA0, 0x00, 0x00, 0x00, 0x0C, 0xF5, 0x4F, 0xFF, 0xFF, 0xFF, 0xFF, 0xFF,
    0xF5, 0x4F, 0xFF, 0xFF, 0xFF, 0xFF, 0xFF, 0xF5, 0x4F, 0xA0, 0x00, 0x00, 0x00, 0x0C, 0xF5, 0x28,
    0x60, 0x00, 0x00, 0x00, 0x06, 0x82, 0x00, 0x8C, 0xCC, 0xCC, 0xCC, 0xCC, 0xC9, 0x00, 0x00, 0xAF,
    0xFF, 0xFF, 0xFF, 0xFF, 0xFB, 0x00, 0x00, 0xAF, 0x50, 0x00, 0x00, 0x05, 0xFB, 0x00, 0x00, 0xAF,
    0x50, 0x00, 0x00, 0x05, 0xFB, 0x00, 0x00, 0xAF, 0x50, 0x00, 0x00, 0x05, 0xFB, 0x00, 0x00, 0xAF,
    0x50, 0x00, 0x00, 0x05, 0xFB, 0x00, 0x00, 0xAF, 0xDC, 0xCC, 0xCC, 0xCE, 0xFB, 0x00, 0x00, 0xAF,
    0xFF, 0xFF, 0xFF, 0xFF, 0xFB, 0x00, 0x00, 0x00, 0x00, 0x00, 0x00, 0x00, 0x00, 0x00, 0x00, 0x00,
    0x18, 0x20, 0x00, 0x83, 0x00, 0x00, 0x00, 0x00, 0xCF, 0xD0, 0x07, 0xFF, 0x40, 0x00, 0x00, 0x0B,
    0xFE, 0x20, 0x00, 0x9F, 0xF5, 0x00, 0x02, 0xDF, 0xF3, 0x00, 0x00, 0x09, 0xFF, 0x40, 0x0E, 0xFE,
    0x30, 0x00, 0x00, 0x00, 0xBF, 0xE0, 0x04, 0xC1, 0x00, 0x00, 0x00, 0x00, 0x0A, 0x20, 0x3E, 0xEE,
    0xEE, 0xEE, 0xEE, 0xEE, 0xEE, 0xE3, 0x3F, 0xFF, 0xFF, 0xFF, 0xFF, 0xFF, 0xFF, 0xF4, 0x00, 0x00,
    0x00, 0x00, 0x00, 0x09, 0xF6, 0x00, 0x00, 0x00, 0x00, 0x00, 0x00, 0x09, 0xF6, 0x00, 0x00, 0x9C,
    0xCC, 0xCC, 0xC0, 0x09, 0xF6, 0x00, 0x00, 0xBF, 0xFF, 0xFF, 0xF0, 0x09, 0xF6, 0x00, 0x00, 0xBF,
    0x10, 0x0D, 0xF0, 0x09, 0xF6, 0x00, 0x00, 0xBF, 0x10, 0x0D, 0xF0, 0x09, 0xF6, 0x00, 0x00, 0xBF,
    0x10, 0x0D, 0xF0, 0x09, 0xF6, 0x00, 0x00, 0xBF, 0xFF, 0xFF, 0xF0, 0x09, 0xF6, 0x00, 0x00, 0xBF,
    0xDD, 0xDD, 0xD0, 0x09, 0xF6, 0x00, 0x00, 0xBF, 0x10, 0x00, 0x00, 0x09, 0xF6, 0x00, 0x00, 0x22,
    0x00, 0x00, 0x00, 0x0A, 0xF6, 0x00, 0x00, 0x00, 0x00, 0x00, 0xDF, 0xFF, 0xF3, 0x00, 0x00, 0x00,
    0x00, 0x00, 0x6F, 0xFD, 0x70, 0x00, 0x00, 0x00, 0x00, 0xDA, 0x00, 0x00, 0x00, 0x00, 0x00, 0x00,
    0x03, 0xFE, 0x00, 0x00, 0x00, 0x00, 0x00, 0x00, 0x06, 0xF9, 0x00, 0x00, 0x00, 0x00, 0x1F, 0xFF,
    0xFF, 0xFF, 0xFF, 0xFF, 0xFF, 0xF1, 0x1D, 0xDD, 0xEF, 0xFD, 0xDD, 0xDD, 0xDD, 0xD1, 0x00, 0x00,
    0x7F, 0x90, 0x00, 0x00, 0x00, 0x00, 0x00, 0x00, 0xEF, 0x30, 0x00, 0x00, 0x00, 0x00, 0x00, 0x06,
    0xFD, 0x00, 0x00, 0x00, 0x00, 0x00, 0x00, 0x1E, 0xFF, 0xFF, 0xFF, 0xFF, 0xFF, 0x00, 0x00, 0xBF,
    0xFF, 0xDD, 0xDD, 0xDD, 0xFF, 0x00, 0x0B, 0xFE, 0xFF, 0x00, 0x00, 0x00, 0xFF, 0x00, 0x6F, 0xD1,
    0xEF, 0x00, 0x00, 0x00, 0xFF, 0x00, 0x08, 0x10, 0xEF, 0x00, 0x00, 0x00, 0xFF, 0x00, 0x00, 0x00,
    0xEF, 0xDD, 0xDD, 0xDD, 0xFF, 0x00, 0x00, 0x00, 0xEF, 0xFF, 0xFF, 0xFF, 0xFF, 0x00, 0x00, 0x00,
    0xEF, 0x00, 0x00, 0x00, 0xEE, 0x00, 0x00, 0x2A, 0xAA, 0xAA, 0xAA, 0xAA, 0xA2, 0x00, 0x00, 0x3F,
    0xFF, 0xFF, 0xFF, 0xFF, 0xF3, 0x00, 0x00, 0x3F, 0xA0, 0x00, 0x00, 0x0C, 0xF3, 0x00, 0x00, 0x3F,
    0xA0, 0x00, 0x00, 0x0C, 0xF3, 0x00, 0x00, 0x3F, 0xFF, 0xFF, 0xFF, 0xFF, 0xF3, 0x00, 0x00, 0x2A,
    0xAA, 0xAA, 0xAA, 0xAA, 0xA2, 0x00, 0x00, 0x00, 0x00, 0x00, 0x00, 0x00, 0x00, 0x00, 0x2F, 0xFF,
    0xFF, 0xFF, 0xFF, 0xFF, 0xFF, 0xF1, 0x1B, 0xBC, 0xFF, 0xBB, 0xBB, 0xBB, 0xBB, 0xB1, 0x00, 0x06,
    0xFC, 0x00, 0x00, 0x00, 0x00, 0x00, 0x00, 0x0B, 0xFF, 0xFF, 0xFF, 0xFF, 0xF4, 0x00, 0x00, 0x0B,
    0xBB, 0xBB, 0xBB, 0xCF, 0xF2, 0x00, 0x00, 0x00, 0x00, 0x00, 0x00, 0x2F, 0xF0, 0x00, 0x00, 0x00,
    0x00, 0x01, 0x00, 0x8F, 0xB0, 0x00, 0x00, 0x00, 0x00, 0x0E, 0xFF, 0xFF, 0x50, 0x00, 0x00, 0x00,
    0x00, 0x07, 0xCC, 0xB6, 0x00, 0x00, 0x00, 0x00, 0x00, 0x00, 0x00, 0x00, 0x00, 0x00, 0x00, 0x00,
    0x08, 0xC4, 0x00, 0x00, 0x00, 0x00, 0x00, 0x00, 0x2F, 0xF3, 0x00, 0x00, 0x00, 0x00, 0x00, 0x01,
    0xDF, 0xFF, 0xFF, 0xFF, 0xE4, 0x00, 0x00, 0x2D, 0xFF, 0xAA, 0xAA, 0xEF, 0xF3, 0x00, 0x06, 0xFF,
    0xFF, 0x90, 0x06, 0xFF, 0x70, 0x00, 0x1E, 0xFA, 0x2E, 0xFC, 0x9F, 0xF7, 0x00, 0x00, 0x02, 0x70,
    0x02, 0xFF, 0xFF, 0x60, 0x00, 0x00, 0x00, 0x02, 0x8E, 0xFF, 0xFF, 0xFB, 0x50, 0x00, 0x39, 0xEF,
    0xFF, 0xB4, 0x3C, 0xFF, 0xFF, 0xC5, 0x2F, 0xFF, 0x92, 0x00, 0x00, 0x39, 0xFF, 0xE1, 0x04, 0x2D,
    0xFF, 0xFF, 0xFF, 0xFF, 0xF1, 0x20, 0x00, 0x0D, 0xFC, 0xBB, 0xBB, 0xCF, 0xF0, 0x00, 0x00, 0x0D,
    0xF1, 0x00, 0x00, 0x1F, 0xF0, 0x00, 0x00, 0x0D, 0xFB, 0xAA, 0xAA, 0xBF, 0xF0, 0x00, 0x00, 0x0D,
    0xFF, 0xFF, 0xFF, 0xFF, 0xF0, 0x00, 0x00, 0x0B, 0xD1, 0x00, 0x00, 0x0C, 0xB0, 0x00, 0x00, 0x00,
    0x00, 0x00, 0x00, 0x00, 0x00, 0x00, 0x00, 0x00, 0x00, 0x05, 0xD5, 0x00, 0x00, 0x00, 0x00, 0x00,
    0x00, 0x3F, 0xF8, 0x00, 0x00, 0x00, 0x00, 0x00, 0x05, 0xFF, 0xFF, 0x70, 0x00, 0x00, 0x00, 0x00,
    0x8F, 0xF7, 0x3E, 0xFB, 0x20, 0x00, 0x00, 0x5E, 0xFF, 0x50, 0x02, 0xDF, 0xF9, 0x20, 0x3D, 0xFF,
    0xFE, 0xCC, 0xCC, 0xDF, 0xFF, 0xF5, 0x0C, 0xF8, 0xFF, 0xFF, 0xFF, 0xFF, 0x3B, 0xC0, 0x02, 0x20,
    0x00, 0x00, 0x00, 0x00, 0x00, 0x00, 0x00, 0x00, 0x00, 0x00, 0x00, 0x00, 0x00, 0x00, 0x00, 0x0F,
    0xFF, 0xFF, 0xFF, 0xFF, 0xF5, 0x00, 0x00, 0x0F, 0xFA, 0xAA, 0xAA, 0xAE, 0xF5, 0x00, 0x00, 0x0F,
    0xE0, 0x00, 0x00, 0x0B, 0xF5, 0x00, 0x00, 0x0F, 0xE0, 0x00, 0x00, 0x0B, 0xF5, 0x00, 0x00, 0x0F,
    0xFC, 0xCC, 0xCC, 0xCE, 0xF5, 0x00, 0x00, 0x0F, 0xFF, 0xFF, 0xFF, 0xFF, 0xF5, 0x00, 0x00, 0x0D,
    0xC0, 0x00, 0x00, 0x09, 0xC4, 0x00, 0xCF, 0xFF, 0xFF, 0xFF, 0xFF, 0xFF, 0xFD, 0xCF, 0xDC, 0xCC,
    0xCC, 0xCC, 0xCD, 0xFD, 0xCF, 0x00, 0x00, 0x00, 0x00, 0x00, 0xFD, 0xCF, 0x1F, 0xFF, 0xFF, 0xFF,
    0xF0, 0xFD, 0xCF, 0x19, 0x99, 0x99, 0x99, 0x90, 0xFD, 0xCF, 0x00, 0x00, 0x00, 0x00, 0x00, 0xFD,
    0xCF, 0x04, 0xFF, 0xFF, 0xFF, 0x40, 0xFD, 0xCF, 0x04, 0xFC, 0x99, 0xCF, 0x40, 0xFD, 0xCF, 0x04,
    0xF7, 0x00, 0x7F, 0x40, 0xFD, 0xCF, 0x04, 0xF7, 0x00, 0x7F, 0x40, 0xFD, 0xCF, 0x04, 0xFF, 0xFF,
    0xFF, 0x40, 0xFD, 0xCF, 0x04, 0xFC, 0x99, 0x99, 0x20, 0xFD, 0xCF, 0x03, 0xD6, 0x00, 0x00, 0x02,
    0xFD, 0xCF, 0x00, 0x00, 0x00, 0x04, 0xFF, 0xFB, 0xBE, 0x00, 0x00, 0x00, 0x00, 0xDD, 0xA2, 0x00,
    0x00, 0x03, 0xEA, 0x10, 0x00, 0x00, 0x00, 0x00, 0x1D, 0xFA, 0x00, 0x00, 0x00, 0x00, 0x01, 0xDF,
    0xFF, 0xFF, 0xFF, 0xF5, 0x00, 0x5E, 0xFD, 0xBB, 0xBB, 0xDF, 0xF3, 0x0C, 0xFF, 0xA0, 0x00, 0x01,
    0xDF, 0x90, 0x06, 0xD5, 0x8D, 0x20, 0x2C, 0xFC, 0x00, 0x00, 0x00, 0x9F, 0xF8, 0xEF, 0xA0, 0x00,
    0x00, 0x00, 0x0A, 0xFF, 0xF7, 0x00, 0x00, 0x00, 0x27, 0xDF, 0xFF, 0xEB, 0xBB, 0xB8, 0x4E, 0xFF,
    0xFF, 0xFF, 0xFF, 0xFF, 0xFB, 0x0E, 0xEB, 0xFB, 0x00, 0x00, 0x03, 0xFB, 0x01, 0x03, 0xFB, 0x00,
    0x00, 0x03, 0xFB, 0x00, 0x03, 0xFB, 0x00, 0x00, 0x03, 0xFB, 0x00, 0x03, 0xFE, 0xBB, 0xBB, 0xBC,
    0xFB, 0x00, 0x03, 0xFF, 0xFF, 0xFF, 0xFF, 0xFB, 0x00, 0x02, 0xDA, 0x00, 0x00, 0x03, 0xDA, 0x00,
    0x00, 0x00, 0x00, 0x03, 0x59, 0xC4, 0x00, 0x00, 0x58, 0xAB, 0xDE, 0xFF, 0xFF, 0xFF, 0x20, 0x00,
    0xCF, 0xFF, 0xFF, 0xFD, 0xA8, 0x51, 0x00, 0x00, 0xCF, 0x73, 0x20, 0x00, 0x00, 0x00, 0x00, 0x00,
    0xCF, 0x30, 0x00, 0x00, 0x00, 0x00, 0x00, 0x00, 0xCF, 0xFF, 0xFF, 0xFF, 0xFF, 0xFF, 0xF7, 0x00,
    0xCF, 0xDD, 0xDD, 0xDD, 0xDD, 0xDD, 0xD6, 0x00, 0xDF, 0x20, 0x00, 0x00, 0x00, 0x00, 0x00, 0x00,
    0xEF, 0x1B, 0xCC, 0xCC, 0xCC, 0xCC, 0x40, 0x00, 0xFF, 0x0F, 0xFF, 0xFF, 0xFF, 0xFF, 0x60, 0x02,
    0xFD, 0x0F, 0xF0, 0x00, 0x00, 0xAF, 0x60, 0x06, 0xFA, 0x0F, 0xF0, 0x00, 0x00, 0xAF, 0x60, 0x0B,
    0xF6, 0x0F, 0xF0, 0x00, 0x00, 0xAF, 0x60, 0x3F, 0xF1, 0x0F, 0xFC, 0xCC, 0xCC, 0xEF, 0x60, 0x6F,
    0xA0, 0x0F, 0xFF, 0xFF, 0xFF, 0xFF, 0x60, 0x07, 0x20, 0x0D, 0xE0, 0x00, 0x00, 0x8D, 0x50, 0x00,
    0x00, 0x07, 0xDA, 0x00, 0x00, 0x00, 0x00, 0x00, 0x0C, 0xFA, 0x00, 0x00, 0x00, 0x00, 0x00, 0x1F,
    0xF3, 0x00, 0x00, 0x00, 0x9F, 0xFF, 0xFF, 0xFF, 0xFF, 0xFF, 0xFA, 0x9F, 0xEE, 0xEE, 0xEE, 0xEE,
    0xEE, 0xFA, 0x9F, 0x40, 0x00, 0x00, 0x00, 0x03, 0xFA, 0x9F, 0x41, 0xAA, 0xAA, 0xAA, 0x13, 0xFA,
    0x9F, 0x42, 0xFF, 0xFF, 0xFF, 0x13, 0xFA, 0x9F, 0x42, 0xF9, 0x00, 0x9F, 0x13, 0xFA, 0x9F, 0x42,
    0xF9, 0x00, 0x9F, 0x13, 0xFA, 0x9F, 0x42, 0xFD, 0xAA, 0xEF, 0x13, 0xFA, 0x9F, 0x42, 0xFF, 0xFF,
    0xFF, 0x13, 0xFA, 0x9F, 0x42, 0xF9, 0x00, 0x00, 0x03, 0xFA, 0x9F, 0x41, 0x74, 0x00, 0x00, 0x04,
    0xFA, 0x9F, 0x40, 0x00, 0x00, 0x0D, 0xFF, 0xF8, 0x8E, 0x40, 0x00, 0x00, 0x07, 0xED, 0x91, 0x00,
    0x00, 0x00, 0x00, 0x00, 0x00, 0x00, 0x00, 0x22, 0x22, 0x26, 0xFF, 0xFF, 0xFF, 0xF0, 0x00, 0xFF,
    0xFF, 0xD4, 0xBB, 0xBB, 0xBF, 0xE0, 0x00, 0xFC, 0x0D, 0xD0, 0x56, 0x00, 0x0F, 0xD0, 0x00, 0xFC,
    0x0D, 0xD0, 0xBF, 0x10, 0x2F, 0xB0, 0x00, 0xFC, 0x0D, 0xD0, 0xCF, 0x00, 0x3F, 0x90, 0x00, 0xFC,
    0x0D, 0xD0, 0xEE, 0x00, 0x5F, 0x80, 0x00, 0xFC, 0x0D, 0xD0, 0xFE, 0x99, 0xCF, 0xC9, 0x10, 0xFC,
    0x0D, 0xD1, 0xFF, 0xFF, 0xFF, 0xFF, 0x10, 0xFC, 0x0D, 0xD0, 0x00, 0x00, 0x00, 0xCF, 0x00, 0xFF,
    0xFF, 0xD0, 0x00, 0x00, 0x00, 0xEF, 0x00, 0xFF, 0xBB, 0x9B, 0xFF, 0xFF, 0xF5, 0xFD, 0x00, 0xFC,
    0x00, 0x07, 0xBB, 0xBB, 0xB6, 0xFB, 0x00, 0x32, 0x00, 0x00, 0x00, 0x00, 0x06, 0xF8, 0x00, 0x00,
    0x00, 0x00, 0x00, 0x07, 0xAE, 0xF4, 0x00, 0x00, 0x00, 0x00, 0x00, 0x07, 0xFF, 0x90, 0x00, 0x00,
    0x00, 0x00, 0x00, 0x00, 0x00, 0x00, 0x00, 0x0F, 0xFF, 0xFF, 0xFF, 0xFF, 0xFF, 0xFF, 0xF0, 0x0C,
    0xCC, 0xCC, 0xCF, 0xFF, 0xCC, 0xCC, 0xC0, 0x00, 0x00, 0x00, 0x8F, 0xF5, 0x00, 0x00, 0x00, 0x00,
    0x00, 0x2B, 0xFF, 0xE0, 0xB8, 0x10, 0x00, 0x00, 0x28, 0xFF, 0xEF, 0xE5, 0xFF, 0xE7, 0x00, 0x3B,
    0xFF, 0xFA, 0x1F, 0xE0, 0x1A, 0xFF, 0xC2, 0x2F, 0xFC, 0x40, 0x0F, 0xE0, 0x00, 0x4E, 0xE2, 0x05,
    0x40, 0x00, 0x0D, 0xC0, 0x00, 0x01, 0x20, 0x00, 0x3A, 0xAA, 0xAA, 0xAA, 0xAA, 0xA5, 0x00, 0x00,
    0x5F, 0xFF, 0xFF, 0xFF, 0xFF, 0xF8, 0x00, 0x00, 0x5F, 0x90, 0x00, 0x00, 0x09, 0xF8, 0x00, 0x00,
    0x5F, 0x90, 0x00, 0x00, 0x09, 0xF8, 0x00, 0x00, 0x5F, 0xDA, 0xAA, 0xAA, 0xAD, 0xF8, 0x00, 0x00,
    0x5F, 0xFF, 0xFF, 0xFF, 0xFF, 0xF8, 0x00, 0x00, 0x4D, 0x80, 0x00, 0x00, 0x07, 0xC6, 0x00, 0xBB,
    0xBB, 0x92, 0xFF, 0xFF, 0xFF, 0xFF, 0x00, 0xFF, 0xFF, 0xD2, 0xFF, 0xCF, 0xFC, 0xFF, 0x00, 0xFC,
    0x0E, 0xD2, 0xFB, 0x0F, 0xB0, 0xDF, 0x00, 0xFC, 0x0E, 0xD2, 0xFB, 0x0F, 0xB0, 0xDF, 0x00, 0xFC,
    0x0E, 0xD2, 0xFB, 0x0F, 0xB0, 0xDF, 0x00, 0xFC, 0x0E, 0xD2, 0xFB, 0x0F, 0xB0, 0xDF, 0x00, 0xFC,
    0x0E, 0xD2, 0xFE, 0xBF, 0xEB, 0xFF, 0x00, 0xFC, 0x0E, 0xD2, 0xFF, 0xFF, 0xFF, 0xFF, 0x00, 0xFC,
    0x0E, 0xD2, 0xFB, 0x00, 0x00, 0xDF, 0x00, 0xFF, 0xFF, 0xD2, 0xFB, 0x00, 0x00, 0x22, 0x00, 0xFF,
    0xCC, 0xA2, 0xFB, 0x00, 0x00, 0x01, 0x00, 0xFC, 0x00, 0x02, 0xFB, 0x00, 0x00, 0x2F, 0x60, 0x32,
    0x00, 0x01, 0xFD, 0x00, 0x00, 0x7F, 0x70, 0x00, 0x00, 0x00, 0xDF, 0xFF, 0xFF, 0xFF, 0x20, 0x00,
    0x00, 0x00, 0x3A, 0xCC, 0xCC, 0xB5, 0x00, 0x00, 0x00, 0x00, 0x00, 0x00, 0x00, 0x00, 0x00, 0x00,
    0x00, 0x00, 0x1B, 0xC0, 0x00, 0x00, 0x00, 0x00, 0x00, 0x00, 0x0E, 0xF3, 0x00, 0x00, 0x00, 0x00,
    0x8C, 0xCC, 0xCE, 0xFE, 0xCC, 0xCC, 0x20, 0x00, 0xAF, 0xFF, 0xFF, 0xFF, 0xFF, 0xFF, 0x30, 0x00,
    0xAF, 0x40, 0x00, 0x00, 0x00, 0xBF, 0x30, 0x00, 0xAF, 0x40, 0x00, 0x00, 0x00, 0xBF, 0x30, 0x00,
    0xAF, 0xFF, 0xFF, 0xFF, 0xFF, 0xFF, 0x30, 0x00, 0xBF, 0xDC, 0xCC, 0xCC, 0xCC, 0xCC, 0x20, 0x00,
    0xBF, 0x30, 0x00, 0x00, 0x00, 0x00, 0x00, 0x00, 0xDF, 0x8F, 0xFF, 0xFF, 0xFF, 0xFF, 0x90, 0x00,
    0xEF, 0x6F, 0xEC, 0xCC, 0xCC, 0xDF, 0x90, 0x02, 0xFD, 0x5F, 0x70, 0x00, 0x00, 0x5F, 0x90, 0x07,
    0xFA, 0x5F, 0x70, 0x00, 0x00, 0x5F, 0x90, 0x0E, 0xF5, 0x5F, 0xDB, 0xBB, 0xBB, 0xDF, 0x90, 0x5F,
    0xE0, 0x5F, 0xFF, 0xFF, 0xFF, 0xFF, 0x90, 0x08, 0x50, 0x4D, 0x60, 0x00, 0x00, 0x4D, 0x70, 0x00,
    0x00, 0x00, 0x00, 0x00, 0x00, 0x00, 0x00, 0x00, 0x00, 0x09, 0xFF, 0xFF, 0xFF, 0xFF, 0x00, 0xFF,
    0xFF, 0xD7, 0xCC, 0xCC, 0xDF, 0xFC, 0x00, 0xFC, 0x0D, 0xD0, 0x87, 0x00, 0x2F, 0xB0, 0x00, 0xFC,
    0x0D, 0xD0, 0xFD, 0x00, 0x2F, 0xB0, 0x00, 0xFC, 0x0D, 0xD2, 0xFB, 0x00, 0x2F, 0xB0, 0x00, 0xFC,
    0x0D, 0xD4, 0xFE, 0xDD, 0xDF, 0xFD, 0x60, 0xFC, 0x0D, 0xD7, 0xFF, 0xFF, 0xFF, 0xFF, 0x80, 0xFC,
    0x0D, 0xD0, 0x00, 0x0E, 0xFF, 0xB0, 0x00, 0xFC, 0x0D, 0xD0, 0x00, 0x9F, 0xFF, 0xB0, 0x00, 0xFF,
    0xFF, 0xD0, 0x06, 0xFF, 0x5F, 0xB0, 0x00, 0xFF, 0xDD, 0xC0, 0x5F, 0xF5, 0x2F, 0xB0, 0x00, 0xFC,
    0x00, 0x08, 0xFF, 0x70, 0x2F, 0xB0, 0x00, 0x22, 0x00, 0xAF, 0xF6, 0x00, 0x3F, 0xB0, 0x00, 0x00,
    0x00, 0x1C, 0x30, 0x8F, 0xFF, 0x90, 0x00, 0x00, 0x00, 0x00, 0x00, 0x3E, 0xEA, 0x10, 0x00, 0x00,
    0x00, 0x00, 0x00, 0x0E, 0xC0, 0x00, 0x00, 0xCD, 0xDD, 0x90, 0x00, 0x0F, 0xD0, 0x00, 0x00, 0xEF,
    0xFF, 0xA0, 0x00, 0x0F, 0xD0, 0x00, 0x00, 0xEC, 0x0F, 0xA0, 0x00, 0x0F, 0xD0, 0x00, 0x00, 0xEC,
    0x0F, 0xA6, 0xFF, 0xFF, 0xFF, 0xFF, 0x00, 0xEC, 0x0F, 0xA6, 0xFD, 0xCF, 0xEB, 0xEF, 0x00, 0xEC,
    0x0F, 0xA6, 0xF4, 0x3F, 0x90, 0xBF, 0x00, 0xEC, 0x0F, 0xA6, 0xF4, 0x7F, 0xA0, 0xBF, 0x00, 0xEC,
    0x0F, 0xA6, 0xF4, 0xBF, 0xF3, 0xBF, 0x00, 0xEC, 0x0F, 0xA6, 0xF7, 0xFF, 0xFC, 0xBF, 0x00, 0xEF,
    0xFF, 0xA6, 0xFE, 0xF8, 0xAF, 0xFF, 0x00, 0xEF, 0xDD, 0x96, 0xFF, 0xE1, 0x2F, 0xEF, 0x00, 0xEC,
    0x00, 0x06, 0xF8, 0x50, 0x01, 0xBF, 0x00, 0x22, 0x00, 0x06, 0xF4, 0x00, 0x00, 0xCF, 0x00, 0x00,
    0x00, 0x06, 0xF4, 0x00, 0xBF, 0xFE, 0x00, 0x00, 0x00, 0x06, 0xE4, 0x00, 0x5C, 0xA4, 0x00, 0xBB,
    0xBB, 0x85, 0xFF, 0xFF, 0xFF, 0xFF, 0x30, 0xFF, 0xFF, 0xB5, 0xFE, 0xBB, 0xBB, 0xBB, 0x20, 0xFC,
    0x0F, 0xB5, 0xF8, 0x41, 0x01, 0xA2, 0x00, 0xFC, 0x0F, 0xB5, 0xFC, 0xFB, 0x06, 0xFB, 0x00, 0xFC,
    0x0F, 0xB5, 0xF8, 0xCF, 0x5B, 0xF4, 0x00, 0xFC, 0x0F, 0xB5, 0xF8, 0x3F, 0xEF, 0xE0, 0x00, 0xFC,
    0x0F, 0xB5, 0xF8, 0x09, 0xFF, 0x80, 0x00, 0xFC, 0x0F, 0xB5, 0xF8, 0x02, 0xFF, 0x40, 0x00, 0xFC,
    0x0F, 0xB5, 0xF8, 0x0A, 0xFF, 0xC0, 0x00, 0xFF, 0xFF, 0xB5, 0xF8, 0x4F, 0xED, 0xF5, 0x00, 0xFF,
    0xCC, 0x95, 0xFB, 0xFF, 0x43, 0xFD, 0x00, 0xEB, 0x00, 0x05, 0xF9, 0xA6, 0x00, 0x72, 0x00, 0x00,
    0x00, 0x05, 0xFD, 0xBB, 0xBB, 0xBB, 0x50, 0x00, 0x00, 0x05, 0xFF, 0xFF, 0xFF, 0xFF, 0x70, 0xBB,
    0xBB, 0x76, 0xFF, 0xFF, 0xFF, 0xFB, 0x00, 0xFF, 0xFF, 0x96, 0xFD, 0xAA, 0xAB, 0xFB, 0x00, 0xFC,
    0x1F, 0x96, 0xF6, 0x16, 0x33, 0xFB, 0x00, 0xFC, 0x1F, 0x96, 0xF6, 0x4F, 0x83, 0xFB, 0x00, 0xFC,
    0x1F, 0x96, 0xF6, 0x4F, 0x83, 0xFB, 0x00, 0xFC, 0x1F, 0x96, 0xF6, 0x4F, 0x83, 0xFB, 0x00, 0xFC,
    0x1F, 0x96, 0xF6, 0x4F, 0x73, 0xFB, 0x00, 0xFC, 0x1F, 0x96, 0xF6, 0x5F, 0x63, 0xFB, 0x00, 0xFC,
    0x1F, 0x96, 0xF6, 0x7F, 0x53, 0xFB, 0x00, 0xFF, 0xFF, 0x96, 0xF6, 0x9F, 0x33, 0xFB, 0x00, 0xFF,
    0xCC, 0x76, 0xF7, 0xDF, 0x03, 0xFB, 0x00, 0xFC, 0x00, 0x00, 0x06, 0xFB, 0x98, 0x00, 0x00, 0x32,
    0x00, 0x00, 0x7F, 0xF3, 0xBF, 0xC2, 0x00, 0x00, 0x00, 0x5F, 0xFF, 0x50, 0x07, 0xFF, 0x30, 0x00,
    0x00, 0x1D, 0x81, 0x00, 0x00, 0x4C, 0x00, 0x00, 0x00, 0x00, 0x00, 0x00, 0x00, 0x00, 0x00, 0x00,
    0x2F, 0xFF, 0xFF, 0xFF, 0xFF, 0xF4, 0x00, 0x00, 0x2F, 0xF9, 0x99, 0x99, 0x9E, 0xF4, 0x00, 0x00,
    0x2F, 0xD0, 0x00, 0x00, 0x0D, 0xF4, 0x00, 0x00, 0x2F, 0xFF, 0xFF, 0xFF, 0xFF, 0xF4, 0x00, 0x00,
    0x1A, 0xAA, 0xAA, 0xAA, 0xAA, 0xA3, 0x00, 0x00, 0xAC, 0xCC, 0xCC, 0xCC, 0xCC, 0xCC, 0x00, 0x00,
    0xDF, 0xFF, 0xFF, 0xFF, 0xFF, 0xFF, 0x00, 0x00, 0xDF, 0x20, 0x02, 0x20, 0x00, 0xFF, 0x00, 0x00,
    0xDF, 0x20, 0x2F, 0xE0, 0x00, 0xFF, 0x00, 0x00, 0xDF, 0x20, 0x3F, 0xE0, 0x00, 0xFF, 0x00, 0x00,
    0xDF, 0x20, 0x7F, 0xC0, 0x00, 0xFF, 0x00, 0x00, 0x89, 0x14, 0xFF, 0x5C, 0xA5, 0x55, 0x00, 0x00,
    0x05, 0xBF, 0xF9, 0x2E, 0xFF, 0xE8, 0x10, 0x0A, 0xFF, 0xFE, 0x60, 0x00, 0x5C, 0xFF, 0xF0, 0x03,
    0xFB, 0x60, 0x00, 0x00, 0x00, 0x3B, 0x80, 0x00, 0x00, 0x00, 0x00, 0x00, 0x00, 0x00, 0x00, 0x00,
    0x00, 0x00, 0x00, 0x7B, 0x30, 0x00, 0x00, 0x00, 0x00, 0x00, 0x00, 0xCF, 0x10, 0x00, 0x00, 0xCF,
    0xFF, 0xE0, 0xFF, 0xFF, 0xFF, 0xF6, 0x00, 0xCF, 0xCF, 0xE0, 0xFE, 0x99, 0x9D, 0xF4, 0x00, 0xCE,
    0x0D, 0xE0, 0xFD, 0x00, 0x09, 0xF3, 0x00, 0xCE, 0x0D, 0xE0, 0xFD, 0x06, 0x8E, 0xF0, 0x00, 0xCE,
    0x0D, 0xE0, 0xFD, 0x07, 0xFF, 0x80, 0x00, 0xCE, 0x0D, 0xE0, 0xFD, 0x00, 0x00, 0x00, 0x00, 0xCE,
    0x0D, 0xE0, 0xFF, 0xFF, 0xFF, 0xFF, 0x00, 0xCE, 0x0D, 0xE0, 0x99, 0x99, 0x99, 0xEF, 0x00, 0xCF,
    0xFF, 0xE0, 0x00, 0x00, 0x00, 0xDF, 0x00, 0xCF, 0x77, 0x7C, 0xFF, 0xFF, 0xFA, 0xDF, 0x00, 0xCE,
    0x00, 0x07, 0x99, 0x99, 0x96, 0xEE, 0x00, 0x00, 0x00, 0x00, 0x00, 0x00, 0x00, 0xFD, 0x00, 0x00,
    0x00, 0x00, 0x00, 0x03, 0x8A, 0xFA, 0x00, 0x00, 0x00, 0x00, 0x00, 0x01, 0xFF, 0xE3, 0x00, 0x00,
    0x00, 0x00, 0x00, 0x00, 0x00, 0x00, 0x00, 0x0D, 0xDD, 0xD8, 0x5F, 0xFF, 0xFF, 0xFF, 0xD0, 0x0F,
    0xFF, 0xF9, 0x5F, 0xCA, 0xAA, 0xAF, 0xD0, 0x0F, 0xA0, 0xF9, 0x5F, 0x50, 0x00, 0x0E, 0xD0, 0x0F,
    0xA0, 0xF9, 0x5F, 0xFF, 0xFF, 0xFF, 0xD0, 0x0F, 0xA0, 0xF9, 0x5F, 0xDB, 0xBB, 0xBB, 0x90, 0x0F,
    0xA0, 0xF9, 0x6F, 0x59, 0xA0, 0x00, 0x00, 0x0F, 0xA0, 0xF9, 0x7F, 0x5D, 0xF0, 0x06, 0x20, 0x0F,
    0xA0, 0xF9, 0x8F, 0x5D, 0xF0, 0x8F, 0xE1, 0x0F, 0xA0, 0xF9, 0x9F, 0x3D, 0xFD, 0xFE, 0x50, 0x0F,
    0xFF, 0xF9, 0xAF, 0x1D, 0xFE, 0x81, 0x00, 0x0F, 0xFD, 0xD8, 0xDF, 0x0D, 0xF0, 0x00, 0x00, 0x0F,
    0xA0, 0x02, 0xFB, 0x0D, 0xF0, 0x04, 0xC3, 0x02, 0x10, 0x09, 0xF6, 0x0D, 0xF0, 0x06, 0xF4, 0x00,
    0x00, 0x2F, 0xD0, 0x0B, 0xFF, 0xFF, 0xF0, 0x00, 0x00, 0x03, 0x30, 0x02, 0x9B, 0xBA, 0x40, 0x88,
    0x88, 0x7A, 0xDD, 0xDD, 0xDD, 0xDD, 0x70, 0xFF, 0xFF, 0xDC, 0xFF, 0xFF, 0xFF, 0xFF, 0x80, 0xFB,
    0x0E, 0xD0, 0x00, 0x00, 0x08, 0xF6, 0x00, 0xFB, 0x0E, 0xD3, 0xAA, 0xAA, 0x48, 0xF6, 0x00, 0xFB,
    0x0E, 0xD4, 0xFF, 0xFF, 0x68, 0xF6, 0x00, 0xFB, 0x0E, 0xD4, 0xF4, 0x3F, 0x68, 0xF6, 0x00, 0xFB,
    0x0E, 0xD4, 0xF4, 0x3F, 0x68, 0xF6, 0x00, 0xFB, 0x0E, 0xD4, 0xF4, 0x3F, 0x68, 0xF6, 0x00, 0xFB,
    0x0E, 0xD4, 0xFC, 0xBF, 0x68, 0xF6, 0x00, 0xFF, 0xFF, 0xD4, 0xFF, 0xFF, 0x68, 0xF6, 0x00, 0xFF,
    0xDD, 0xB4, 0xF4, 0x00, 0x08, 0xF6, 0x00, 0xFB, 0x00, 0x00, 0x20, 0x00, 0x08, 0xF6, 0x00, 0x32,
    0x00, 0x00, 0x00, 0x00, 0x08, 0xF6, 0x00, 0x00, 0x00, 0x00, 0x00, 0x2F, 0xFF, 0xF4, 0x00, 0x00,
    0x00, 0x00, 0x00, 0x0C, 0xED, 0x80, 0x00, 0x00, 0x00, 0x00, 0x00, 0x10, 0x00, 0x00, 0x00, 0x00,
    0x00, 0x00, 0x0A, 0xE3, 0x00, 0x00, 0x00, 0x00, 0x00, 0x01, 0xAF, 0xFA, 0x00, 0x00, 0x00, 0x00,
    0x00, 0x4E, 0xFD, 0xCF, 0xC3, 0x00, 0x00, 0x00, 0x5C, 0xFF, 0xA0, 0x0B, 0xFF, 0xB6, 0x10, 0x6F,
    0xFF, 0xFF, 0xBB, 0xBB, 0xFF, 0xFF, 0xF5, 0x1F, 0xD6, 0x8F, 0xFF, 0xFF, 0xF7, 0x7E, 0xC0, 0x02,
    0x00, 0x00, 0x00, 0x00, 0x00, 0x00, 0x10, 0x02, 0xAA, 0xAA, 0xA1, 0x7A, 0xAA, 0xAA, 0x30, 0x03,
    0xFF, 0xFF, 0xF1, 0xAF, 0xFF, 0xFF, 0x40, 0x03, 0xF8, 0x0A, 0xF1, 0xAF, 0x30, 0x8F, 0x40, 0x03,
    0xF8, 0x0A, 0xF1, 0xAF, 0x30, 0x8F, 0x40, 0x03, 0xF8, 0x0A, 0xF1, 0xAF, 0x30, 0x8F, 0x40, 0x03,
    0xFF, 0xFF, 0xF1, 0xAF, 0x5B, 0xEF, 0x30, 0x03, 0xFD, 0xAA, 0xA1, 0xAF, 0x3E, 0xFA, 0x00, 0x03,
    0xE7, 0x00, 0x00, 0xAF, 0x30, 0x00, 0x00, 0x00, 0x00, 0x00, 0x00, 0xAF, 0x30, 0x00, 0x00, 0x00,
    0x00, 0x00, 0x00, 0x00, 0x00, 0x00, 0x00, 0x00, 0x00, 0x04, 0x80, 0x00, 0x00, 0x00, 0x00, 0x02,
    0x59, 0xEF, 0xF8, 0x00, 0x00, 0x00, 0x00, 0x1F, 0xFF, 0xFC, 0x61, 0xBF, 0xFF, 0xFF, 0xA0, 0x06,
    0x59, 0xF7, 0x00, 0xBF, 0xDD, 0xEF, 0xA0, 0x00, 0x06, 0xF7, 0x00, 0xBF, 0x10, 0x4F, 0xA0, 0x3C,
    0xCD, 0xFE, 0xCA, 0xBF, 0x10, 0x4F, 0xA0, 0x4F, 0xFF, 0xFF, 0xFD, 0xBF, 0x10, 0x4F, 0xA0, 0x00,
    0x2F, 0xFB, 0x00, 0xBF, 0x10, 0x4F, 0xA0, 0x00, 0x8F, 0xFF, 0x80, 0xBF, 0x10, 0x4F, 0xA0, 0x00,
    0xEF, 0xFF, 0xF5, 0xBF, 0x10, 0x4F, 0xA0, 0x08, 0xFC, 0xF9, 0xFC, 0xBF, 0x10, 0x4F, 0xA0, 0x3F,
    0xD7, 0xF7, 0x73, 0xBF, 0x10, 0x4F, 0xA0, 0x7F, 0x56, 0xF7, 0x00, 0xBF, 0xFF, 0xFF, 0xA0, 0x09,
    0x06, 0xF7, 0x00, 0xBF, 0xDD, 0xEF, 0xA0, 0x00, 0x06, 0xF7, 0x00, 0xBF, 0x10, 0x4F, 0xA0, 0x00,
    0x06, 0xF7, 0x00, 0x22, 0x00, 0x00, 0x00, 0x00, 0x00, 0x00, 0x00, 0x0E, 0xC0, 0x00, 0x00, 0x00,
    0x00, 0x00, 0x00, 0x0F, 0xD0, 0x00, 0x00, 0xFF, 0xFF, 0xF1, 0x00, 0x0F, 0xD0, 0x00, 0x00, 0xFF,
    0xCE, 0xF4, 0xCC, 0xDF, 0xFC, 0xCC, 0x60, 0xFC, 0x0A, 0xF5, 0xFF, 0xFF, 0xFF, 0xFF, 0x70, 0xFC,
    0x0A, 0xF1, 0x00, 0x0F, 0xD0, 0x00, 0x00, 0xFC, 0x0A, 0xF1, 0x00, 0x0F, 0xD0, 0x00, 0x00, 0xFC,
    0x0A, 0xF1, 0x00, 0x0F, 0xD0, 0x00, 0x00, 0xFC, 0x0A, 0xF1, 0x8B, 0xCF, 0xFB, 0xBA, 0x00, 0xFC,
    0x0A, 0xF1, 0xBF, 0xFF, 0xFF, 0xFD, 0x00, 0xFF, 0xFF, 0xF1, 0xBF, 0x10, 0x01, 0xFD, 0x00, 0xFF,
    0xCC, 0xC0, 0xBF, 0x10, 0x01, 0xFD, 0x00, 0xFC, 0x00, 0x00, 0xBF, 0x10, 0x01, 0xFD, 0x00, 0x21,
    0x00, 0x00, 0xBF, 0xCB, 0xBC, 0xFD, 0x00, 0x00, 0x00, 0x00, 0xBF, 0xFF, 0xFF, 0xFD, 0x00, 0x00,
    0x00, 0x00, 0xBE, 0x10, 0x01, 0xCB, 0x00, 0x00, 0x00, 0x00, 0x00, 0x6B, 0x50, 0x00, 0x00, 0x0B,
    0xBB, 0xB5, 0x00, 0xEF, 0x30, 0x00, 0x00, 0x0F, 0xFF, 0xF7, 0x08, 0xFF, 0xFF, 0xFF, 0x50, 0x0F,
    0xB3, 0xF7, 0x6F, 0xFB, 0xAA, 0xFF, 0x20, 0x0F, 0xB3, 0xFC, 0xFC, 0xEB, 0x0A, 0xF9, 0x00, 0x0F,
    0xB3, 0xFA, 0xB0, 0x4F, 0xCF, 0xB0, 0x00, 0x0F, 0xB3, 0xF7, 0x00, 0x5F, 0xFF, 0x50, 0x00, 0x0F,
    0xB3, 0xF7, 0x2A, 0xFF, 0xCF, 0xFB, 0x30, 0x0F, 0xB3, 0xFE, 0xFF, 0xE5, 0x04, 0xEF, 0xF7, 0x0F,
    0xB3, 0xFA, 0xE8, 0x1B, 0x71, 0x18, 0xD0, 0x0F, 0xEC, 0xF7, 0x00, 0x3D, 0xFF, 0x80, 0x00, 0x0F,
    0xFF, 0xF7, 0x01, 0x00, 0x4D, 0x70, 0x00, 0x0F, 0xB0, 0x00, 0x1E, 0xFA, 0x40, 0x00, 0x00, 0x0A,
    0x70, 0x00, 0x18, 0xEF, 0xFE, 0x81, 0x00, 0x00, 0x00, 0x00, 0x00, 0x05, 0xCF, 0xFE, 0x00, 0x00,
    0x00, 0x00, 0x00, 0x00, 0x03, 0xB4, 0x00, 0x00, 0x00, 0x00, 0x00, 0x8F, 0x30, 0x00, 0x00, 0x66,
    0x66, 0x49, 0x99, 0xDF, 0xB9, 0x99, 0x10, 0xFF, 0xFF, 0x8F, 0xFF, 0xFF, 0xFF, 0xFF, 0x10, 0xFA,
    0x3F, 0x60, 0x00, 0x8F, 0x30, 0x00, 0x00, 0xFA, 0x3F, 0x69, 0xFF, 0xFF, 0xFF, 0xF8, 0x00, 0xFA,
    0x3F, 0x65, 0x88, 0xCF, 0xA9, 0xF8, 0x00, 0xFA, 0x3F, 0x64, 0x77, 0xCF, 0x99, 0xF8, 0x00, 0xFA,
    0x3F, 0x69, 0xFF, 0xFF, 0xFF, 0xF8, 0x00, 0xFA, 0x3F, 0x6B, 0xF0, 0x9F, 0x20, 0x00, 0x00, 0xFA,
    0x3F, 0x6D, 0xFF, 0xFF, 0xFF, 0xFF, 0x10, 0xFF, 0xFF, 0x67, 0x89, 0xFF, 0xB8, 0xDF, 0x00, 0xFE,
    0xCC, 0x40, 0x06, 0xFF, 0xD4, 0xDE, 0x00, 0xFA, 0x00, 0x00, 0x1E, 0xFA, 0xFE, 0xF7, 0x00, 0x32,
    0x00, 0x02, 0xDF, 0x80, 0xDF, 0x60, 0x00, 0x00, 0x00, 0x9F, 0xF9, 0x00, 0x3F, 0xFE, 0x40, 0x00,
    0x00, 0x4D, 0x40, 0x00, 0x01, 0xAD, 0x00, 0x00, 0x00, 0x00, 0x00, 0x00, 0x00, 0x00, 0x00, 0x00,
    0x00, 0x00, 0x00, 0x00, 0x00, 0x00, 0x00, 0x00, 0x00, 0x00, 0x00, 0x6E, 0x30, 0x00, 0x00, 0xBB,
    0xBB, 0x80, 0x00, 0x5F, 0xB0, 0x00, 0x00, 0xFF, 0xFF, 0xA8, 0xBB, 0xCF, 0xDB, 0xBB, 0x40, 0xFC,
    0x1F, 0xAB, 0xFF, 0xFF, 0xFF, 0xFF, 0x50, 0xFC, 0x1F, 0xA0, 0x3D, 0x60, 0x1B, 0x70, 0x00, 0xFC,
    0x1F, 0xA0, 0xBF, 0x50, 0x1E, 0xF3, 0x00, 0xFC, 0x1F, 0xA5, 0xFC, 0x00, 0x05, 0xFD, 0x00, 0xFC,
    0x1F, 0xCF, 0xF6, 0x10, 0x14, 0xBF, 0x70, 0xFC, 0x1F, 0xBA, 0xDF, 0x70, 0x6F, 0x9A, 0x00, 0xFC,
    0x1F, 0xA0, 0x1F, 0xD0, 0xCF, 0x20, 0x00, 0xFF, 0xFF, 0xA0, 0x09, 0xFB, 0xFB, 0x00, 0x00, 0xFF,
    0xCC, 0x80, 0x01, 0xFF, 0xF2, 0x00, 0x00, 0xFC, 0x00, 0x00, 0x04, 0xEF, 0xF5, 0x00, 0x00, 0x32,
    0x00, 0x01, 0x8F, 0xFB, 0xFF, 0x92, 0x00, 0x00, 0x00, 0x7F, 0xFE, 0x40, 0x5F, 0xFF, 0x50, 0x00,
    0x00, 0x2D, 0x70, 0x00, 0x01, 0x9C, 0x00, 0x00, 0x00, 0x00, 0x00, 0x00, 0x00, 0x00, 0x00, 0x00,
    0x00, 0x00, 0x00, 0x00, 0x00, 0x00, 0x00, 0x00, 0x00, 0x00, 0x5F, 0xA0, 0x00, 0xDD, 0xDD, 0xA0,
    0x00, 0x9F, 0x60, 0x00, 0xFF, 0xFF, 0xC3, 0xDD, 0xFF, 0xDD, 0xDC, 0xFC, 0x0E, 0xC3, 0xFF, 0xFF,
    0xFF, 0xFE, 0xFC, 0x0E, 0xC3, 0xF8, 0x00, 0x00, 0xFE, 0xFC, 0x0E, 0xC3, 0xF8, 0x00, 0x00, 0xFE,
    0xFC, 0x0E, 0xC3, 0xFF, 0xFF, 0xFF, 0xFE, 0xFC, 0x0E, 0xC3, 0xFE, 0xCC, 0xCC, 0xFE, 0xFC, 0x0E,
    0xC3, 0xF8, 0x00, 0x00, 0xFE, 0xFC, 0x0E, 0xC3, 0xFE, 0xCC, 0xCC, 0xFE, 0xFF, 0xFF, 0xC3, 0xFF,
    0xFF, 0xFF, 0xFE, 0xFF, 0xDD, 0xB3, 0xF8, 0x00, 0x00, 0xFE, 0xFC, 0x00, 0x03, 0xF8, 0x00, 0x00,
    0xFE, 0x22, 0x00, 0x03, 0xFE, 0xCC, 0xCC, 0xFE, 0x00, 0x00, 0x03, 0xFF, 0xFF, 0xFF, 0xFE, 0x00,
    0x00, 0x03, 0xF8, 0x00, 0x00, 0xEE, 0x00, 0x00, 0x00, 0x00, 0x00, 0x00, 0x00, 0x00, 0x00, 0x00,
    0x00, 0x00, 0x6D, 0x70, 0x00, 0x00, 0x00, 0x00, 0x00, 0x00, 0x4F, 0xD0, 0x00, 0x00, 0xFF, 0xFF,
    0x9F, 0xFF, 0xFF, 0xFF, 0xFF, 0x50, 0xFE, 0xCF, 0x9B, 0xBC, 0xFF, 0xCB, 0xBB, 0x30, 0xFB, 0x1F,
    0x90, 0x08, 0xF9, 0x02, 0x00, 0x00, 0xFB, 0x1F, 0x90, 0x5F, 0xE1, 0x1E, 0xE1, 0x00, 0xFB, 0x1F,
    0x99, 0xFF, 0xFF, 0xFF, 0x80, 0x00, 0xFB, 0x1F, 0x96, 0xFD, 0xCF, 0xFC, 0x10, 0x00, 0xFB, 0x1F,
    0x90, 0x02, 0xDF, 0xC2, 0xEB, 0x20, 0xFB, 0x1F, 0x90, 0x7F, 0xFB, 0x1B, 0xFD, 0x00, 0xFF, 0xFF,
    0x9D, 0xFF, 0x70, 0xAF, 0xF3, 0x00, 0xFE, 0xCC, 0x76, 0xA2, 0x1B, 0xFF, 0x30, 0x00, 0xFB, 0x00,
    0x00, 0x05, 0xEF, 0xFF, 0x40, 0x00, 0x53, 0x00, 0x05, 0xCF, 0xFC, 0x8F, 0xF6, 0x00, 0x00, 0x00,
    0x9F, 0xFF, 0x70, 0x06, 0xFF, 0x10, 0x00, 0x00, 0x1D, 0x70, 0x00, 0x00, 0x64, 0x00, 0x00, 0x00,
    0x00, 0x00, 0x00, 0x00, 0x00, 0x00, 0x00, 0x00, 0x00, 0x0D, 0x90, 0x00, 0x00, 0x00, 0x0B, 0xBB,
    0xA0, 0x4F, 0x9C, 0xCC, 0xCC, 0x90, 0x0F, 0xFF, 0xF0, 0x9F, 0x4F, 0xFF, 0xFF, 0xC0, 0x0F, 0x68,
    0xF0, 0xEF, 0x00, 0xDC, 0x0E, 0xC0, 0x0F, 0x68, 0xF7, 0xFE, 0x00, 0xDC, 0x0E, 0xC0, 0x0F, 0x68,
    0xFE, 0xFE, 0x9F, 0xFF, 0xFF, 0xF8, 0x0F, 0x68, 0xFF, 0xFE, 0x7C, 0xFF, 0xCF, 0xF6, 0x0F, 0x68,
    0xFE, 0xDE, 0x00, 0xEC, 0x0E, 0xC0, 0x0F, 0x68, 0xF2, 0xCE, 0x00, 0xEC, 0x0E, 0xC0, 0x0F, 0xDD,
    0xF0, 0xCE, 0x3F, 0xFF, 0xFF, 0xC0, 0x0F, 0xFF, 0xF0, 0xCE, 0x2C, 0xFE, 0xCF, 0xC0, 0x0F, 0x60,
    0x00, 0xCE, 0x03, 0xF7, 0x0C, 0x90, 0x08, 0x30, 0x00, 0xCE, 0x07, 0xF3, 0x00, 0x00, 0x00, 0x00,
    0x00, 0xCE, 0x0D, 0xF0, 0x00, 0x00, 0x00, 0x00, 0x00, 0xCE, 0x6F, 0x80, 0x00, 0x00, 0x00, 0x00,
    0x00, 0xCE, 0x1C, 0x00, 0x00, 0x00, 0x00, 0x00, 0x00, 0x00, 0x00, 0x00, 0x00, 0x00, 0x00, 0xAF,
    0xFF, 0xFF, 0xFF, 0xFC, 0x00, 0x00, 0xAF, 0xDD, 0xDD, 0xDD, 0xFC, 0x00, 0x00, 0xAF, 0x20, 0x00,
    0x02, 0xFC, 0x00, 0x00, 0xAF, 0x20, 0x00, 0x02, 0xFC, 0x00, 0x00, 0xAF, 0xFF, 0xFF, 0xFF, 0xFC,
    0x00, 0x00, 0x8D, 0xDD, 0xDD, 0xDD, 0xDA, 0x00, 0x00, 0x00, 0x00, 0x00, 0x00, 0x00, 0x00, 0xBD,
    0xDD, 0xDD, 0x35, 0xDD, 0xDD, 0xDC, 0xEF, 0xFF, 0xFF, 0x36, 0xFF, 0xFF, 0xFE, 0xEE, 0x00, 0xAF,
    0x36, 0xF6, 0x00, 0xFE, 0xEE, 0x00, 0xAF, 0x36, 0xF6, 0x00, 0xFE, 0xEE, 0x00, 0xAF, 0x36, 0xF6,
    0x00, 0xFE, 0xEF, 0xDD, 0xFF, 0x36, 0xFE, 0xDD, 0xFE, 0xEF, 0xFF, 0xFF, 0x36, 0xFF, 0xFF, 0xFE,
    0xDE, 0x00, 0x9D, 0x36, 0xF6, 0x00, 0xDC, 0x00, 0x00, 0x00, 0x00, 0x5E, 0x70, 0x00, 0x00, 0xBB,
    0xBB, 0x70, 0x00, 0x6F, 0x80, 0x00, 0x00, 0xFF, 0xFF, 0x96, 0xFF, 0xFF, 0xFF, 0xF7, 0x00, 0xFB,
    0x0F, 0x95, 0xCC, 0xDF, 0xEC, 0xC6, 0x00, 0xFB, 0x0F, 0x90, 0x00, 0x6F, 0x80, 0x00, 0x00, 0xFB,
    0x0F, 0x90, 0x00, 0x6F, 0x80, 0x00, 0x00, 0xFB, 0x0F, 0x9E, 0xFF, 0xFF, 0xFF, 0xFF, 0x10, 0xFB,
    0x0F, 0x9B, 0xCC, 0xCC, 0xCC, 0xCC, 0x10, 0xFB, 0x0F, 0x90, 0x00, 0x4B, 0x60, 0x00, 0x00, 0xFB,
    0x0F, 0x90, 0x00, 0x6F, 0x80, 0x00, 0x00, 0xFF, 0xFF, 0x9A, 0xFF, 0xFF, 0xFF, 0xFA, 0x00, 0xFF,
    0xCC, 0x78, 0xCC, 0xDF, 0xEC, 0xC8, 0x00, 0xDA, 0x00, 0x00, 0x00, 0x6F, 0x80, 0x00, 0x00, 0x00,
    0x00, 0x8C, 0xCC, 0xDF, 0xEC, 0xCC, 0x40, 0x00, 0x00, 0xBF, 0xFF, 0xFF, 0xFF, 0xFF, 0x50, 0x00,
    0x00, 0x00, 0x00, 0x00, 0x00, 0x00, 0x00, 0x00, 0x00, 0x00, 0x00, 0x6E, 0x60, 0x00, 0x00, 0xBB,
    0xBB, 0x80, 0x00, 0xDF, 0xD0, 0x00, 0x00, 0xFF, 0xFF, 0xA0, 0x07, 0xFE, 0xF9, 0x00, 0x00, 0xFC,
    0x1F, 0xA0, 0x4F, 0xF2, 0xDF, 0x50, 0x00, 0xFC, 0x1F, 0xA3, 0xFF, 0x70, 0x3F, 0xF5, 0x00, 0xFC,
    0x1F, 0xDF, 0xFF, 0xBB, 0xBF, 0xFF, 0x60, 0xFC, 0x1F, 0xCD, 0xBF, 0xFF, 0xFF, 0xAC, 0x00, 0xFC,
    0x1F, 0xA1, 0x00, 0x00, 0x00, 0x00, 0x00, 0xFC, 0x1F, 0xA0, 0x00, 0x00, 0x00, 0x00, 0x00, 0xFC,
    0x1F, 0xA0, 0xFF, 0xFF, 0xFF, 0xF0, 0x00, 0xFF, 0xFF, 0xA0, 0xFF, 0xAA, 0xAF, 0xF0, 0x00, 0xFF,
    0xCC, 0x80, 0xFD, 0x00, 0x0F, 0xF0, 0x00, 0xFC, 0x00, 0x00, 0xFD, 0x00, 0x0F, 0xF0, 0x00, 0x00,
    0x00, 0x00, 0xFF, 0xAA, 0xAF, 0xF0, 0x00, 0x00, 0x00, 0x00, 0xFF, 0xFF, 0xFF, 0xF0, 0x00, 0x00,
    0x00, 0x00, 0xEC, 0x00, 0x0E, 0xE0, 0x00, 0x00, 0x00, 0x00, 0x03, 0xE8, 0x04, 0xE7, 0x00, 0x00,
    0x00, 0x00, 0x03, 0xF8, 0x04, 0xF8, 0x00, 0x0F, 0xFF, 0xFB, 0xFF, 0xFF, 0xFF, 0xFF, 0xF8, 0x0F,
    0xFC, 0xFB, 0xCD, 0xFE, 0xCD, 0xFE, 0xC6, 0x0F, 0xB1, 0xFB, 0x03, 0xF8, 0x04, 0xF8, 0x00, 0x0F,
    0xB1, 0xFB, 0x04, 0x82, 0x01, 0x68, 0x20, 0x0F, 0xB1, 0xFB, 0x0E, 0xD0, 0x00, 0x8F, 0x70, 0x0F,
    0xB1, 0xFB, 0x09, 0xF3, 0x00, 0xDF, 0x10, 0x0F, 0xB1, 0xFB, 0x04, 0xFA, 0x04, 0xFB, 0x00, 0x0F,
    0xFC, 0xFB, 0x00, 0xCF, 0x5D, 0xF3, 0x00, 0x0F, 0xFF, 0xFB, 0x00, 0x4F, 0xFF, 0x90, 0x00, 0x0F,
    0xB0, 0x00, 0x00, 0x0D, 0xFF, 0x10, 0x00, 0x07, 0x50, 0x00, 0x02, 0xCF, 0xFF, 0xD2, 0x00, 0x00,
    0x00, 0x03, 0x9F, 0xFE, 0x6E, 0xFF, 0x81, 0x00, 0x00, 0x0A, 0xFF, 0xB1, 0x01, 0xDF, 0xF6, 0x00,
    0x00, 0x02, 0xB3, 0x00, 0x00, 0x06, 0xA0, 0x00, 0x00, 0x00, 0x0B, 0x50, 0x6D, 0x30, 0x00, 0x1F,
    0xFF, 0xB0, 0x4F, 0x70, 0xAF, 0x20, 0x00, 0x1F, 0xBE, 0xB0, 0x9F, 0x20, 0xDF, 0x00, 0x00, 0x1F,
    0x5C, 0xB0, 0xEC, 0x01, 0xFF, 0xEE, 0xE3, 0x1F, 0x5C, 0xB4, 0xF6, 0xB6, 0xFD, 0xCE, 0xF3, 0x1F,
    0x5C, 0xBC, 0xFA, 0xFF, 0xF2, 0x09, 0xF3, 0x1F, 0x5C, 0xBD, 0xFF, 0xF6, 0xB0, 0x09, 0xF2, 0x1F,
    0x5C, 0xB2, 0x4F, 0x80, 0xCA, 0x09, 0xF2, 0x1F, 0x5C, 0xB0, 0xBE, 0x00, 0xAF, 0x2A, 0xF1, 0x1F,
    0x5C, 0xB6, 0xFD, 0xCA, 0x4F, 0x8B, 0xF1, 0x1F, 0xBE, 0xBC, 0xFF, 0xFA, 0x0E, 0xEC, 0xF0, 0x1F,
    0xFF, 0xB4, 0x52, 0x00, 0x05, 0x3C, 0xF0, 0x1F, 0x50, 0x00, 0x37, 0xCE, 0x00, 0x0E, 0xE0, 0x05,
    0x20, 0x0E, 0xFF, 0xEA, 0x00, 0x3F, 0xC0, 0x00, 0x00, 0x0A, 0x94, 0x00, 0x0E, 0xFF, 0x70, 0x00,
    0x00, 0x00, 0x00, 0x00, 0x06, 0xA7, 0x00, 0x00, 0x00, 0x00, 0x00, 0x00, 0x00, 0x00, 0x00, 0x00,
    0x00, 0x00, 0x00, 0x05, 0xF6, 0x00, 0x00, 0x0E, 0xEE, 0xE8, 0x8A, 0xAB, 0xFE, 0xAA, 0xA4, 0x0F,
    0xFF, 0xF9, 0xDF, 0xFF, 0xFF, 0xFF, 0xF7, 0x0F, 0xA0, 0xF9, 0x00, 0x00, 0x00, 0x00, 0x00, 0x0F,
    0xA0, 0xF9, 0x0C, 0xFF, 0xFF, 0xFF, 0x70, 0x0F, 0xA0, 0xF9, 0x0C, 0xF4, 0x44, 0x8F, 0x70, 0x0F,
    0xA0, 0xF9, 0x0C, 0xFF, 0xFF, 0xFF, 0x70, 0x0F, 0xA0, 0xF9, 0x03, 0x44, 0x44, 0x44, 0x20, 0x0F,
    0xA0, 0xF9, 0x18, 0x88, 0x88, 0x89, 0x10, 0x0F, 0xEB, 0xF9, 0x2F, 0xFF, 0xFF, 0xFF, 0x80, 0x0F,
    0xFF, 0xF9, 0x00, 0x00, 0x7F, 0xF6, 0x00, 0x0F, 0xA0, 0x00, 0x00, 0x02, 0xFD, 0x10, 0x00, 0x06,
    0x40, 0x00, 0x00, 0x02, 0xFB, 0x00, 0x00, 0x00, 0x00, 0x00, 0x00, 0x02, 0xFB, 0x00, 0x00, 0x00,
    0x00, 0x00, 0x00, 0x8A, 0xFA, 0x00, 0x00, 0x00, 0x00, 0x00, 0x00, 0xCF, 0xD4, 0x00, 0x00, 0x00,
    0x00, 0x00, 0x00, 0xCC, 0x10, 0x00, 0x00, 0x00, 0x00, 0x00, 0x05, 0xFF, 0x99, 0x94, 0x00, 0x0F,
    0xFF, 0xF4, 0x1E, 0xFF, 0xFF, 0xFE, 0x00, 0x0F, 0xED, 0xF5, 0xCF, 0x80, 0x0C, 0xF5, 0x00, 0x0F,
    0x85, 0xFB, 0xFF, 0x76, 0x8F, 0xF7, 0x20, 0x0F, 0x85, 0xF5, 0xCF, 0xFF, 0xFF, 0xFF, 0x50, 0x0F,
    0x85, 0xF4, 0x7F, 0x46, 0xF5, 0x7F, 0x50, 0x0F, 0x85, 0xF4, 0x7F, 0x47, 0xF5, 0x7F, 0x50, 0x0F,
    0x85, 0xF4, 0x7F, 0x47, 0xF4, 0x7F, 0x50, 0x0F, 0x85, 0xF7, 0xCF, 0xBD, 0xFB, 0xCF, 0xB1, 0x0F,
    0xDC, 0xF9, 0xFF, 0xFF, 0xFF, 0xFF, 0xF2, 0x0F, 0xFF, 0xF4, 0x00, 0x6F, 0xFC, 0x00, 0x00, 0x0F,
    0x80, 0x00, 0x04, 0xFE, 0x9F, 0xB0, 0x00, 0x09, 0x50, 0x00, 0x6F, 0xF3, 0x0A, 0xFD, 0x40, 0x00,
    0x00, 0x0C, 0xFE, 0x40, 0x00, 0xAF, 0xF5, 0x00, 0x00, 0x06, 0xA1, 0x00, 0x00, 0x04, 0x90, 0x00,
    0x00, 0x00, 0x00, 0x00, 0x00, 0x00, 0x00, 0x00, 0x00, 0x00, 0x00, 0x9F, 0x20, 0x00, 0x00, 0xBB,
    0xBB, 0x6A, 0xAA, 0xDF, 0xDA, 0xAA, 0x50, 0xFF, 0xFF, 0x8F, 0xFF, 0xFF, 0xFF, 0xFF, 0x70, 0xF9,
    0x3F, 0x60, 0x1E, 0xF4, 0x3F, 0x80, 0x00, 0xF9, 0x3F, 0x61, 0xCF, 0x61, 0x3F, 0xF3, 0x00, 0xF9,
    0x3F, 0x7E, 0xFF, 0xFF, 0xFF, 0xFE, 0x00, 0xF9, 0x3F, 0x6D, 0xFF, 0xEC, 0xBA, 0xCF, 0x30, 0xF9,
    0x3F, 0x64, 0x76, 0x66, 0x66, 0x75, 0x00, 0xF9, 0x3F, 0x64, 0xFF, 0xFF, 0xFF, 0xF5, 0x00, 0xF9,
    0x3F, 0x64, 0xFA, 0x44, 0x4A, 0xF5, 0x00, 0xFF, 0xFF, 0x64, 0xFF, 0xFF, 0xFF, 0xF5, 0x00, 0xFE,
    0xCC, 0x44, 0xF7, 0x00, 0x07, 0xF5, 0x00, 0xF9, 0x00, 0x04, 0xFF, 0xFF, 0xFF, 0xF5, 0x00, 0x32,
    0x00, 0x04, 0xFA, 0x55, 0x5A, 0xF5, 0x00, 0x00, 0x00, 0x04, 0xF7, 0x03, 0x7C, 0xF4, 0x00, 0x00,
    0x00, 0x04, 0xF7, 0x03, 0xFF, 0xB0, 0x00, 0x00, 0x00, 0x00, 0x10, 0x00, 0x00, 0x00, 0x00, 0x00,
    0x00, 0x02, 0x66, 0x66, 0x66, 0x65, 0x00, 0xAB, 0xBB, 0x66, 0xFF, 0xFF, 0xFF, 0xFD, 0x00, 0xEF,
    0xFF, 0x86, 0xF3, 0x2F, 0x70, 0xED, 0x00, 0xED, 0x2F, 0x86, 0xFF, 0xFF, 0xFF, 0xFD, 0x00, 0xED,
    0x2F, 0x86, 0xF7, 0x7F, 0xA5, 0xED, 0x00, 0xED, 0x2F, 0x86, 0xF9, 0x8F, 0xB6, 0xFD, 0x00, 0xED,
    0x2F, 0x86, 0xFF, 0xFF, 0xFF, 0xFD, 0x00, 0xED, 0x2F, 0x80, 0x00, 0x00, 0x00, 0x00, 0x00, 0xED,
    0x2F, 0x9A, 0xAA, 0xAA, 0xAA, 0xAA, 0x50, 0xED, 0x2F, 0xAF, 0xFF, 0xFF, 0xFF, 0xFF, 0x80, 0xEF,
    0xFF, 0x80, 0xFC, 0x0B, 0xF1, 0x25, 0x00, 0xEF, 0xCC, 0x60, 0xFC, 0x06, 0xFB, 0xFF, 0x20, 0xED,
    0x00, 0x00, 0xFC, 0x00, 0xEF, 0xC2, 0x00, 0x22, 0x00, 0x04, 0xFD, 0x8A, 0x6F, 0xE2, 0x00, 0x00,
    0x00, 0x09, 0xFF, 0xFE, 0x09, 0xFF, 0x60, 0x00, 0x00, 0x04, 0xD8, 0x40, 0x00, 0x7E, 0x10, 0x00,
    0x00, 0x00, 0x00, 0x00, 0x00, 0x00, 0x00, 0x00, 0x00, 0x00, 0x00, 0x01, 0xDA, 0x00, 0x00, 0x1D,
    0xDD, 0xD2, 0x00, 0x02, 0xFB, 0x00, 0x00, 0x1F, 0xFF, 0xF8, 0xFF, 0xFF, 0xFF, 0xFF, 0xF8, 0x1F,
    0x85, 0xF6, 0xAA, 0xAC, 0xFC, 0xAA, 0xA6, 0x1F, 0x85, 0xF3, 0x00, 0x07, 0xF4, 0x00, 0x00, 0x1F,
    0x85, 0xF3, 0xEF, 0xFF, 0xFF, 0xFF, 0xF3, 0x1F, 0x85, 0xF3, 0xEE, 0xAD, 0x9D, 0xBD, 0xF3, 0x1F,
    0x85, 0xF3, 0xEC, 0x7E, 0x0C, 0xC9, 0xF3, 0x1F, 0x85, 0xF3, 0xEC, 0x2F, 0x6F, 0x48, 0xF3, 0x1F,
    0x85, 0xF3, 0xEC, 0xAF, 0xFF, 0xE8, 0xF3, 0x1F, 0xFF, 0xF3, 0xEC, 0x37, 0xFA, 0x58, 0xF3, 0x1F,
    0xED, 0xD3, 0xEC, 0x57, 0xFA, 0x59, 0xF3, 0x1F, 0x80, 0x00, 0xEC, 0xDF, 0xFF, 0xFA, 0xF3, 0x00,
    0x00, 0x00, 0xEC, 0x02, 0xF7, 0x08, 0xF3, 0x00, 0x00, 0x00, 0xEC, 0x02, 0xF7, 0x8D, 0xF2, 0x00,
    0x00, 0x00, 0xCA, 0x00, 0x00, 0x8F, 0xA0, 0x00, 0x00, 0x05, 0x77, 0x77, 0x77, 0x77, 0x00, 0xBB,
    0xBB, 0x6B, 0xFF, 0xFF, 0xFF, 0xFE, 0x00, 0xFF, 0xFF, 0x8B, 0xF0, 0x00, 0x00, 0xDE, 0x00, 0xFC,
    0x3F, 0x8B, 0xF7, 0x77, 0x77, 0xEE, 0x00, 0xFC, 0x3F, 0x8B, 0xFF, 0xFF, 0xFF, 0xFE, 0x00, 0xFC,
    0x3F, 0x8B, 0xF6, 0x66, 0x66, 0x66, 0x30, 0xFC, 0x3F, 0x8B, 0xFF, 0xFF, 0xFF, 0xFF, 0x60, 0xFC,
    0x3F, 0x8C, 0xE0, 0xCF, 0x36, 0xC0, 0x00, 0xFC, 0x3F, 0x8D, 0xEA, 0xFB, 0x59, 0xF7, 0x00, 0xFC,
    0x3F, 0x8E, 0xCD, 0xFF, 0xFF, 0xFF, 0x00, 0xFF, 0xFF, 0x8F, 0xA4, 0x29, 0xF3, 0x24, 0x00, 0xFF,
    0xCC, 0xAF, 0x86, 0x6B, 0xF8, 0x66, 0x00, 0xFC, 0x00, 0x7F, 0x5F, 0xFF, 0xFF, 0xFE, 0x00, 0x11,
    0x00, 0xDF, 0x00, 0x08, 0xF2, 0x00, 0x00, 0x00, 0x06, 0xF9, 0xFF, 0xFF, 0xFF, 0xFF, 0x70, 0x00,
    0x01, 0xA1, 0x78, 0x88, 0x88, 0x88, 0x30, 0x00, 0x00, 0x00, 0x00, 0x00, 0x00, 0x00, 0x00, 0x00,
    0x00, 0x00, 0x3A, 0x30, 0x97, 0x00, 0x00, 0xFF, 0xFF, 0x02, 0xED, 0x10, 0x9F, 0x91, 0x00, 0xFC,
    0xCF, 0x5F, 0xF5, 0xC4, 0x0A, 0xFF, 0x60, 0xF7, 0x8F, 0xAD, 0x3C, 0xF5, 0xA4, 0x5D, 0x20, 0xF7,
    0x8F, 0x01, 0xBF, 0x51, 0xDF, 0x40, 0x00, 0xF7, 0x8F, 0x0C, 0xFF, 0xFF, 0xFF, 0xE2, 0x00, 0xF7,
    0x8F, 0x08, 0xDB, 0x97, 0x66, 0xC2, 0x00, 0xF7, 0x8F, 0x58, 0x88, 0x85, 0x88, 0x88, 0x00, 0xF7,
    0x8F, 0xAF, 0xFF, 0xEA, 0xFF, 0xFF, 0x00, 0xF7, 0x8F, 0x4C, 0x0B, 0xE1, 0x50, 0xAF, 0x00, 0xFC,
    0xCF, 0x2E, 0xBB, 0xE5, 0xF7, 0xAF, 0x00, 0xFF, 0xFF, 0x04, 0x6E, 0xE0, 0x7C, 0xDF, 0x00, 0xF7,
    0x00, 0x2A, 0xFF, 0xF5, 0xCF, 0xFF, 0x00, 0x73, 0x00, 0xEF, 0x8C, 0xFE, 0xF8, 0xBF, 0x00, 0x00,
    0x00, 0x42, 0x6D, 0xE4, 0x36, 0xDF, 0x00, 0x00, 0x00, 0x00, 0xDE, 0x80, 0x0E, 0xF8, 0x00, 0x00,
    0x00, 0x00, 0x00, 0x00, 0x00, 0x00, 0x00, 0x00, 0x00, 0x00, 0x00, 0x0A, 0xD0, 0x00, 0x00, 0x0F,
    0xFF, 0x78, 0x88, 0x8C, 0xFA, 0x88, 0x83, 0x0F, 0xBF, 0x7F, 0xFF, 0xFF, 0xFF, 0xFF, 0xF5, 0x0F,
    0x5D, 0x7F, 0x90, 0x84, 0x00, 0x74, 0x00, 0x0F, 0x5D, 0x7F, 0x90, 0xE8, 0x00, 0xE8, 0x00, 0x0F,
    0x5D, 0x7F, 0xA5, 0xFB, 0x35, 0xFB, 0x50, 0x0F, 0x5D, 0x7F, 0xBF, 0xFF, 0x9F, 0xFF, 0xF0, 0x0F,
    0x5D, 0x7F, 0x93, 0xFE, 0x05, 0xFC, 0x00, 0x0F, 0x5D, 0x7F, 0x87, 0xFF, 0x88, 0xFF, 0x00, 0x0F,
    0x5D, 0x8F, 0x7C, 0xFD, 0xFD, 0xFF, 0x30, 0x0F, 0xBF, 0x9F, 0xAF, 0xF8, 0x8F, 0xFF, 0x80, 0x0F,
    0xFF, 0xAF, 0xFB, 0xE8, 0x7C, 0xED, 0xD0, 0x0F, 0x50, 0x6F, 0xD4, 0xE9, 0xE7, 0xE9, 0xF4, 0x06,
    0x20, 0xAF, 0x20, 0xE9, 0xB0, 0xE8, 0x81, 0x00, 0x00, 0xFB, 0x00, 0xE8, 0x00, 0xE8, 0x00, 0x00,
    0x00, 0x54, 0x00, 0xE7, 0x00, 0xD8, 0x00, 0x00, 0x00, 0x00, 0x00, 0x00, 0x00, 0x00, 0x00, 0x00,
    0x00, 0x00, 0x00, 0x8F, 0x60, 0x00, 0x00, 0x11, 0x11, 0x5F, 0xFF, 0xFF, 0xFF, 0xFF, 0x20, 0xFF,
    0xFF, 0x75, 0x55, 0xBF, 0x95, 0x55, 0x10, 0xFB, 0x4F, 0x5C, 0xFF, 0xFF, 0xFF, 0xFB, 0x00, 0xFB,
    0x4F, 0x54, 0x55, 0x55, 0x55, 0x53, 0x00, 0xFB, 0x4F, 0x56, 0xFF, 0xFF, 0xFF, 0xF5, 0x00, 0xFB,
    0x4F, 0x56, 0xF7, 0x22, 0x29, 0xF5, 0x00, 0xFB, 0x4F, 0x56, 0xFF, 0xFF, 0xFF, 0xF5, 0x00, 0xFB,
    0x4F, 0x51, 0xBF, 0x32, 0x7F, 0x90, 0x00, 0xFB, 0x4F, 0x50, 0x6F, 0x30, 0x9F, 0x20, 0x00, 0xFF,
    0xFF, 0xBF, 0xFF, 0xFF, 0xFF, 0xFF, 0x70, 0xFD, 0x99, 0x55, 0x55, 0x55, 0x55, 0x55, 0x20, 0xFB,
    0x00, 0x09, 0xFF, 0xFF, 0xFF, 0xF8, 0x00, 0x00, 0x00, 0x09, 0xF7, 0x44, 0x48, 0xF8, 0x00, 0x00,
    0x00, 0x09, 0xFF, 0xFF, 0xFF, 0xF8, 0x00, 0x00, 0x00, 0x07, 0xD6, 0x44, 0x47, 0xC6, 0x00, 0x0B,
    0xBB, 0xB5, 0x9F, 0xFF, 0xFF, 0xFF, 0xE0, 0x0F, 0xFF, 0xF6, 0x9F, 0x78, 0xF8, 0x6E, 0xE0, 0x0F,
    0x92, 0xF6, 0x9F, 0xB8, 0xF7, 0xEE, 0xE0, 0x0F, 0x92, 0xF6, 0x9F, 0x8B, 0xFB, 0xBD, 0xE0, 0x0F,
    0x92, 0xF6, 0x9F, 0x24, 0xF7, 0x3D, 0xE0, 0x0F, 0x92, 0xF6, 0x9F, 0xFF, 0xFF, 0xFF, 0xE0, 0x0F,
    0x92, 0xF6, 0x46, 0x69, 0xFA, 0x66, 0x50, 0x0F, 0x92, 0xF6, 0x7F, 0xFF, 0xFF, 0xFF, 0xB0, 0x0F,
    0xEC, 0xF6, 0x49, 0x9B, 0xFC, 0x99, 0x70, 0x0F, 0xFF, 0xF7, 0x44, 0x48, 0xF7, 0x00, 0x00, 0x0F,
    0x90, 0x02, 0xFF, 0xFF, 0xFF, 0xFF, 0xF5, 0x06, 0x40, 0x01, 0xEC, 0xAA, 0xAD, 0xAE, 0xB3, 0x00,
    0x00, 0x00, 0xEE, 0x7F, 0x6F, 0x5F, 0xA0, 0x00, 0x00, 0x07, 0xF7, 0x5F, 0x3F, 0x7A, 0xF2, 0x00,
    0x00, 0x05, 0xD0, 0x3C, 0x2A, 0x63, 0xC3, 0x00, 0x00, 0x00, 0x00, 0x00, 0x00, 0x00, 0x00, 0x00,
    0x00, 0x00, 0x1E, 0x90, 0x00, 0x00, 0x00, 0xBB, 0xBB, 0x50, 0xBF, 0xFF, 0xFC, 0x00, 0x00, 0xFF,
    0xFF, 0x69, 0xF9, 0x38, 0xF8, 0x00, 0x00, 0xFB, 0x3F, 0xEF, 0xFF, 0xFF, 0xFF, 0xFC, 0x00, 0xFB,
    0x3F, 0x9E, 0xF3, 0x5F, 0x71, 0xFC, 0x00, 0xFB, 0x3F, 0x68, 0xFF, 0xFF, 0xFF, 0xFC, 0x00, 0xFB,
    0x3F, 0x68, 0xF2, 0x4F, 0x71, 0xFC, 0x00, 0xFB, 0x3F, 0x68, 0xFF, 0xFF, 0xFF, 0xFC, 0x00, 0xFB,
    0x3F, 0x74, 0x44, 0x44, 0x44, 0x44, 0x10, 0xFB, 0x3F, 0x9F, 0xFF, 0xFF, 0xFF, 0xFF, 0x30, 0xFF,
    0xFF, 0x62, 0xFF, 0xFF, 0xFF, 0xF6, 0x00, 0xFC, 0x22, 0x12, 0xFA, 0x44, 0x48, 0xF6, 0x00, 0xC8,
    0x00, 0x02, 0xFF, 0xFF, 0xFF, 0xF6, 0x00, 0x00, 0x00, 0x02, 0xFA, 0x33, 0x38, 0xF6, 0x00, 0x00,
    0x00, 0x02, 0xFF, 0xFF, 0xFF, 0xF6, 0x00, 0x00, 0x00, 0x02, 0xC8, 0x44, 0x47, 0xC4, 0x00, 0x01,
    0xFF, 0xFF, 0xF3, 0x5F, 0xFF, 0xFF, 0x20, 0x01, 0xFD, 0x9D, 0xF3, 0x5F, 0xC9, 0xEF, 0x20, 0x01,
    0xF9, 0x09, 0xF3, 0x5F, 0x50, 0xBF, 0x20, 0x01, 0xFF, 0xFF, 0xF3, 0x5F, 0xFF, 0xFF, 0x20, 0x00,
    0x99, 0x99, 0xE8, 0x5A, 0xFE, 0xA9, 0x10, 0x00, 0x00, 0x01, 0xFF, 0x11, 0xDF, 0xA0, 0x00, 0x2A,
    0xAA, 0xAC, 0xFE, 0xAA, 0xAF, 0xEA, 0xA3, 0x4F, 0xFF, 0xFF, 0xFF, 0xFF, 0xFF, 0xFF, 0xF4, 0x00,
    0x3C, 0xFB, 0x10, 0x04, 0xFF, 0x81, 0x00, 0x4C, 0xFF, 0xFA, 0xA2, 0x3A, 0xCF, 0xFF, 0xA4, 0x2F,
    0xFF, 0xFF, 0xF3, 0x5F, 0xFF, 0xFF, 0xF2, 0x02, 0xFA, 0x09, 0xF3, 0x5F, 0x60, 0xBF, 0x50, 0x01,
    0xFA, 0x09, 0xF3, 0x5F, 0x60, 0xBF, 0x20, 0x01, 0xFF, 0xFF, 0xF3, 0x5F, 0xFF, 0xFF, 0x20, 0x01,
    0xFE, 0xAD, 0xE3, 0x5F, 0xCA, 0xDE, 0x20, 0x00, 0x00, 0x00, 0x00, 0x00, 0x00, 0x00, 0x00, 0xAD,
    0xDD, 0xDD, 0xDD, 0xDD, 0xDD, 0xDA, 0xCF, 0xFF, 0xFF, 0xFF, 0xFF, 0xFF, 0xFB, 0xCF, 0x20, 0xBF,
    0x14, 0xF8, 0x04, 0xFB, 0xCF, 0x20, 0xCF, 0x14, 0xF8, 0x04, 0xFB, 0xCF, 0x20, 0xDF, 0x04, 0xF8,
    0x04, 0xFB, 0xCF, 0x20, 0xFF, 0x04, 0xF8, 0x04, 0xFB, 0xCF, 0x21, 0xFC, 0x04, 0xF8, 0x04, 0xFB,
    0xCF, 0x27, 0xF9, 0x04, 0xF9, 0x04, 0xFB, 0xCF, 0x7F, 0xF2, 0x01, 0xFF, 0xFF, 0xFB, 0xCF, 0xAF,
    0x70, 0x00, 0x59, 0x9B, 0xFB, 0xCF, 0x23, 0x00, 0x00, 0x00, 0x04, 0xFB, 0xCF, 0xDD, 0xDD, 0xDD,
    0xDD, 0xDE, 0xFB, 0xCF, 0xFF, 0xFF, 0xFF, 0xFF, 0xFF, 0xFB, 0xCF, 0x20, 0x00, 0x00, 0x00, 0x04,
    0xFB, 0x34, 0x00, 0x00, 0x00, 0x00, 0x00, 0x11, 0xDF, 0xFF, 0xFF, 0xFF, 0xFF, 0xFF, 0xFD, 0xDF,
    0xFF, 0xFF, 0xFF, 0xFF, 0xFF, 0xFD, 0xDF, 0x10, 0x00, 0x00, 0x00, 0x03, 0xFD, 0xDF, 0x10, 0x00,
    0x00, 0x00, 0x03, 0xFD, 0xDF, 0x15, 0xFF, 0xFF, 0xFF, 0x33, 0xFD, 0xDF, 0x15, 0xFD, 0xAA, 0xEF,
    0x33, 0xFD, 0xDF, 0x15, 0xF7, 0x00, 0xBF, 0x33, 0xFD, 0xDF, 0x15, 0xF7, 0x00, 0xBF, 0x33, 0xFD,
    0xDF, 0x15, 0xFD, 0xAA, 0xEF, 0x33, 0xFD, 0xDF, 0x15, 0xFF, 0xFF, 0xFF, 0x33, 0xFD, 0xDF, 0x10,
    0x00, 0x00, 0x00, 0x03, 0xFD, 0xDF, 0x10, 0x00, 0x00, 0x00, 0x03, 0xFD, 0xDF, 0xCC, 0xCC, 0xCC,
    0xCC, 0xCD, 0xFD, 0xDF, 0xFF, 0xFF, 0xFF, 0xFF, 0xFF, 0xFD, 0xDF, 0x10, 0x00, 0x00, 0x00, 0x03,
    0xFD, 0xDF, 0xFF, 0xFF, 0xFF, 0xFF, 0xFF, 0xFE, 0xDF, 0xBB, 0xBB, 0xBB, 0xBB, 0xBB, 0xFE, 0xDE,
    0x00, 0x00, 0x9B, 0x00, 0x00, 0xFE, 0xDE, 0x00, 0x00, 0xEF, 0x00, 0x00, 0xFE, 0xDE, 0x3B, 0xBB,
    0xFF, 0xBB, 0xB3, 0xFE, 0xDE, 0x5F, 0xFF, 0xFF, 0xFF, 0xF4, 0xFE, 0xDE, 0x00, 0x03, 0xFB, 0x00,
    0x00, 0xFE, 0xDE, 0x00, 0x08, 0xFF, 0x70, 0x00, 0xFE, 0xDE, 0x00, 0x1F, 0xFD, 0xF8, 0x00, 0xFE,
    0xDE, 0x02, 0xDF, 0x81, 0xDF, 0x70, 0xFE, 0xDE, 0x3F, 0xFD, 0x00, 0x1E, 0xF3, 0xFE, 0xDE, 0x0A,
    0xA0, 0x00, 0x03, 0x70, 0xFE, 0xDF, 0x99, 0x99, 0x99, 0x99, 0x99, 0xFE, 0xDF, 0xFF, 0xFF, 0xFF,
    0xFF, 0xFF, 0xFE, 0xCD, 0x00, 0x00, 0x00, 0x00, 0x00, 0xDC, 0xCF, 0xFF, 0xFF, 0xFF, 0xFF, 0xFF,
    0xFD, 0xCF, 0xCC, 0xCC, 0xCC, 0xCC, 0xCD, 0xFD, 0xCF, 0x10, 0x00, 0xA9, 0x00, 0x02, 0xFD, 0xCF,
    0x10, 0x00, 0xED, 0x00, 0x02, 0xFD, 0xCF, 0x4F, 0xFF, 0xFF, 0xFF, 0xF5, 0xFD, 0xCF, 0x38, 0x88,
    0xFF, 0x88, 0x84, 0xFD, 0xCF, 0x10, 0x00, 0xED, 0x00, 0x02, 0xFD, 0xCF, 0x17, 0xFF, 0xFF, 0xFF,
    0x82, 0xFD, 0xCF, 0x17, 0xF8, 0x66, 0x9F, 0x82, 0xFD, 0xCF, 0x17, 0xF3, 0x00, 0x3F, 0x82, 0xFD,
    0xCF, 0x17, 0xFF, 0xFF, 0xFF, 0x82, 0xFD, 0xCF, 0x13, 0x66, 0x66, 0x66, 0x32, 0xFD, 0xCF, 0xCC,
    0xCC, 0xCC, 0xCC, 0xCC, 0xFD, 0xCF, 0xFF, 0xFF, 0xFF, 0xFF, 0xFF, 0xFD, 0xBE, 0x10, 0x00, 0x00,
    0x00, 0x02, 0xEC, 0xCF, 0xFF, 0xFF, 0xFF, 0xFF, 0xFF, 0xFB, 0xCF, 0xCC, 0xCC, 0xCC, 0xCC, 0xCD,
    0xFB, 0xCF, 0x2A, 0xAA, 0xAA, 0xAA, 0x94, 0xFB, 0xCF, 0x2F, 0xFF, 0xFF, 0xFF, 0xD4, 0xFB, 0xCF,
    0x20, 0x00, 0xFC, 0x00, 0x04, 0xFB, 0xCF, 0x20, 0x00, 0xFC, 0x00, 0x04, 0xFB, 0xCF, 0x29, 0xFF,
    0xFF, 0xFF, 0x84, 0xFB, 0xCF, 0x26, 0x99, 0xFE, 0xAE, 0x54, 0xFB, 0xCF, 0x20, 0x00, 0xFC, 0x5F,
    0x64, 0xFB, 0xCF, 0x48, 0x88, 0xFE, 0x8E, 0xB6, 0xFB, 0xCF, 0x5F, 0xFF, 0xFF, 0xFF, 0xF7, 0xFB,
    0xCF, 0x20, 0x00, 0x00, 0x00, 0x04, 0xFB, 0xCF, 0xCC, 0xCC, 0xCC, 0xCC, 0xCD, 0xFB, 0xCF, 0xFF,
    0xFF, 0xFF, 0xFF, 0xFF, 0xFB, 0xBE, 0x20, 0x00, 0x00, 0x00, 0x04, 0xEA, 0xDF, 0xFF, 0xFF, 0xFF,
    0xFF, 0xFF, 0xFD, 0xDF, 0xBB, 0xBE, 0xBB, 0xBB, 0xBB, 0xFD, 0xDF, 0x00, 0x3F, 0xC0, 0x00, 0x00,
    0xFD, 0xDF, 0x03, 0xEF, 0xFF, 0xFF, 0xE3, 0xFD, 0xDF, 0x7F, 0xFE, 0x77, 0xEF, 0x91, 0xFD, 0xDF,
    0x4C, 0x8F, 0xDD, 0xF8, 0x00, 0xFD, 0xDF, 0x03, 0x8E, 0xFF, 0xF8, 0x41, 0xFD, 0xDF, 0xEF, 0xFF,
    0x85, 0xCF, 0xFD, 0xFD, 0xDF, 0x68, 0x4E, 0xFC, 0x63, 0x63, 0xFD, 0xDF, 0x00, 0x43, 0x5A, 0xF2,
    0x00, 0xFD, 0xDF, 0x07, 0xFF, 0xFC, 0x95, 0x00, 0xFD, 0xDF, 0x00, 0x14, 0x7B, 0xFF, 0x50, 0xFD,
    0xDF, 0xAA, 0xAA, 0xAA, 0xBE, 0xAB, 0xFD, 0xDF, 0xFF, 0xFF, 0xFF, 0xFF, 0xFF, 0xFD, 0xBD, 0x00,
    0x00, 0x00, 0x00, 0x00, 0xDB, 0x00, 0x00, 0x00, 0x00, 0x00, 0x00, 0x00, 0x00, 0x00, 0x00, 0x03,
    0xE8, 0x00, 0x00, 0x00, 0x00, 0x00, 0x00, 0x09, 0xF9, 0x00, 0x00, 0x00, 0x00, 0x1D, 0xDD, 0xDF,
    0xFE, 0xDD, 0xDD, 0xDD, 0xD2, 0x1F, 0xFF, 0xFF, 0xFF, 0xFF, 0xFF, 0xFF, 0xF2, 0x00, 0x00, 0xEF,
    0x40, 0x01, 0x20, 0x00, 0x00, 0x00, 0x07, 0xFC, 0x00, 0x0A, 0xF4, 0x00, 0x00, 0x00, 0x1F, 0xF4,
    0x00, 0x0A, 0xF4, 0x00, 0x00, 0x00, 0xBF, 0xD0, 0x00, 0x0A, 0xF4, 0x00, 0x00, 0x0A, 0xFF, 0xA0,
    0xEF, 0xFF, 0xFF, 0xFF, 0x70, 0x7F, 0xFF, 0xA0, 0xBC, 0xCE, 0xFD, 0xCC, 0x60, 0x1E, 0x8F, 0xA0,
    0x00, 0x0A, 0xF4, 0x00, 0x00, 0x01, 0x4F, 0xA0, 0x00, 0x0A, 0xF4, 0x00, 0x00, 0x00, 0x4F, 0xA0,
    0x00, 0x0A, 0xF4, 0x00, 0x00, 0x00, 0x4F, 0xA0, 0x00, 0x0A, 0xF4, 0x00, 0x00, 0x00, 0x4F, 0xA8,
    0xFF, 0xFF, 0xFF, 0xFF, 0xF1, 0x00, 0x4F, 0xA6, 0xCC, 0xCC, 0xCC, 0xCC, 0xC1, 0x00, 0x6B, 0x20,
    0x00, 0x01, 0xFA, 0x00, 0x00, 0x00, 0x9F, 0x30, 0x14, 0x21, 0xFA, 0x00, 0x00, 0x00, 0x9F, 0x30,
    0x4F, 0x81, 0xFA, 0x00, 0x00, 0x00, 0x9F, 0x30, 0x4F, 0x81, 0xFB, 0x6E, 0xB0, 0x7F, 0xFF, 0xFD,
    0x4F, 0x83, 0xFF, 0xFF, 0xE0, 0x6D, 0xEF, 0xDA, 0x4F, 0xEF, 0xFF, 0x9F, 0xE0, 0x00, 0x9F, 0x34,
    0xCF, 0xFF, 0xFA, 0x0F, 0xD0, 0x00, 0x9F, 0x39, 0xFF, 0xB2, 0xFA, 0x0F, 0xD0, 0x00, 0x9F, 0x33,
    0xAF, 0x81, 0xFA, 0x0F, 0xD0, 0x00, 0x9F, 0x9A, 0x4F, 0x81, 0xFB, 0x9F, 0xB0, 0x03, 0xCF, 0xFF,
    0x4F, 0x81, 0xFA, 0xCD, 0x40, 0x8F, 0xFF, 0xB2, 0x4F, 0x81, 0xFA, 0x00, 0x10, 0x4F, 0xD4, 0x00,
    0x4F, 0x90, 0x00, 0x01, 0xF6, 0x07, 0x00, 0x00, 0x3F, 0xB0, 0x00, 0x06, 0xF7, 0x00, 0x00, 0x00,
    0x0E, 0xFF, 0xFF, 0xFF, 0xF2, 0x00, 0x00, 0x00, 0x03, 0x9B, 0xBB, 0xBA, 0x40, 0x00, 0x5B, 0x30,
    0x00, 0x00, 0xAD, 0x10, 0x00, 0x00, 0x7F, 0x40, 0x00, 0x00, 0xCF, 0x20, 0x00, 0x00, 0x7F, 0x40,
    0x00, 0x00, 0xCF, 0x20, 0x00, 0x00, 0x7F, 0x40, 0x00, 0x00, 0xCF, 0x20, 0x00, 0x7F, 0xFF, 0xFF,
    0x7F, 0x80, 0xCF, 0x20, 0x00, 0x6D, 0xEF, 0xED, 0x7F, 0x80, 0xCF, 0x20, 0x00, 0x00, 0x7F, 0x40,
    0x5F, 0x80, 0xCF, 0xFF, 0xF3, 0x00, 0x7F, 0x40, 0x5F, 0x80, 0xCF, 0xDD, 0xD3, 0x00, 0x7F, 0x40,
    0x5F, 0x80, 0xCF, 0x20, 0x00, 0x00, 0x7F, 0x9B, 0x5F, 0x80, 0xCF, 0x20, 0x00, 0x04, 0xCF, 0xFF,
    0x7F, 0x80, 0xCF, 0x20, 0x00, 0x7F, 0xFF, 0x92, 0x5F, 0x80, 0xCF, 0x20, 0x00, 0x1D, 0x71, 0x00,
    0x5F, 0x80, 0xCF, 0x20, 0x00, 0x00, 0x00, 0x0D, 0xEF, 0xED, 0xFF, 0xDD, 0xD7, 0x00, 0x00, 0x0F,
    0xFF, 0xFF, 0xFF, 0xFF, 0xF8, 0x00, 0x00, 0x00, 0x00, 0x00, 0x00, 0x3C, 0x60, 0x08, 0xFF, 0xFF,
    0xFF, 0xB3, 0xF8, 0x4F, 0x80, 0x06, 0xCF, 0xDB, 0xFE, 0x83, 0xF8, 0x4F, 0x80, 0x00, 0x4F, 0x72,
    0xF9, 0x03, 0xF8, 0x4F, 0x80, 0x1A, 0xCF, 0xDB, 0xFE, 0xA4, 0xF8, 0x4F, 0x80, 0x1F, 0xFF, 0xFF,
    0xFF, 0xF5, 0xF8, 0x4F, 0x80, 0x00, 0xCF, 0x22, 0xF9, 0x03, 0xE7, 0x4F, 0x80, 0x07, 0xFC, 0x02,
    0xF9, 0x00, 0x00, 0x5F, 0x80, 0x2F, 0xF3, 0x02, 0xF9, 0x00, 0x2F, 0xFF, 0x60, 0x05, 0x30, 0x00,
    0x4F, 0xF0, 0x09, 0xA7, 0x00, 0x00, 0x7B, 0xBB, 0xBF, 0xFB, 0xBB, 0xB7, 0x00, 0x00, 0xAF, 0xFF,
    0xFF, 0xFF, 0xFF, 0xF9, 0x00, 0x00, 0x00, 0x00, 0x0F, 0xF0, 0x00, 0x00, 0x00, 0x3C, 0xCC, 0xCC,
    0xCF, 0xFC, 0xCC, 0xCC, 0xC2, 0x4F, 0xFF, 0xFF, 0xFF, 0xFF, 0xFF, 0xFF, 0xF3, 0x00, 0x06, 0xE7,
    0x00, 0x00, 0x6E, 0x70, 0x00, 0x05, 0x8B, 0xFC, 0x88, 0x88, 0xCF, 0xC8, 0x60, 0x09, 0xFF, 0xFF,
    0xFF, 0xFF, 0xFF, 0xFF, 0xB0, 0x00, 0x06, 0xFA, 0x55, 0x55, 0xAF, 0x80, 0x00, 0x00, 0x06, 0xFF,
    0xFF, 0xFF, 0xFF, 0x80, 0x00, 0x00, 0x06, 0xF7, 0x00, 0x00, 0x7F, 0x80, 0x00, 0x00, 0x06, 0xFF,
    0xFF, 0xFF, 0xFF, 0x80, 0x00, 0x00, 0x06, 0xFA, 0x55, 0x55, 0xAF, 0x80, 0x00, 0x7F, 0xFF, 0xFF,
    0xFF, 0xFF, 0xFF, 0xFF, 0xF7, 0x49, 0x9D, 0xFD, 0x9A, 0xA9, 0xCF, 0xE9, 0x94, 0x00, 0x8F, 0xF2,
    0x0F, 0xE0, 0x0D, 0xFA, 0x10, 0x4D, 0xFE, 0xEF, 0xFF, 0xFF, 0xFE, 0xDF, 0xF5, 0x1E, 0xD2, 0x78,
    0x8F, 0xF8, 0x87, 0x1B, 0xD0, 0x02, 0x00, 0x00, 0x0F, 0xE0, 0x00, 0x00, 0x10, 0x00, 0xFF, 0xFF,
    0xFF, 0xFF, 0xFF, 0xFF, 0x30, 0x00, 0x99, 0x99, 0x99, 0x99, 0x99, 0x99, 0x10, 0x00, 0x00, 0x00,
    0x00, 0x00, 0x00, 0x00, 0x00, 0x00, 0x00, 0x0A, 0xE6, 0x00, 0x00, 0x00, 0x00, 0x00, 0x00, 0x8F,
    0xFB, 0xAA, 0xAA, 0x70, 0x00, 0x00, 0x1A, 0xFF, 0xFF, 0xFF, 0xFF, 0xE1, 0x00, 0x07, 0xEF, 0xFD,
    0x20, 0x07, 0xFF, 0x40, 0x00, 0x07, 0xF9, 0x9F, 0xF9, 0xCF, 0xF4, 0x00, 0x00, 0x00, 0x20, 0x1B,
    0xFF, 0xFF, 0x93, 0x00, 0x00, 0x37, 0xAD, 0xFF, 0xFD, 0xEF, 0xFF, 0xFC, 0xA5, 0x6F, 0xFF, 0xEA,
    0x40, 0x03, 0x9D, 0xFF, 0xF3, 0x08, 0xCD, 0xAA, 0xAA, 0xAA, 0xAA, 0xB8, 0x40, 0x00, 0xAF, 0xFF,
    0xFF, 0xFF, 0xFF, 0xF6, 0x00, 0x00, 0xAF, 0x50, 0x0F, 0xE0, 0x0A, 0xF6, 0x00, 0x00, 0xAF, 0xFF,
    0xFF, 0xFF, 0xFF, 0xF6, 0x00, 0x00, 0xAF, 0xA7, 0x8F, 0xF7, 0x7D, 0xF6, 0x00, 0x00, 0xAF, 0x50,
    0x0F, 0xE0, 0x0A, 0xF6, 0x00, 0x00, 0xAF, 0xFF, 0xFF, 0xFF, 0xFF, 0xF6, 0x00, 0x00, 0xAF, 0xCA,
    0xAA, 0xAA, 0xAE, 0xF6, 0x00, 0x00, 0x00, 0x00, 0x00, 0x00, 0x00, 0x00, 0x00, 0x00, 0x06, 0xC4,
    0x00, 0x00, 0x00, 0x00, 0x00, 0x00, 0x1E, 0xFB, 0x88, 0x88, 0x88, 0x88, 0x60, 0x00, 0xBF, 0xFF,
    0xFF, 0xFF, 0xFF, 0xFF, 0xB0, 0x0B, 0xFD, 0x00, 0x00, 0x00, 0x00, 0x00, 0x00, 0x2F, 0xEE, 0xFF,
    0xFF, 0xFF, 0xFF, 0xFA, 0x00, 0x04, 0x2D, 0xF5, 0x44, 0x44, 0x48, 0xFA, 0x00, 0x00, 0x0D, 0xFF,
    0xFF, 0xFF, 0xFF, 0xFA, 0x00, 0x00, 0x0D, 0xF3, 0x22, 0x22, 0x27, 0xFA, 0x00, 0x00, 0x0D, 0xFF,
    0xFF, 0xFF, 0xFF, 0xFA, 0x00, 0x00, 0x03, 0xAF, 0xC4, 0x44, 0x44, 0x42, 0x00, 0x00, 0x07, 0xFF,
    0xFF, 0xFF, 0xFF, 0xE3, 0x00, 0x03, 0xCF, 0xFF, 0x86, 0x67, 0xEF, 0xC0, 0x00, 0x02, 0xE8, 0x3E,
    0xF8, 0x7F, 0xFA, 0x10, 0x00, 0x00, 0x24, 0x6A, 0xFF, 0xFF, 0xD7, 0x53, 0x10, 0x6F, 0xFF, 0xFF,
    0xD9, 0x8C, 0xFF, 0xFF, 0xF4, 0x1C, 0xA8, 0x52, 0x00, 0x00, 0x14, 0x68, 0x70, 0x00, 0x00, 0x00,
    0x00, 0x00, 0x00, 0x00, 0x00, 0x00, 0x0E, 0xD0, 0x00, 0x09, 0xF6, 0x00, 0x00, 0x00, 0x3F, 0xD0,
    0x00, 0x09, 0xF6, 0x00, 0x00, 0x00, 0x8F, 0xFC, 0xCC, 0x79, 0xF6, 0x00, 0x00, 0x00, 0xCF, 0xFF,
    0xFF, 0x99, 0xF6, 0x00, 0x00, 0x02, 0xFD, 0x00, 0xAF, 0x69, 0xF7, 0x00, 0x00, 0x0A, 0xF7, 0x00,
    0xDF, 0x39, 0xFE, 0xC0, 0x00, 0x3F, 0xF4, 0x01, 0xFF, 0x09, 0xFF, 0xFB, 0x00, 0x4E, 0xAE, 0xC7,
    0xFC, 0x09, 0xF9, 0xEF, 0x90, 0x02, 0x1C, 0xFF, 0xF6, 0x09, 0xF6, 0x4F, 0xF6, 0x00, 0x00, 0xBF,
    0xF1, 0x09, 0xF6, 0x07, 0xC1, 0x00, 0x00, 0xCF, 0xA0, 0x09, 0xF6, 0x00, 0x00, 0x00, 0x09, 0xFF,
    0x20, 0x09, 0xF6, 0x00, 0x00, 0x00, 0x7F, 0xF6, 0x00, 0x09, 0xF6, 0x00, 0x00, 0x2C, 0xFF, 0xB0,
    0x00, 0x09, 0xF6, 0x00, 0x00, 0x2E, 0xF9, 0x00, 0x00, 0x09, 0xF6, 0x00, 0x00, 0x03, 0x60, 0x00,
    0x00, 0x09, 0xF6, 0x00, 0x00, 0x00, 0x00, 0x00, 0x00, 0x00, 0x00, 0x00, 0x00, 0x00, 0x00, 0x00,
    0x8E, 0x80, 0x00, 0x00, 0x00, 0x00, 0x00, 0x0A, 0xFF, 0xCA, 0xAB, 0x60, 0x00, 0x00, 0x05, 0xEF,
    0xFF, 0xFF, 0xFF, 0xC0, 0x00, 0x03, 0xDF, 0xF7, 0x00, 0x06, 0xFF, 0x20, 0x00, 0x00, 0xCB, 0x4D,
    0xA0, 0x8F, 0xF5, 0x00, 0x00, 0x00, 0x10, 0x1D, 0xFF, 0xFF, 0x50, 0x00, 0x00, 0x00, 0x01, 0x6C,
    0xFF, 0xDB, 0x93, 0x00, 0x00, 0x08, 0xCF, 0xFF, 0xD5, 0x8F, 0xF2, 0x00, 0x00, 0x08, 0xFE, 0x94,
    0x1A, 0xFF, 0xFF, 0xFF, 0xC1, 0x00, 0x20, 0x07, 0xEF, 0xDB, 0xBB, 0xFF, 0xC0, 0x00, 0x09, 0xFF,
    0xF8, 0x10, 0x06, 0xFF, 0x30, 0x00, 0x07, 0xE8, 0x4E, 0xE4, 0x9F, 0xF5, 0x00, 0x00, 0x00, 0x00,
    0x09, 0xFF, 0xFD, 0x30, 0x00, 0x00, 0x13, 0x59, 0xDF, 0xFF, 0x90, 0x00, 0x00, 0x0E, 0xFF, 0xFF,
    0xFD, 0x72, 0x00, 0x00, 0x00, 0x09, 0xEB, 0x96, 0x20, 0x00, 0x00, 0x00, 0x00, 0x00, 0x00, 0x00,
    0x00, 0x00, 0x00, 0x00, 0x00, 0x00, 0x00, 0x00, 0x1E, 0xE0, 0x00, 0x00, 0x00, 0x00, 0x00, 0x00,
    0x2F, 0xF0, 0x00, 0x00, 0x00, 0x00, 0x00, 0x00, 0x2F, 0xE0, 0x00, 0x00, 0x00, 0x00, 0x00, 0x00,
    0x3F, 0xD0, 0x00, 0x00, 0x00, 0x00, 0x00, 0x00, 0x3F, 0xD0, 0x00, 0x00, 0x00, 0x1F, 0xFF, 0xFF,
    0xFF, 0xFF, 0xFF, 0xFF, 0xF2, 0x1F, 0xFF, 0xFF, 0xFF, 0xFF, 0xFF, 0xFF, 0xF2, 0x00, 0x00, 0x00,
    0xBF, 0xFA, 0x00, 0x00, 0x00, 0x00, 0x00, 0x01, 0xFF, 0xFF, 0x10, 0x00, 0x00, 0x00, 0x00, 0x07,
    0xFC, 0xAF, 0x90, 0x00, 0x00, 0x00, 0x00, 0x1F, 0xF6, 0x3F, 0xF3, 0x00, 0x00, 0x00, 0x00, 0xBF,
    0xD0, 0x0A, 0xFE, 0x10, 0x00, 0x00, 0x0B, 0xFF, 0x30, 0x01, 0xEF, 0xE2, 0x00, 0x04, 0xDF, 0xF5,
    0x00, 0x00, 0x3F, 0xFF, 0x70, 0x2F, 0xFE, 0x50, 0x00, 0x00, 0x03, 0xEF, 0xF2, 0x04, 0xA1, 0x00,
    0x00, 0x00, 0x00, 0x19, 0x50, 0x06, 0xFF, 0xFF, 0xFF, 0xFF, 0xFF, 0xFF, 0x50, 0x06, 0xFF, 0xFF,
    0xFF, 0xFF, 0xFF, 0xFF, 0x50, 0x00, 0x00, 0x00, 0x2F, 0xD0, 0x00, 0x00, 0x00, 0x00, 0x00, 0x00,
    0x2F, 0xD0, 0x00, 0x00, 0x00, 0x00, 0x00, 0x00, 0x2F, 0xD0, 0x00, 0x00, 0x00, 0x0F, 0xFF, 0xFF,
    0xFF, 0xFF, 0xFF, 0xFF, 0xF0, 0x0F, 0xFF, 0xFF, 0xFF, 0xFF, 0xFF, 0xFF, 0xF0, 0x00, 0x00, 0x00,
    0xCF, 0xF9, 0x00, 0x00, 0x00, 0x00, 0x00, 0x03, 0xFF, 0xFF, 0x20, 0x00, 0x00, 0x00, 0x00, 0x0D,
    0xFA, 0x8F, 0xC0, 0x00, 0x00, 0x00, 0x00, 0xAF, 0xF2, 0x1E, 0xFA, 0x00, 0x00, 0x00, 0x1B, 0xFF,
    0x60, 0x04, 0xFF, 0xC2, 0x00, 0x07, 0xFF, 0xF7, 0x00, 0x00, 0x6F, 0xFF, 0xA3, 0x3F, 0xFE, 0x50,
    0x00, 0x00, 0x04, 0xEF, 0xF3, 0x07, 0x70, 0x00, 0x00, 0x00, 0x00, 0x06, 0x70, 0x00, 0x08, 0x61,
    0x1E, 0xD0, 0x00, 0x00, 0x00, 0x00, 0x2F, 0xF1, 0x1F, 0xE0, 0x00, 0x00, 0x00, 0x00, 0x7F, 0xD0,
    0x1F, 0xE0, 0x00, 0x00, 0x00, 0x00, 0xCF, 0xFF, 0xFF, 0xFF, 0xFF, 0xFD, 0x00, 0x05, 0xFF, 0xFF,
    0xFF, 0xFF, 0xFF, 0xFD, 0x00, 0x0D, 0xF8, 0x00, 0x1F, 0xE0, 0x00, 0x00, 0x00, 0x1C, 0xF1, 0x00,
    0x2F, 0xE0, 0x00, 0x00, 0x00, 0x00, 0x30, 0x00, 0x3F, 0xD0, 0x00, 0x00, 0x00, 0x3F, 0xFF, 0xFF,
    0xFF, 0xFF, 0xFF, 0xFF, 0xF3, 0x3F, 0xFF, 0xFF, 0xFF, 0xFF, 0xFF, 0xFF, 0xF3, 0x00, 0x00, 0x01,
    0xFF, 0xFE, 0x10, 0x00, 0x00, 0x00, 0x00, 0x0C, 0xFC, 0xAF, 0xB0, 0x00, 0x00, 0x00, 0x01, 0xCF,
    0xF2, 0x1E, 0xFB, 0x10, 0x00, 0x01, 0x7F, 0xFF, 0x40, 0x02, 0xEF, 0xF8, 0x20, 0x3F, 0xFF, 0xC2,
    0x00, 0x00, 0x2C, 0xFF, 0xF6, 0x09, 0xA4, 0x00, 0x00, 0x00, 0x00, 0x5B, 0xB0, 0x00, 0x00, 0x00,
    0x00, 0x00, 0x00, 0x00, 0x00, 0x00, 0x02, 0x10, 0x00, 0xBD, 0x20, 0x00, 0x00, 0x00, 0x0D, 0xFA,
    0x10, 0xDF, 0x20, 0x00, 0x00, 0x00, 0x08, 0xFF, 0xF3, 0xDF, 0x20, 0x00, 0x00, 0x00, 0x00, 0x19,
    0xD0, 0xDF, 0x20, 0x00, 0x00, 0x02, 0xD7, 0x00, 0x10, 0xDF, 0x10, 0x00, 0x00, 0x07, 0xFF, 0xE4,
    0x00, 0xFF, 0x00, 0x00, 0x00, 0x00, 0x2B, 0xFD, 0x00, 0xFE, 0x00, 0x00, 0x00, 0x00, 0x00, 0x73,
    0x02, 0xFD, 0x00, 0x00, 0x00, 0x3F, 0xFF, 0xFF, 0xFF, 0xFF, 0xFF, 0xFF, 0xF4, 0x2C, 0xCC, 0xCC,
    0xCF, 0xFD, 0xCC, 0xCC, 0xC3, 0x00, 0x00, 0x00, 0x3F, 0xF0, 0x00, 0x00, 0x00, 0x00, 0x00, 0x01,
    0xDF, 0x8B, 0x91, 0x00, 0x00, 0x00, 0x00, 0x3D, 0xFB, 0x2D, 0xFF, 0x91, 0x00, 0x00, 0x4A, 0xFF,
    0xB0, 0x00, 0x6E, 0xFE, 0x50, 0x2E, 0xFF, 0xE6, 0x00, 0x00, 0x00, 0x9F, 0xF2, 0x09, 0xB5, 0x00,
    0x00, 0x00, 0x00, 0x04, 0x50, 0x00, 0x00, 0x00, 0x0F, 0xF1, 0x00, 0x00, 0x00, 0x00, 0x00, 0x00,
    0x0F, 0xF1, 0x00, 0x00, 0x00, 0x08, 0xDD, 0xDD, 0xDF, 0xFE, 0xDD, 0xDD, 0x70, 0x09, 0xFF, 0xFF,
    0xFF, 0xFF, 0xFF, 0xFF, 0x80, 0x00, 0x19, 0x70, 0x0F, 0xF0, 0x0B, 0xA2, 0x00, 0x00, 0x1F, 0xE0,
    0x1F, 0xF0, 0x0F, 0xE0, 0x00, 0x00, 0x0C, 0xF2, 0x3F, 0xE0, 0x6F, 0x80, 0x00, 0x00, 0x08, 0xC3,
    0x4F, 0xC0, 0x8F, 0x10, 0x00, 0x3F, 0xFF, 0xFF, 0xFF, 0xFF, 0xFF, 0xFF, 0xF3, 0x3F, 0xFF, 0xFF,
    0xFF, 0xFF, 0xFF, 0xFF, 0xF3, 0x00, 0x00, 0x03, 0xFF, 0xFF, 0x20, 0x00, 0x00, 0x00, 0x00, 0x1D,
    0xFA, 0x8F, 0xC1, 0x00, 0x00, 0x00, 0x02, 0xCF, 0xE2, 0x0D, 0xFD, 0x20, 0x00, 0x02, 0x8F, 0xFF,
    0x30, 0x01, 0xEF, 0xF9, 0x40, 0x2F, 0xFF, 0xC2, 0x00, 0x00, 0x1B, 0xFF, 0xF2, 0x07, 0xB4, 0x00,
    0x00, 0x00, 0x00, 0x4A, 0x60, 0x00, 0x00, 0x00, 0x00, 0x00, 0x00, 0x00, 0x00, 0x00, 0xAF, 0x20,
    0x00, 0x00, 0x8C, 0x00, 0x00, 0x00, 0xCF, 0x00, 0x05, 0x81, 0xAF, 0x00, 0x00, 0x00, 0xEE, 0x00,
    0x09, 0xF2, 0xAF, 0x00, 0x00, 0x4C, 0xFF, 0xCC, 0x49, 0xF2, 0xAF, 0x49, 0x80, 0x5F, 0xFF, 0xFF,
    0x49, 0xF5, 0xDF, 0xFF, 0xF0, 0x05, 0xF6, 0x8F, 0x5B, 0xFF, 0xFF, 0xCE, 0xF0, 0x08, 0xF3, 0xAF,
    0xEF, 0xFF, 0xEF, 0x0C, 0xF0, 0x0B, 0xF1, 0xCF, 0x9F, 0xF2, 0xAF, 0x0C, 0xF0, 0x0E, 0xE0, 0xFD,
    0x09, 0xF2, 0xAF, 0x0C, 0xF0, 0x2F, 0xE5, 0xFA, 0x09, 0xF2, 0xAF, 0x0D, 0xE0, 0x0A, 0xFF, 0xF5,
    0x09, 0xF2, 0xAF, 0xBF, 0xC0, 0x00, 0x7F, 0xF6, 0x09, 0xF2, 0xAF, 0x7B, 0x40, 0x00, 0x9F, 0xFF,
    0x59, 0xF2, 0x34, 0x02, 0xE4, 0x06, 0xFE, 0x8F, 0x38, 0xF4, 0x00, 0x06, 0xF5, 0x6F, 0xF4, 0x03,
    0x05, 0xFF, 0xFF, 0xFF, 0xF1, 0x0B, 0x30, 0x00, 0x00, 0x7B, 0xBB, 0xBA, 0x40, 0x00, 0x9E, 0x30,
    0x00, 0x00, 0x00, 0x00, 0x00, 0x00, 0xCF, 0x20, 0x07, 0xFF, 0xFF, 0xFF, 0xB0, 0x00, 0xEF, 0x00,
    0x05, 0xBB, 0xBB, 0xFF, 0xC0, 0x5B, 0xFF, 0xBC, 0xB0, 0x00, 0x05, 0xFF, 0x20, 0x7F, 0xFF, 0xFF,
    0xF0, 0x00, 0x2F, 0xF4, 0x00, 0x07, 0xF6, 0x0F, 0xE0, 0x00, 0xAF, 0x70, 0x00, 0x0A, 0xF3, 0x1F,
    0xC0, 0x00, 0xBF, 0x40, 0x00, 0x0D, 0xF0, 0x4F, 0xAC, 0xCC, 0xFF, 0xDC, 0xC6, 0x1F, 0xE0, 0x8F,
    0x6F, 0xFF, 0xFF, 0xFF, 0xF8, 0x2E, 0xFB, 0xDF, 0x00, 0x00, 0xBF, 0x40, 0x00, 0x02, 0xDF, 0xFB,
    0x00, 0x00, 0xBF, 0x40, 0x00, 0x00, 0x1F, 0xFE, 0x10, 0x00, 0xBF, 0x40, 0x00, 0x00, 0x8F, 0xFF,
    0xD0, 0x00, 0xBF, 0x40, 0x00, 0x07, 0xFF, 0x4E, 0xE1, 0x00, 0xBF, 0x40, 0x00, 0x7F, 0xF5, 0x03,
    0x40, 0xBC, 0xFF, 0x30, 0x00, 0x1B, 0x30, 0x00, 0x00, 0x9F, 0xE8, 0x00, 0x00, 0x00, 0x2E, 0xA0,
    0x00, 0x00, 0x00, 0x00, 0x00, 0x00, 0x4F, 0x90, 0x00, 0x00, 0x00, 0x00, 0x00, 0x00, 0x6F, 0x70,
    0x00, 0x9F, 0xFF, 0xFF, 0xE0, 0x4B, 0xDF, 0xDB, 0xC9, 0x9F, 0xDD, 0xDF, 0xE0, 0x6F, 0xFF, 0xFF,
    0xFC, 0x9F, 0x30, 0x0F, 0xE0, 0x00, 0xFD, 0x02, 0xFB, 0x9F, 0x30, 0x0F, 0xE0, 0x02, 0xFA, 0x05,
    0xF9, 0x9F, 0x30, 0x0F, 0xE0, 0x06, 0xF6, 0x08, 0xF6, 0x9F, 0x30, 0x0F, 0xE0, 0x0A, 0xF6, 0x0C,
    0xF2, 0x9F, 0x30, 0x0F, 0xE0, 0x07, 0xFF, 0x8F, 0xD0, 0x9F, 0x30, 0x0F, 0xE0, 0x00, 0x6F, 0xFF,
    0x80, 0x9F, 0x30, 0x0F, 0xE0, 0x00, 0x07, 0xFF, 0x90, 0x9F, 0x30, 0x0F, 0xE0, 0x00, 0x2E, 0xFF,
    0xF8, 0x9F, 0xDC, 0xCF, 0xE0, 0x06, 0xEF, 0xB5, 0xF5, 0x9F, 0xFF, 0xFF, 0xE0, 0x3F, 0xFB, 0x00,
    0x30, 0x9F, 0x30, 0x0F, 0xE0, 0x09, 0x60, 0x00, 0x00, 0x46, 0x10, 0x01, 0x10, 0x00, 0xAD, 0x00,
    0x00, 0x0A, 0xB3, 0x00, 0x00, 0x00, 0xDE, 0x00, 0x00, 0x2F, 0xF1, 0x00, 0x00, 0x00, 0xFC, 0x00,
    0x00, 0x8F, 0x90, 0x63, 0x00, 0x5C, 0xFE, 0xCB, 0x21, 0xFF, 0x12, 0xFD, 0x00, 0x6F, 0xFF, 0xFF,
    0x29, 0xF7, 0x00, 0x8F, 0x70, 0x07, 0xF4, 0xAF, 0x6F, 0xFC, 0xCE, 0xFF, 0xF0, 0x0A, 0xF1, 0xCF,
    0x8F, 0xFF, 0xFF, 0xFF, 0xF6, 0x0D, 0xE0, 0xEE, 0x3C, 0x97, 0x53, 0x23, 0xE5, 0x0F, 0xC1, 0xFB,
    0x00, 0x00, 0x00, 0x00, 0x10, 0x1F, 0xFB, 0xF8, 0x0D, 0xFF, 0xFF, 0xFF, 0xA0, 0x02, 0xEF, 0xF3,
    0x0D, 0xFB, 0xBB, 0xCF, 0xA0, 0x00, 0x3F, 0xF9, 0x0D, 0xE0, 0x00, 0x2F, 0xA0, 0x00, 0xCF, 0xFF,
    0x5D, 0xE0, 0x00, 0x2F, 0xA0, 0x1B, 0xFB, 0x2B, 0x0D, 0xFA, 0xAA, 0xBF, 0xA0, 0x3F, 0xD1, 0x00,
    0x0D, 0xFF, 0xFF, 0xFF, 0xA0, 0x07, 0x10, 0x00, 0x0B, 0xC0, 0x00, 0x2D, 0x80, 0x00, 0x00, 0x00,
    0x00, 0x00, 0x00, 0x00, 0x00, 0x00, 0x9D, 0xDD, 0xDD, 0xDD, 0xDD, 0xE6, 0x00, 0x00, 0xAF, 0xFF,
    0xFF, 0xFF, 0xFF, 0xFB, 0x00, 0x00, 0x00, 0x00, 0x00, 0x19, 0xFF, 0x90, 0x00, 0x00, 0x00, 0x00,
    0x05, 0xEF, 0xE5, 0x00, 0x00, 0x00, 0x00, 0x00, 0x0E, 0xF9, 0x10, 0x00, 0x00, 0x00, 0x00, 0x00,
    0x0E, 0xF1, 0x00, 0x00, 0x00, 0x4E, 0xEE, 0xEE, 0xEF, 0xFE, 0xEE, 0xEE, 0xE4, 0x4F, 0xFF, 0xFF,
    0xFF, 0xFF, 0xFF, 0xFF, 0xF5, 0x00, 0x00, 0x00, 0x0E, 0xF1, 0x00, 0x00, 0x00, 0x00, 0x00, 0x00,
    0x0E, 0xF1, 0x00, 0x00, 0x00, 0x00, 0x00, 0x00, 0x0E, 0xF1, 0x00, 0x00, 0x00, 0x00, 0x00, 0x00,
    0x0E, 0xF1, 0x00, 0x00, 0x00, 0x00, 0x00, 0x00, 0x0F, 0xF1, 0x00, 0x00, 0x00, 0x00, 0x00, 0xDF,
    0xFF, 0xF0, 0x00, 0x00, 0x00, 0x00, 0x00, 0x7F, 0xFC, 0x40, 0x00, 0x00, 0x00, 0x00, 0x00, 0x00,
    0x00, 0x00, 0x00, 0x00, 0x00, 0x00, 0x00, 0x00, 0x00, 0x00, 0x00, 0x00, 0x00, 0x00, 0x03, 0xB9,
    0x00, 0x00, 0x00, 0x00, 0x00, 0x02, 0xFF, 0x20, 0x00, 0x00, 0xEF, 0xFF, 0xFF, 0xFF, 0xFF, 0xFF,
    0xFE, 0xEF, 0xCC, 0xCC, 0xCC, 0xCC, 0xCD, 0xFE, 0xEF, 0x00, 0x00, 0x00, 0x00, 0x01, 0xFE, 0x88,
    0x4F, 0xFF, 0xFF, 0xFF, 0xD3, 0xA9, 0x00, 0x3C, 0xCC, 0xCD, 0xFF, 0xD1, 0x00, 0x00, 0x00, 0x00,
    0x3D, 0xFC, 0x10, 0x00, 0x00, 0x00, 0x00, 0xFF, 0x80, 0x00, 0x00, 0xCC, 0xCC, 0xCD, 0xFF, 0xCC,
    0xCC, 0xCC, 0xFF, 0xFF, 0xFF, 0xFF, 0xFF, 0xFF, 0xFF, 0x00, 0x00, 0x00, 0xFF, 0x00, 0x00, 0x00,
    0x00, 0x00, 0x00, 0xFF, 0x00, 0x00, 0x00, 0x00, 0x00, 0x01, 0xFF, 0x00, 0x00, 0x00, 0x00, 0x0B,
    0xFF, 0xFD, 0x00, 0x00, 0x00, 0x00, 0x04, 0xED, 0xB3, 0x00, 0x00, 0x00, 0x00, 0x00, 0x04, 0xD8,
    0x00, 0x00, 0x00, 0x00, 0x00, 0x00, 0x09, 0xF8, 0x00, 0x00, 0x00, 0x00, 0x1D, 0xDD, 0xDF, 0xFE,
    0xDD, 0xDD, 0xDD, 0xD2, 0x1F, 0xFF, 0xFF, 0xFF, 0xFF, 0xFF, 0xFF, 0xF2, 0x00, 0x00, 0xEF, 0x40,
    0x00, 0x00, 0x00, 0x00, 0x00, 0x08, 0xFB, 0x2B, 0xBB, 0xBB, 0xB9, 0x00, 0x00, 0x2F, 0xF2, 0x2F,
    0xFF, 0xFF, 0xFF, 0x30, 0x01, 0xDF, 0xB0, 0x00, 0x00, 0x5F, 0xF4, 0x00, 0x0C, 0xFF, 0xA0, 0x00,
    0x03, 0xFF, 0x40, 0x00, 0x8F, 0xFF, 0xA0, 0x00, 0x05, 0xF9, 0x00, 0x00, 0x3F, 0xAF, 0xA6, 0xFF,
    0xFF, 0xFF, 0xFF, 0xF6, 0x02, 0x4F, 0xA5, 0xCC, 0xCD, 0xFE, 0xCC, 0xC4, 0x00, 0x4F, 0xA0, 0x00,
    0x05, 0xF9, 0x00, 0x00, 0x00, 0x4F, 0xA0, 0x00, 0x05, 0xF9, 0x00, 0x00, 0x00, 0x4F, 0xA0, 0x07,
    0xCE, 0xF7, 0x00, 0x00, 0x00, 0x4F, 0x90, 0x05, 0xFF, 0xC2, 0x00, 0x00, 0x00, 0x00, 0x00, 0x00,
    0x00, 0x00, 0x00, 0x00, 0x00, 0x00, 0x00, 0x00, 0x00, 0x00, 0x00, 0x00, 0x00, 0x07, 0x30, 0x3C,
    0x90, 0x02, 0xA4, 0x00, 0x00, 0x5F, 0xD0, 0x1F, 0xF1, 0x09, 0xFA, 0x00, 0x00, 0x0C, 0xF4, 0x0A,
    0xF4, 0x1F, 0xE1, 0x00, 0x0E, 0xFF, 0xFF, 0xFF, 0xFF, 0xFF, 0xFF, 0xF0, 0x0E, 0xFB, 0xBB, 0xBB,
    0xBB, 0xBB, 0xBF, 0xF0, 0x0E, 0xD0, 0x00, 0x00, 0x00, 0x00, 0x0D, 0xF0, 0x09, 0x84, 0xFF, 0xFF,
    0xFF, 0xFE, 0x38, 0x90, 0x00, 0x03, 0xAA, 0xAA, 0xDF, 0xFC, 0x10, 0x00, 0x00, 0x00, 0x00, 0x08,
    0xFF, 0x90, 0x00, 0x00, 0x00, 0x00, 0x00, 0x0F, 0xF4, 0x00, 0x00, 0x00, 0x2F, 0xFF, 0xFF, 0xFF,
    0xFF, 0xFF, 0xFF, 0xF2, 0x1C, 0xCC, 0xCC, 0xCF, 0xFC, 0xCC, 0xCC, 0xC2, 0x00, 0x00, 0x00, 0x0F,
    0xE0, 0x00, 0x00, 0x00, 0x00, 0x00, 0x00, 0x0F, 0xE0, 0x00, 0x00, 0x00, 0x00, 0x00, 0xBF, 0xFF,
    0xC0, 0x00, 0x00, 0x00, 0x00, 0x00, 0x4C, 0xC9, 0x20, 0x00, 0x00, 0x00, 0x00, 0x00, 0x00, 0x00,
    0x00, 0x00, 0x00, 0x00, 0x00, 0x03, 0xDA, 0x00, 0x00, 0x00, 0x00, 0x00, 0x00, 0xFF, 0x10, 0x00,
    0x00, 0x9C, 0xCC, 0xCC, 0xFF, 0xEC, 0xCC, 0xC9, 0xCF, 0xFF, 0xFF, 0xFF, 0xFF, 0xFF, 0xFB, 0xCF,
    0x20, 0x00, 0x00, 0x00, 0x04, 0xFB, 0xCF, 0x89, 0x30, 0x00, 0x00, 0x04, 0xFB, 0x00, 0xAF, 0x50,
    0x00, 0x03, 0x60, 0x00, 0x00, 0xAF, 0x50, 0x03, 0xBF, 0xF6, 0x00, 0x00, 0xAF, 0x88, 0xEF, 0xFF,
    0xB4, 0x00, 0x00, 0xAF, 0xFF, 0xFE, 0x92, 0x00, 0x00, 0x00, 0xAF, 0xD8, 0x30, 0x00, 0x00, 0x00,
    0x00, 0xAF, 0x50, 0x00, 0x00, 0x03, 0x60, 0x00, 0xAF, 0x50, 0x00, 0x00, 0x06, 0xF8, 0x00, 0x9F,
    0x80, 0x00, 0x00, 0x0C, 0xF6, 0x00, 0x6F, 0xFF, 0xFF, 0xFF, 0xFF, 0xF1, 0x00, 0x07, 0xCE, 0xEE,
    0xEE, 0xDB, 0x40, 0x00, 0x00, 0x00, 0x00, 0x00, 0x00, 0x00, 0x00, 0x00, 0x00, 0x00, 0x4D, 0xA0,
    0x00, 0x00, 0x00, 0x00, 0x00, 0x00, 0x3F, 0xF1, 0x00, 0x00, 0x00, 0x0E, 0xFF, 0xFF, 0xFF, 0xFF,
    0xFF, 0xFF, 0xD0, 0x0E, 0xFD, 0xDD, 0xDD, 0xDD, 0xDD, 0xDF, 0xD0, 0x0E, 0xF0, 0x00, 0x00, 0x00,
    0x00, 0x2F, 0xD0, 0x0E, 0xF4, 0xFF, 0xFF, 0xFF, 0xFF, 0x4F, 0xD0, 0x00, 0x02, 0xCC, 0xCC, 0xCC,
    0xCC, 0x10, 0x00, 0x00, 0x00, 0x00, 0x00, 0x00, 0x00, 0x00, 0x00, 0x2C, 0xCC, 0xCC, 0xCC, 0xCC,
    0xCC, 0xCC, 0xC2, 0x2F, 0xFF, 0xFF, 0xFF, 0xFF, 0xFF, 0xFF, 0xF2, 0x00, 0x00, 0x4F, 0xA0, 0x1F,
    0xD0, 0x00, 0x00, 0x00, 0x00, 0x6F, 0x80, 0x1F, 0xD0, 0x00, 0x00, 0x00, 0x00, 0xDF, 0x50, 0x1F,
    0xD0, 0x04, 0xB2, 0x00, 0x2C, 0xFD, 0x00, 0x1F, 0xE0, 0x07, 0xF5, 0x2D, 0xFF, 0xD2, 0x00, 0x0E,
    0xFF, 0xFF, 0xF2, 0x0A, 0xC7, 0x00, 0x00, 0x04, 0xBC, 0xCB, 0x60, 0x00, 0x00, 0x00, 0x00, 0x00,
    0x00, 0x00, 0x00, 0x00, 0x00, 0x00, 0x0D, 0xF1, 0x00, 0x00, 0x00, 0x0C, 0xCC, 0xCC, 0xCF, 0xFD,
    0xCC, 0xCC, 0xC0, 0x0F, 0xFF, 0xFF, 0xFF, 0xFF, 0xFF, 0xFF, 0xF0, 0x0F, 0xE0, 0x00, 0x00, 0x00,
    0x00, 0x0F, 0xF0, 0x0F, 0xE5, 0x55, 0x55, 0x55, 0x55, 0x6F, 0xF0, 0x00, 0x0F, 0xFF, 0xFF, 0xFF,
    0xFF, 0xE0, 0x00, 0x00, 0x0F, 0xE0, 0x00, 0x00, 0x0F, 0xE0, 0x00, 0x00, 0x0F, 0xF9, 0x99, 0x99,
    0x9F, 0xE0, 0x00, 0x00, 0x0F, 0xFF, 0xFF, 0xFF, 0xFF, 0xE0, 0x00, 0x00, 0x0F, 0xE0, 0x00, 0x00,
    0x00, 0x00, 0x00, 0x00, 0x0F, 0xFA, 0xAA, 0xAA, 0xAA, 0xA5, 0x00, 0x00, 0x0F, 0xFF, 0xFF, 0xFF,
    0xFF, 0xF8, 0x00, 0x00, 0x0F, 0xE0, 0x00, 0x00, 0x07, 0xF8, 0x00, 0x00, 0x0F, 0xFA, 0xAA, 0xAA,
    0xAD, 0xF8, 0x00, 0x00, 0x0F, 0xFF, 0xFF, 0xFF, 0xFF, 0xF8, 0x00, 0x00, 0x0D, 0xC0, 0x00, 0x00,
    0x05, 0xC6, 0x00, 0x00, 0x00, 0x00, 0x00, 0x00, 0x00, 0x00, 0x00, 0x00, 0x00, 0x00, 0x3D, 0xB0,
    0x00, 0x00, 0x00, 0x00, 0x00, 0x00, 0x1F, 0xF1, 0x00, 0x00, 0x00, 0x0D, 0xFF, 0xFF, 0xFF, 0xFF,
    0xFF, 0xFF, 0xD0, 0x0D, 0xFD, 0xDD, 0xDD, 0xDD, 0xDD, 0xDF, 0xD0, 0x0D, 0xF0, 0x00, 0x00, 0x00,
    0x00, 0x1F, 0xD0, 0x0D, 0xF5, 0xCC, 0xCC, 0xCC, 0xCC, 0x6F, 0xD0, 0x00, 0x06, 0xFF, 0xFF, 0xFF,
    0xFF, 0x60, 0x00, 0x00, 0x01, 0x00, 0x0F, 0xF0, 0x00, 0x00, 0x00, 0x00, 0x0E, 0xF1, 0x0F, 0xF0,
    0x00, 0x00, 0x00, 0x00, 0x1F, 0xF0, 0x0F, 0xFC, 0xCC, 0xC4, 0x00, 0x00, 0x5F, 0xF0, 0x0F, 0xFF,
    0xFF, 0xF6, 0x00, 0x00, 0x8F, 0xF8, 0x0F, 0xF0, 0x00, 0x00, 0x00, 0x00, 0xDF, 0xFF, 0x5F, 0xF0,
    0x00, 0x00, 0x00, 0x06, 0xFC, 0x6F, 0xFF, 0xF1, 0x00, 0x00, 0x00, 0x3F, 0xF5, 0x07, 0xFF, 0xFF,
    0xFF, 0xFF, 0xF3, 0x1B, 0x80, 0x00, 0x28, 0xCD, 0xEE, 0xEE, 0xD0, 0x00, 0x00, 0x00, 0x00, 0x00,
    0x00, 0x00, 0x00, 0x00, 0x00, 0x00, 0x00, 0x00, 0x00, 0x00, 0x00, 0x00, 0x00, 0x02, 0xBB, 0x00,
    0x00, 0x00, 0x00, 0x00, 0x00, 0x01, 0xFF, 0x30, 0x00, 0x00, 0x00, 0xCF, 0xFF, 0xFF, 0xFF, 0xFF,
    0xFF, 0xFD, 0x00, 0xCF, 0xDC, 0xCC, 0xCC, 0xCC, 0xCD, 0xFD, 0x00, 0xCF, 0x17, 0x60, 0x27, 0x50,
    0x02, 0xFD, 0x00, 0x8A, 0x2E, 0xFB, 0x5F, 0xB0, 0x02, 0xA9, 0x00, 0x00, 0x21, 0xCB, 0x6F, 0xA0,
    0x00, 0x00, 0x00, 0x08, 0xF8, 0x10, 0x6F, 0x90, 0x00, 0x00, 0x00, 0x04, 0xEF, 0x50, 0x9F, 0x60,
    0x00, 0x00, 0x00, 0x00, 0x18, 0x00, 0xCF, 0x40, 0x00, 0x00, 0x00, 0xEF, 0xFF, 0xFF, 0xFF, 0xFF,
    0xFF, 0xFF, 0x00, 0x89, 0x99, 0x9F, 0xFC, 0x99, 0x99, 0x99, 0x00, 0x00, 0x00, 0xAF, 0xF2, 0xEA,
    0x40, 0x00, 0x00, 0x01, 0x7E, 0xFF, 0x33, 0xCF, 0xFE, 0x70, 0x00, 0x7F, 0xFF, 0xB2, 0x00, 0x03,
    0x9F, 0xFB, 0x00, 0x0C, 0x93, 0x00, 0x00, 0x00, 0x02, 0xA3, 0x00, 0x00, 0x00, 0x00, 0x00, 0x00,
    0x00, 0x00, 0x00, 0x00, 0x00, 0x00, 0x3D, 0xD0, 0x00, 0x00, 0x00, 0x0A, 0xBB, 0xBB, 0xCF, 0xFC,
    0xBB, 0xBB, 0xB0, 0x0E, 0xFF, 0xFF, 0xFF, 0xFF, 0xFF, 0xFF, 0xF0, 0x0E, 0xF0, 0x00, 0x00, 0x00,
    0x00, 0x0F, 0xF0, 0x0E, 0xF5, 0x99, 0x99, 0x99, 0x99, 0x4F, 0xF0, 0x00, 0x08, 0xFF, 0xFF, 0xFF,
    0xFF, 0x70, 0x00, 0x00, 0x00, 0x3A, 0xFF, 0x50, 0x03, 0xC1, 0x00, 0x03, 0x8C, 0xFF, 0xEF, 0x70,
    0x4F, 0xFB, 0x00, 0x09, 0xFF, 0xA3, 0x8F, 0xF9, 0xFF, 0xC1, 0x00, 0x00, 0x51, 0x6D, 0xFC, 0xFF,
    0xFF, 0x10, 0x00, 0x06, 0xBF, 0xFC, 0x37, 0xFF, 0x9F, 0x90, 0x00, 0x0A, 0xFB, 0x42, 0xBF, 0xFF,
    0x1E, 0xF2, 0x00, 0x01, 0x13, 0xAF, 0xF8, 0xEF, 0x07, 0xFD, 0x10, 0x18, 0xDF, 0xFB, 0x21, 0xFF,
    0x00, 0xCF, 0xE4, 0x0C, 0xFA, 0x36, 0xCE, 0xFA, 0x00, 0x1B, 0xE1, 0x01, 0x10, 0x03, 0xFF, 0xB1,
    0x00, 0x00, 0x10, 0x00, 0x00, 0x00, 0x00, 0x00, 0x00, 0x00, 0x00, 0x00, 0x00, 0x00, 0x00, 0x10,
    0x00, 0x00, 0x00, 0x00, 0x00, 0x00, 0x3F, 0xE0, 0x00, 0x00, 0x00, 0x0A, 0xBB, 0xBB, 0xBF, 0xFC,
    0xBB, 0xBB, 0xA0, 0x0D, 0xFF, 0xFF, 0xFF, 0xFF, 0xFF, 0xFF, 0xD0, 0x0D, 0xF0, 0x27, 0x10, 0x00,
    0x50, 0x1F, 0xD0, 0x0D, 0xF1, 0xDF, 0x80, 0x0B, 0xFB, 0x2F, 0xD0, 0x00, 0x3D, 0xFA, 0x09, 0x83,
    0xCF, 0xE2, 0x00, 0x04, 0xFF, 0xB0, 0x5F, 0xF5, 0x0A, 0xFE, 0x10, 0x00, 0xB8, 0x04, 0xFF, 0xFF,
    0x40, 0xA7, 0x00, 0x00, 0x00, 0x5F, 0xF5, 0x3F, 0xF7, 0x00, 0x00, 0x00, 0x1A, 0xFF, 0x50, 0x03,
    0xEF, 0xD5, 0x00, 0x29, 0xFF, 0xFE, 0xAA, 0xAA, 0xDF, 0xFF, 0xD3, 0x2F, 0xFE, 0xFF, 0xFF, 0xFF,
    0xFF, 0xDD, 0xD0, 0x04, 0x1A, 0xF3, 0x00, 0x00, 0x4F, 0xB0, 0x10, 0x00, 0x0A, 0xF3, 0x00, 0x00,
    0x4F, 0xB0, 0x00, 0x00, 0x0A, 0xFF, 0xFF, 0xFF, 0xFF, 0xB0, 0x00, 0x00, 0x0A, 0xFC, 0xBB, 0xBB,
    0xCF, 0xB0, 0x00, 0x00, 0x00, 0x10, 0x00, 0x00, 0x00, 0x00, 0x00, 0x00, 0x00, 0x00, 0x00, 0x00,
    0x00, 0x00, 0x00, 0x00, 0x00, 0x00, 0x3D, 0xE0, 0x00, 0x00, 0x00, 0x09, 0xAA, 0xAA, 0xBF, 0xFB,
    0xAA, 0xAA, 0x90, 0x0E, 0xFF, 0xFF, 0xFF, 0xFF, 0xFF, 0xFF, 0xE0, 0x0E, 0xE0, 0x07, 0x60, 0x05,
    0x60, 0x0F, 0xE0, 0x0E, 0xFA, 0xBF, 0xE7, 0x7E, 0xFB, 0xAF, 0xE0, 0x00, 0x2F, 0xFF, 0xFF, 0xFF,
    0xFF, 0xF2, 0x00, 0x00, 0x00, 0x1F, 0xD0, 0x0D, 0xF1, 0x00, 0x00, 0x00, 0x19, 0x99, 0x99, 0x99,
    0x99, 0x90, 0x00, 0x00, 0x2F, 0xFF, 0xFF, 0xFF, 0xFF, 0xF1, 0x00, 0x00, 0x2F, 0xC0, 0x00, 0x00,
    0x0E, 0xF1, 0x00, 0x00, 0x2F, 0xC0, 0x6F, 0xA0, 0x0E, 0xF1, 0x00, 0x00, 0x2F, 0xC0, 0x7F, 0xFF,
    0x1E, 0xF2, 0x00, 0x00, 0x2F, 0xC1, 0xDF, 0xFF, 0x12, 0x23, 0xD4, 0x00, 0x03, 0x8E, 0xF6, 0xDF,
    0x20, 0x06, 0xF5, 0x2C, 0xFF, 0xFC, 0x30, 0xBF, 0xFF, 0xFF, 0xF1, 0x09, 0xE9, 0x40, 0x00, 0x18,
    0x9A, 0xA9, 0x40, 0x00, 0x00, 0x00, 0x00, 0x00, 0x00, 0x00, 0x00, 0x00, 0x00, 0x00, 0x00, 0x10,
    0x00, 0x00, 0x00, 0x00, 0x00, 0x00, 0x2F, 0xC0, 0x00, 0x00, 0x00, 0x09, 0xAA, 0xAA, 0xBF, 0xFB,
    0xAA, 0xAA, 0x90, 0x0E, 0xFF, 0xFF, 0xFF, 0xFF, 0xFF, 0xFF, 0xE0, 0x0E, 0xF0, 0x04, 0xF9, 0x10,
    0x42, 0x0F, 0xE0, 0x0E, 0xF0, 0x04, 0xBF, 0xD4, 0xFE, 0x2F, 0xE0, 0x00, 0x99, 0x6F, 0x55, 0x9F,
    0xF4, 0x94, 0x00, 0x03, 0xFD, 0x6F, 0x59, 0xFF, 0x53, 0xFF, 0x30, 0x1D, 0xF4, 0x5F, 0xFF, 0xD3,
    0x1E, 0xAF, 0xD0, 0x09, 0xB7, 0xDF, 0xFF, 0x87, 0xBF, 0x49, 0xE3, 0x3D, 0xFF, 0xFC, 0xFF, 0xFF,
    0xFB, 0x00, 0x10, 0x0C, 0xB5, 0x00, 0x0A, 0x90, 0x00, 0x21, 0x00, 0x00, 0x8E, 0x40, 0x0F, 0xE0,
    0x03, 0xFB, 0x00, 0x00, 0x9F, 0x40, 0x0F, 0xE0, 0x03, 0xFB, 0x00, 0x00, 0x9F, 0xDC, 0xCF, 0xFC,
    0xCD, 0xFB, 0x00, 0x00, 0x9F, 0xFF, 0xFF, 0xFF, 0xFF, 0xFB, 0x00, 0x00, 0x00, 0x00, 0x00, 0x00,
    0x02, 0xB8, 0x00, 0x00, 0x00, 0x00, 0x00, 0x00, 0x02, 0xFB, 0x00, 0x00, 0x00, 0x00, 0x00, 0x00,
    0x02, 0xFB, 0x00, 0x0C, 0xCC, 0xCD, 0xD5, 0x00, 0x02, 0xFB, 0x00, 0x0F, 0xFF, 0xFF, 0xF6, 0x00,
    0x02, 0xFB, 0x00, 0x00, 0x00, 0x0A, 0xF7, 0xFF, 0xFF, 0xFF, 0xF7, 0x00, 0x10, 0x0D, 0xF4, 0xDD,
    0xDD, 0xFF, 0xD6, 0x08, 0xF4, 0x1F, 0xE0, 0x00, 0x02, 0xFB, 0x00, 0x07, 0xFF, 0x9F, 0xA0, 0x86,
    0x02, 0xFB, 0x00, 0x00, 0x8F, 0xFF, 0x61, 0xFE, 0x12, 0xFB, 0x00, 0x00, 0x08, 0xFF, 0x40, 0x8F,
    0x72, 0xFB, 0x00, 0x00, 0x08, 0xFF, 0xD1, 0x1F, 0xC2, 0xFB, 0x00, 0x00, 0x2F, 0xFE, 0xFA, 0x06,
    0x12, 0xFB, 0x00, 0x00, 0xBF, 0xA2, 0xFE, 0x00, 0x02, 0xFB, 0x00, 0x0A, 0xFF, 0x10, 0x72, 0x00,
    0x03, 0xFB, 0x00, 0x3F, 0xF4, 0x00, 0x00, 0x06, 0xFF, 0xF9, 0x00, 0x07, 0x50, 0x00, 0x00, 0x01,
    0xFE, 0xB1, 0x00, 0x00, 0x07, 0xF6, 0x00, 0x00, 0x00, 0xBC, 0x00, 0x00, 0x07, 0xF6, 0x00, 0x00,
    0x00, 0xDF, 0x00, 0x0D, 0xFF, 0xFF, 0xFB, 0x00, 0x00, 0xDF, 0x00, 0x0A, 0xBD, 0xFD, 0xB8, 0x00,
    0x00, 0xDF, 0x00, 0x00, 0x07, 0xF6, 0x00, 0xAF, 0xFF, 0xFF, 0xF6, 0x3B, 0xBD, 0xF8, 0x44, 0xAF,
    0xFF, 0xFF, 0xD5, 0x4F, 0xFF, 0xFF, 0xFF, 0x00, 0x00, 0xDF, 0x00, 0x00, 0x01, 0x20, 0x00, 0x2A,
    0x40, 0xDF, 0x00, 0x00, 0x07, 0xF6, 0x00, 0x3F, 0xB0, 0xDF, 0x00, 0x0B, 0xBD, 0xFD, 0xBA, 0x0C,
    0xF2, 0xDF, 0x00, 0x0F, 0xFF, 0xFF, 0xFE, 0x07, 0xF6, 0xDF, 0x00, 0x00, 0x07, 0xF6, 0x00, 0x01,
    0x30, 0xDF, 0x00, 0x00, 0x07, 0xF9, 0x68, 0x20, 0x00, 0xDF, 0x00, 0x5C, 0xEF, 0xFF, 0xFF, 0x40,
    0x00, 0xEF, 0x00, 0x6F, 0xFE, 0xC9, 0x75, 0x11, 0xFF, 0xFE, 0x00, 0x12, 0x00, 0x00, 0x00, 0x00,
    0xAC, 0xA3, 0x00, 0x00, 0x02, 0xE9, 0x00, 0x00, 0x00, 0xCB, 0x00, 0x00, 0x06, 0xF6, 0x00, 0x00,
    0x00, 0xED, 0x00, 0x03, 0xFF, 0xFF, 0xF8, 0x00, 0x00, 0xED, 0x00, 0x03, 0xFB, 0x79, 0xF8, 0x00,
    0x00, 0xED, 0x00, 0x03, 0xFA, 0x57, 0xF8, 0xEF, 0xFF, 0xFF, 0xF7, 0x03, 0xFF, 0xFF, 0xF8, 0xCD,
    0xDD, 0xFF, 0xD6, 0x03, 0xFA, 0x57, 0xF8, 0x01, 0x00, 0xED, 0x00, 0x03, 0xFF, 0xFF, 0xF8, 0x8F,
    0x20, 0xED, 0x00, 0x03, 0xF7, 0x03, 0xF8, 0x3F, 0xA0, 0xED, 0x00, 0x5F, 0xFF, 0xFF, 0xF8, 0x0B,
    0xF1, 0xED, 0x00, 0x4A, 0xAC, 0xFF, 0xF8, 0x05, 0xF5, 0xED, 0x00, 0x00, 0x0C, 0xF8, 0xF8, 0x00,
    0x20, 0xED, 0x00, 0x00, 0xBF, 0x93, 0xF8, 0x00, 0x00, 0xED, 0x00, 0x3D, 0xFB, 0x03, 0xF8, 0x00,
    0x00, 0xFD, 0x00, 0x4F, 0x90, 0x8B, 0xF8, 0x05, 0xFF, 0xFB, 0x00, 0x02, 0x00, 0xAF, 0xC2, 0x00,
    0xCC, 0x92, 0x00, 0x00, 0x0B, 0xE1, 0x00, 0x0B, 0xA3, 0x00, 0x00, 0x00, 0x0B, 0xF1, 0x00, 0xAF,
    0xF9, 0x78, 0x50, 0x04, 0x0B, 0xF1, 0x3C, 0xFF, 0xFF, 0xFF, 0xF1, 0x5F, 0xAC, 0xF5, 0xFF, 0xA3,
    0x01, 0xDF, 0x60, 0x0B, 0xFF, 0xF1, 0x74, 0xDF, 0x5E, 0xFA, 0x00, 0x01, 0xEE, 0xF1, 0x00, 0x6F,
    0xFF, 0x80, 0x00, 0x00, 0x0B, 0xF3, 0x8D, 0xFF, 0xD6, 0x53, 0x00, 0x00, 0x0B, 0xF2, 0xEF, 0xB5,
    0x04, 0xF9, 0x00, 0x00, 0x3E, 0xF6, 0xEC, 0xBB, 0xBD, 0xFE, 0xB4, 0x07, 0xFF, 0xF7, 0xFF, 0xFF,
    0xFF, 0xFF, 0xF5, 0x5F, 0xFE, 0xF1, 0x1B, 0x70, 0x04, 0xF9, 0x00, 0x0D, 0x3B, 0xF1, 0x2F, 0xF2,
    0x04, 0xF9, 0x00, 0x00, 0x0B, 0xF1, 0x07, 0xFB, 0x04, 0xF9, 0x00, 0x00, 0x0B, 0xF1, 0x00, 0xD6,
    0x04, 0xF9, 0x00, 0x00, 0x0B, 0xF1, 0x00, 0x06, 0xCD, 0xF8, 0x00, 0x00, 0x0B, 0xF1, 0x00, 0x03,
    0xFF, 0xB2, 0x00, 0x00, 0x00, 0x00, 0x00, 0x00, 0x00, 0x00, 0x00, 0x00, 0x00, 0x00, 0x0B, 0xB1,
    0x00, 0x00, 0x00, 0x00, 0x00, 0x00, 0x0F, 0xF1, 0x00, 0x00, 0x00, 0x00, 0x00, 0x00, 0x0F, 0xF1,
    0x00, 0x00, 0x00, 0x00, 0x00, 0x00, 0x0F, 0xF1, 0x00, 0x00, 0x00, 0x00, 0x3A, 0x70, 0x0F, 0xF1,
    0x07, 0xC0, 0x00, 0x00, 0x7F, 0xB0, 0x0F, 0xF1, 0x0D, 0xF6, 0x00, 0x00, 0xBF, 0x70, 0x0F, 0xF1,
    0x06, 0xFE, 0x00, 0x00, 0xFF, 0x30, 0x0F, 0xF1, 0x00, 0xEF, 0x50, 0x04, 0xFE, 0x00, 0x0F, 0xF1,
    0x00, 0x8F, 0xC0, 0x0B, 0xF9, 0x00, 0x0F, 0xF1, 0x00, 0x2F, 0xF2, 0x3F, 0xF3, 0x00, 0x0F, 0xF1,
    0x00, 0x0D, 0xF7, 0x3D, 0xA0, 0x00, 0x0F, 0xF1, 0x00, 0x09, 0xF9, 0x00, 0x10, 0x00, 0x0F, 0xF1,
    0x00, 0x03, 0x40, 0x00, 0x00, 0x00, 0x0F, 0xF1, 0x00, 0x00, 0x00, 0x00, 0x00, 0xDF, 0xFF, 0xE0,
    0x00, 0x00, 0x00, 0x00, 0x00, 0x7E, 0xEB, 0x40, 0x00, 0x00, 0x00, 0x00, 0x00, 0x00, 0x2F, 0xB0,
    0x00, 0x00, 0x00, 0x00, 0x00, 0x00, 0x2F, 0xB0, 0x00, 0x00, 0x00, 0x00, 0x06, 0x60, 0x2F, 0xB0,
    0x04, 0x60, 0x00, 0x00, 0x1F, 0xE0, 0x2F, 0xB0, 0x0D, 0xF3, 0x00, 0x00, 0x7F, 0x80, 0x2F, 0xB0,
    0x04, 0xFC, 0x00, 0x01, 0xEF, 0x10, 0x2F, 0xB0, 0x00, 0xBF, 0x60, 0x0A, 0xF8, 0x00, 0x2F, 0xB0,
    0x00, 0x2F, 0xE0, 0x1E, 0xE0, 0x00, 0x2F, 0xB0, 0x00, 0x0A, 0xE3, 0x01, 0x30, 0x00, 0x2F, 0xB0,
    0x06, 0x62, 0x10, 0x00, 0x00, 0x00, 0x2F, 0xB0, 0x5F, 0xF3, 0x00, 0x00, 0x00, 0x00, 0x00, 0x06,
    0xFF, 0x50, 0x00, 0x00, 0x00, 0x00, 0x05, 0xDF, 0xF6, 0x00, 0x00, 0x00, 0x13, 0x6B, 0xFF, 0xFB,
    0x20, 0x00, 0x00, 0x6F, 0xFF, 0xFF, 0xE9, 0x40, 0x00, 0x00, 0x00, 0x0D, 0xC9, 0x73, 0x00, 0x00,
    0x00, 0x00, 0x00, 0x02, 0x30, 0x00, 0xFE, 0x00, 0x06, 0x40, 0x2F, 0xE1, 0x00, 0xFF, 0x00, 0x1F,
    0xF2, 0x09, 0xFA, 0x00, 0xFF, 0x00, 0x9F, 0x90, 0x01, 0xFF, 0x20, 0xFF, 0x02, 0xFE, 0x10, 0x00,
    0x74, 0x00, 0xFF, 0x01, 0x84, 0x00, 0x3F, 0xFF, 0xFF, 0xFF, 0xFF, 0xFF, 0xF4, 0x3F, 0xEC, 0xCC,
    0xCC, 0xCC, 0xCE, 0xF4, 0x3F, 0xA0, 0x00, 0x00, 0x00, 0x09, 0xF4, 0x3F, 0xA0, 0xFF, 0xFF, 0xFF,
    0x09, 0xF4, 0x3F, 0xA0, 0xFE, 0x99, 0xEF, 0x09, 0xF4, 0x3F, 0xA0, 0xFC, 0x00, 0xCF, 0x09, 0xF4,
    0x3F, 0xA0, 0xFE, 0x99, 0xEF, 0x09, 0xF4, 0x3F, 0xA0, 0xFF, 0xFF, 0xFF, 0x09, 0xF4, 0x3F, 0xA0,
    0xFC, 0x00, 0x00, 0x0A, 0xF4, 0x3F, 0xA0, 0x21, 0x00, 0x09, 0xFF, 0xF2, 0x3D, 0x90, 0x00, 0x00,
    0x04, 0xCB, 0x60, 0x00, 0x00, 0x00, 0x00, 0x00, 0x00, 0x00, 0x00, 0x00, 0x08, 0xE2, 0x00, 0x00,
    0xAF, 0x12, 0x00, 0x00, 0x07, 0xF7, 0x00, 0x00, 0xBF, 0xAF, 0x20, 0x4F, 0xFF, 0xFF, 0xFF, 0x10,
    0xBF, 0x2E, 0xC0, 0x2A, 0xAA, 0xAA, 0xAA, 0x00, 0xBF, 0x06, 0x90, 0x04, 0x77, 0x77, 0x74, 0x8B,
    0xEF, 0xBB, 0xB4, 0x09, 0xFF, 0xFF, 0xF8, 0xBF, 0xFF, 0xFF, 0xF6, 0x09, 0xF0, 0x03, 0xF8, 0x00,
    0xEE, 0x20, 0x00, 0x09, 0xF8, 0x79, 0xF8, 0x00, 0xFF, 0xF0, 0x00, 0x09, 0xFF, 0xFF, 0xF8, 0x02,
    0xFF, 0xF0, 0x00, 0x02, 0x55, 0xF7, 0x71, 0x06, 0xFF, 0xF0, 0x00, 0x07, 0xF7, 0xF8, 0xF8, 0x0A,
    0xFA, 0xF0, 0x00, 0x0B, 0xE4, 0xF6, 0xBE, 0x1F, 0xB9, 0xF0, 0x20, 0x1F, 0xA4, 0xF6, 0x6C, 0x8F,
    0x69, 0xF0, 0xC9, 0x5F, 0x34, 0xF6, 0x02, 0xFE, 0x09, 0xF1, 0xDA, 0x04, 0x5B, 0xF6, 0x0C, 0xF6,
    0x07, 0xFF, 0xF6, 0x00, 0x5F, 0xC1, 0x04, 0xA0, 0x00, 0x46, 0x50, 0x00, 0x00, 0x00, 0x00, 0x00,
    0x00, 0x00, 0x00, 0x00, 0x4F, 0xFF, 0xFF, 0xFF, 0xFF, 0xFF, 0x00, 0x00, 0x4F, 0xFC, 0xCC, 0xCC,
    0xCC, 0xFF, 0x00, 0x00, 0x5F, 0xB0, 0x00, 0x00, 0x00, 0xFF, 0x00, 0x00, 0x5F, 0xFC, 0xCC, 0xCC,
    0xCC, 0xFF, 0x00, 0x00, 0x6F, 0xFF, 0xFF, 0xFF, 0xFF, 0xFF, 0x00, 0x00, 0x8F, 0x70, 0x00, 0x00,
    0xFF, 0x10, 0x00, 0x00, 0xAF, 0x40, 0x50, 0x00, 0xAF, 0x90, 0x00, 0x00, 0xFF, 0x18, 0xFF, 0xA3,
    0x3F, 0xF1, 0x00, 0x05, 0xFD, 0x04, 0xAF, 0xFF, 0x5B, 0xFB, 0x00, 0x1E, 0xF7, 0x00, 0x01, 0x8D,
    0x02, 0xFF, 0xA0, 0x7F, 0xE1, 0x11, 0x00, 0x00, 0x00, 0x5F, 0xF6, 0x0B, 0x50, 0xBF, 0xC7, 0x30,
    0x00, 0x05, 0xA0, 0x00, 0x00, 0x9E, 0xFF, 0xFD, 0x71, 0x00, 0x00, 0x00, 0x00, 0x00, 0x39, 0xEF,
    0xFB, 0x00, 0x00, 0x00, 0x00, 0x00, 0x00, 0x06, 0xD2, 0x00, 0x00, 0x00, 0x00, 0x00, 0x00, 0x00,
    0x00, 0x00, 0x00, 0x02, 0xFF, 0xFF, 0xFF, 0xFF, 0xFF, 0xFF, 0x60, 0x02, 0xFE, 0x99, 0x99, 0x99,
    0x99, 0xCF, 0x60, 0x02, 0xFB, 0x00, 0x00, 0x00, 0x00, 0x7F, 0x60, 0x02, 0xFF, 0xFF, 0xFF, 0xFF,
    0xFF, 0xFF, 0x60, 0x03, 0xFE, 0xAA, 0xAA, 0xAA, 0xAA, 0xAA, 0x40, 0x03, 0xFB, 0x00, 0x00, 0x00,
    0x00, 0x00, 0x00, 0x04, 0xFB, 0x0F, 0xFF, 0xFF, 0xFF, 0xFF, 0x00, 0x05, 0xFA, 0x0A, 0xAA, 0xAA,
    0xAA, 0xAA, 0x00, 0x05, 0xF9, 0x00, 0x00, 0x00, 0x00, 0x00, 0x00, 0x06, 0xF8, 0xEF, 0xFF, 0xFF,
    0xFF, 0xFF, 0xF2, 0x09, 0xF5, 0xAA, 0xEF, 0xDA, 0xAA, 0xDA, 0xA1, 0x0C, 0xF2, 0x02, 0xFF, 0x20,
    0x0D, 0xF2, 0x00, 0x1F, 0xF0, 0x0C, 0xF7, 0x23, 0x4A, 0xFB, 0x00, 0x7F, 0xA0, 0x8F, 0xFF, 0xFF,
    0xFF, 0xFF, 0x50, 0x19, 0x30, 0x3D, 0xB9, 0x86, 0x54, 0x6E, 0x60, 0x00, 0x00, 0x00, 0x00, 0x00,
    0x00, 0x00, 0x00, 0x00, 0xDF, 0xFF, 0xFF, 0xFF, 0xFF, 0xFF, 0x40, 0x00, 0xDF, 0xBA, 0xAA, 0xAA,
    0xAA, 0xEF, 0x40, 0x00, 0xDF, 0x10, 0x00, 0x00, 0x00, 0x9F, 0x40, 0x00, 0xDF, 0xFF, 0xFF, 0xFF,
    0xFF, 0xFF, 0x40, 0x00, 0xDF, 0xBA, 0xAA, 0xDF, 0xDA, 0xAA, 0x30, 0x00, 0xDF, 0x10, 0x00, 0x8F,
    0x60, 0x00, 0x00, 0x00, 0xEF, 0xFF, 0xFF, 0xFF, 0xFF, 0xFF, 0xF1, 0x00, 0xEF, 0xBB, 0xBB, 0xDF,
    0xDB, 0xBB, 0xB1, 0x00, 0xFE, 0x00, 0x00, 0x8F, 0x60, 0x00, 0x00, 0x02, 0xFB, 0x1A, 0xAA, 0xDF,
    0xCA, 0xAA, 0x00, 0x05, 0xF9, 0x1F, 0xFF, 0xFF, 0xFF, 0xFF, 0x10, 0x08, 0xF7, 0x1F, 0xB0, 0x00,
    0x00, 0xDF, 0x10, 0x0E, 0xF3, 0x1F, 0xB0, 0x00, 0x00, 0xDF, 0x10, 0x5F, 0xE0, 0x1F, 0xFF, 0xFF,
    0xFF, 0xFF, 0x10, 0x3C, 0x60, 0x1F, 0xEA, 0xAA, 0xAA, 0xFF, 0x10, 0x00, 0x00, 0x01, 0x10, 0x00,
    0x00, 0x11, 0x00, 0x01, 0xFF, 0xFF, 0xFF, 0xFF, 0xFF, 0xFF, 0xA0, 0x01, 0xFF, 0xAA, 0xAA, 0xAA,
    0xAA, 0xCF, 0xA0, 0x01, 0xFE, 0x99, 0x99, 0x99, 0x99, 0xCF, 0xA0, 0x01, 0xFF, 0xFF, 0xFF, 0xFF,
    0xFF, 0xFF, 0xA0, 0x01, 0xFD, 0x03, 0xDA, 0x00, 0x0C, 0xB2, 0x00, 0x01, 0xFD, 0x00, 0xFB, 0x00,
    0x2F, 0xE0, 0x00, 0x02, 0xFC, 0xAF, 0xFF, 0xFF, 0xFF, 0xFF, 0xD0, 0x03, 0xFC, 0x69, 0xDF, 0xB9,
    0xBF, 0xD9, 0x80, 0x04, 0xFB, 0x00, 0x9F, 0x30, 0x5F, 0x90, 0x00, 0x05, 0xFA, 0x99, 0xDF, 0xB9,
    0xBF, 0xD9, 0x93, 0x07, 0xF8, 0xFF, 0xFF, 0xFF, 0xFF, 0xFF, 0xF4, 0x0B, 0xF4, 0x03, 0xFE, 0x00,
    0x5F, 0x90, 0x00, 0x1F, 0xF1, 0x3D, 0xF9, 0x00, 0x5F, 0x90, 0x00, 0x7F, 0xB1, 0xEF, 0xD1, 0x00,
    0x5F, 0x90, 0x00, 0x0A, 0x40, 0x5B, 0x10, 0x00, 0x5F, 0x80, 0x00, 0x00, 0x00, 0x00, 0x00, 0x00,
    0x00, 0x00, 0x00, 0x00, 0xEF, 0xFF, 0xFF, 0xFF, 0xFF, 0xFF, 0x70, 0x00, 0xEF, 0xAA, 0xAA, 0xAA,
    0xAA, 0xDF, 0x70, 0x00, 0xEF, 0xA9, 0x99, 0x99, 0x99, 0xCF, 0x70, 0x00, 0xEF, 0xFF, 0xFF, 0xFF,
    0xFF, 0xFF, 0x70, 0x00, 0xFF, 0x00, 0xAF, 0x10, 0x7F, 0x40, 0x00, 0x00, 0xFF, 0x69, 0xDF, 0xA9,
    0xCF, 0xB9, 0x50, 0x00, 0xFF, 0xAF, 0xFF, 0xFF, 0xFF, 0xFF, 0x90, 0x00, 0xFE, 0x00, 0xAF, 0x10,
    0x7F, 0x40, 0x00, 0x02, 0xFC, 0x99, 0xDF, 0xA9, 0xCF, 0xB9, 0x92, 0x03, 0xFB, 0xFF, 0xFF, 0xFF,
    0xFF, 0xFF, 0xF4, 0x07, 0xF8, 0x0A, 0xF1, 0x0E, 0xE1, 0x9F, 0x40, 0x0A, 0xF5, 0x0A, 0xF1, 0x07,
    0xFF, 0xFA, 0x10, 0x1F, 0xF1, 0x0D, 0xF7, 0x99, 0xAF, 0xF8, 0x20, 0x7F, 0xB0, 0x5F, 0xFF, 0xFA,
    0x09, 0xFF, 0xF3, 0x1A, 0x40, 0x0D, 0xA5, 0x20, 0x00, 0x3A, 0x90, 0x00, 0x00, 0x00, 0x00, 0x00,
    0x00, 0x00, 0x00, 0x00, 0x00, 0x00, 0xDD, 0x00, 0x00, 0x00, 0x00, 0x00, 0x00, 0xFF, 0x00, 0x00,
    0x00, 0x00, 0x00, 0x00, 0xFF, 0x00, 0x00, 0x00, 0x12, 0x10, 0x00, 0xFF, 0x00, 0x01, 0x32, 0x8F,
    0x70, 0x00, 0xFF, 0x00, 0x06, 0xF9, 0x8F, 0x70, 0x00, 0xFF, 0x00, 0x06, 0xF9, 0x8F, 0x70, 0x00,
    0xFF, 0x00, 0x06, 0xF9, 0x8F, 0x70, 0x00, 0xFF, 0x00, 0x06, 0xF9, 0x8F, 0x70, 0x00, 0xFF, 0x00,
    0x06, 0xF9, 0x8F, 0x70, 0x00, 0xFF, 0x00, 0x06, 0xF9, 0x8F, 0x70, 0x00, 0xFF, 0x00, 0x06, 0xF9,
    0x8F, 0x70, 0x00, 0xFF, 0x00, 0x06, 0xF9, 0x8F, 0x70, 0x00, 0xFF, 0x00, 0x06, 0xF9, 0x8F, 0xFF,
    0xFF, 0xFF, 0xFF, 0xFF, 0xF9, 0x8F, 0xFF, 0xFF, 0xFF, 0xFF, 0xFF, 0xF9, 0x00, 0x00, 0x00, 0x00,
    0x00, 0x06, 0xF9, 0x00, 0x00, 0x00, 0x00, 0x00, 0x00, 0x00, 0x00, 0x00, 0x00, 0x00, 0x00, 0x00,
    0x00, 0x00, 0x06, 0xFF, 0xFF, 0xFF, 0xFF, 0xFF, 0xFF, 0x70, 0x06, 0xFF, 0xFF, 0xFF, 0xFF, 0xFF,
    0xFF, 0x70, 0x00, 0x00, 0x00, 0x2F, 0xF0, 0x00, 0x00, 0x00, 0x00, 0x00, 0x00, 0x2F, 0xF0, 0x00,
    0x00, 0x00, 0x00, 0x00, 0x00, 0x2F, 0xF0, 0x00, 0x00, 0x00, 0x00, 0x00, 0x00, 0x2F, 0xF0, 0x00,
    0x00, 0x00, 0x00, 0x00, 0x00, 0x2F, 0xF0, 0x00, 0x00, 0x00, 0x00, 0x00, 0x00, 0x2F, 0xF0, 0x00,
    0x00, 0x00, 0x00, 0x00, 0x00, 0x2F, 0xF0, 0x00, 0x00, 0x00, 0x00, 0x00, 0x00, 0x2F, 0xF0, 0x00,
    0x00, 0x00, 0x00, 0x00, 0x00, 0x2F, 0xF0, 0x00, 0x00, 0x00, 0x4F, 0xFF, 0xFF, 0xFF, 0xFF, 0xFF,
    0xFF, 0xF5, 0x4E, 0xEE, 0xEE, 0xEE, 0xEE, 0xEE, 0xEE, 0xE5, 0x00, 0x00, 0x07, 0xD6, 0x00, 0x00,
    0x00, 0x00, 0x00, 0x00, 0x09, 0xF6, 0x00, 0x00, 0x00, 0x00, 0x00, 0x00, 0x0C, 0xF3, 0x00, 0x00,
    0x00, 0x00, 0x0F, 0xFF, 0xFF, 0xFF, 0xFF, 0xFF, 0xFF, 0xF1, 0x0D, 0xDD, 0xEF, 0xFD, 0xDD, 0xDD,
    0xDD, 0xD1, 0x00, 0x00, 0x8F, 0x80, 0x00, 0x00, 0x00, 0x00, 0x00, 0x00, 0xDF, 0x30, 0x00, 0x00,
    0x00, 0x00, 0x00, 0x03, 0xFF, 0xDD, 0xDD, 0xDD, 0xDD, 0xA0, 0x00, 0x09, 0xFC, 0xFF, 0xFF, 0xFF,
    0xFF, 0xC0, 0x00, 0x0E, 0xF1, 0x00, 0x2F, 0xC0, 0x00, 0x00, 0x00, 0x7F, 0xA0, 0x00, 0x2F, 0xC0,
    0x00, 0x00, 0x01, 0xFF, 0x30, 0x00, 0x2F, 0xC0, 0x00, 0x00, 0x0B, 0xFB, 0x00, 0x00, 0x2F, 0xC0,
    0x00, 0x00, 0x7F, 0xF2, 0x00, 0x00, 0x2F, 0xC0, 0x00, 0x00, 0x3F, 0x50, 0xFF, 0xFF, 0xFF, 0xFF,
    0xFF, 0xF5, 0x02, 0x00, 0xDD, 0xDD, 0xDD, 0xDD, 0xDD, 0xD4, 0x8F, 0xFF, 0xFF, 0xFF, 0xFF, 0xFF,
    0x50, 0x00, 0x7E, 0xEE, 0xEE, 0xEE, 0xEE, 0xFF, 0x50, 0x00, 0x00, 0x00, 0x00, 0x00, 0x00, 0x9F,
    0x50, 0x00, 0x08, 0x90, 0x00, 0x00, 0x00, 0x9F, 0x50, 0x00, 0x0E, 0xF1, 0x00, 0x00, 0x00, 0x9F,
    0x50, 0x00, 0x0E, 0xF1, 0x00, 0x00, 0x00, 0x9F, 0x50, 0x00, 0x0E, 0xFF, 0xFF, 0xFF, 0xFF, 0xFF,
    0x50, 0x00, 0x0E, 0xFE, 0xEE, 0xEE, 0xEE, 0xFF, 0x50, 0x00, 0x0E, 0xF1, 0x00, 0x00, 0x00, 0x59,
    0x30, 0x00, 0x0E, 0xF1, 0x00, 0x00, 0x00, 0x00, 0x21, 0x00, 0x0E, 0xF1, 0x00, 0x00, 0x00, 0x00,
    0x9F, 0x50, 0x0D, 0xF3, 0x00, 0x00, 0x00, 0x01, 0xEF, 0x30, 0x0A, 0xFF, 0xEE, 0xEE, 0xEE, 0xEF,
    0xFD, 0x00, 0x01, 0x9E, 0xFF, 0xFF, 0xFF, 0xFE, 0xA2, 0x00, 0x00, 0x00, 0x00, 0x00, 0x00, 0x00,
    0x00, 0x00, 0x00, 0x00, 0x03, 0xFA, 0x00, 0x00, 0x00, 0x00, 0x00, 0x00, 0x08, 0xF9, 0x00, 0x00,
    0x00, 0x00, 0x2D, 0xDD, 0xDF, 0xFE, 0xDD, 0xDD, 0xDD, 0xD2, 0x2F, 0xFF, 0xFF, 0xFF, 0xFF, 0xFF,
    0xFF, 0xF2, 0x00, 0x00, 0xDF, 0x50, 0x43, 0x00, 0x00, 0x00, 0x00, 0x06, 0xFE, 0x01, 0xFC, 0x00,
    0x00, 0x00, 0x00, 0x0E, 0xF7, 0x01, 0xFC, 0x00, 0x00, 0x00, 0x00, 0x9F, 0xFF, 0xFF, 0xFF, 0xFF,
    0xFF, 0x60, 0x08, 0xFF, 0xFE, 0xDD, 0xFF, 0xDD, 0xEF, 0x60, 0x7F, 0xFD, 0xF5, 0x01, 0xFC, 0x00,
    0x8F, 0x60, 0x2E, 0x49, 0xF5, 0x01, 0xFC, 0x00, 0x8F, 0x60, 0x00, 0x09, 0xF5, 0x01, 0xFC, 0x00,
    0x8F, 0x60, 0x00, 0x09, 0xF5, 0x01, 0xFC, 0x6B, 0xEF, 0x50, 0x00, 0x09, 0xF5, 0x01, 0xFC, 0x4F,
    0xEA, 0x00, 0x00, 0x01, 0x10, 0x01, 0xFC, 0x00, 0x00, 0x00, 0x00, 0x00, 0x00, 0x01, 0xEB, 0x00,
    0x00, 0x00, 0x00, 0x00, 0x00, 0x00, 0x00, 0x00, 0x00, 0x00, 0x00, 0x01, 0xFD, 0x00, 0x00, 0x00,
    0x00, 0x00, 0x2F, 0xFF, 0xFF, 0xFF, 0x8E, 0xFF, 0xFF, 0xC1, 0x17, 0x78, 0xFE, 0x77, 0x4E, 0xF9,
    0xCF, 0xC0, 0x05, 0x67, 0xFE, 0x66, 0x0E, 0xE0, 0xDE, 0x10, 0x0D, 0xFF, 0xFF, 0xFF, 0x1E, 0xE2,
    0xEE, 0x30, 0x00, 0x01, 0xFD, 0x00, 0x0E, 0xE0, 0x1F, 0xE0, 0x5F, 0xFF, 0xFF, 0xFF, 0x8E, 0xE0,
    0x0D, 0xF2, 0x27, 0x8F, 0xFA, 0x77, 0x4E, 0xEC, 0xFF, 0xE0, 0x08, 0xEF, 0xC0, 0x09, 0x9E, 0xE4,
    0x87, 0x10, 0x08, 0xFB, 0x00, 0x1F, 0xE0, 0x00, 0x00, 0x00, 0x00, 0xEF, 0xFF, 0xFF, 0xFF, 0xFF,
    0xFF, 0x10, 0x00, 0xDF, 0xBB, 0xBF, 0xFB, 0xBB, 0xFF, 0x10, 0x00, 0xDF, 0x10, 0x1F, 0xE0, 0x00,
    0xDF, 0x10, 0x00, 0xDF, 0x10, 0x1F, 0xE0, 0x9A, 0xFF, 0x00, 0x00, 0xDF, 0x10, 0x1F, 0xE0, 0xBF,
    0xE7, 0x00, 0x00, 0x00, 0x00, 0x1E, 0xD0, 0x00, 0x00, 0x00, 0x02, 0x95, 0x00, 0xDD, 0x00, 0x69,
    0x40, 0x03, 0xFE, 0x10, 0xFF, 0x01, 0xFF, 0x40, 0x9A, 0xEE, 0xAA, 0xFF, 0xAB, 0xFE, 0xA9, 0xDF,
    0xFF, 0xFF, 0xFF, 0xFF, 0xFF, 0xFE, 0xDF, 0x00, 0x00, 0x00, 0x00, 0x00, 0xFE, 0xDF, 0x4F, 0xFF,
    0xFF, 0xFF, 0xF4, 0xFE, 0x67, 0x4F, 0xB5, 0x55, 0x5C, 0xF4, 0x76, 0x00, 0x4F, 0xB5, 0x55, 0x5C,
    0xF4, 0x00, 0x00, 0x4F, 0xFF, 0xFF, 0xFF, 0xF4, 0x00, 0x00, 0x00, 0x00, 0xDF, 0x20, 0x00, 0x00,
    0x0C, 0xFF, 0xFF, 0xFF, 0xFF, 0xFF, 0xF0, 0x0C, 0xFC, 0xBB, 0xFF, 0xCB, 0xBF, 0xF0, 0x0C, 0xF2,
    0x00, 0xDF, 0x20, 0x0F, 0xF0, 0x0C, 0xF2, 0x00, 0xDF, 0x20, 0x0F, 0xF0, 0x0C, 0xF2, 0x00, 0xDF,
    0x2D, 0xFF, 0xE0, 0x07, 0x81, 0x00, 0xDF, 0x26, 0xB9, 0x30, 0x00, 0x00, 0x00, 0x12, 0x00, 0x00,
    0x00, 0x00, 0x00, 0x11, 0x00, 0x00, 0x11, 0x00, 0x00, 0x08, 0x88, 0xCF, 0xA8, 0x8B, 0xFC, 0x88,
    0x80, 0x0F, 0xFF, 0xFF, 0xFF, 0xFF, 0xFF, 0xFF, 0xF0, 0x00, 0x00, 0x59, 0x20, 0x03, 0x94, 0x00,
    0x00, 0x00, 0x9F, 0xFF, 0xFF, 0xFF, 0xFF, 0xFA, 0x00, 0x00, 0x9F, 0x52, 0x22, 0x22, 0x25, 0xFA,
    0x00, 0x00, 0x9F, 0xFF, 0xFF, 0xFF, 0xFF, 0xFA, 0x00, 0x00, 0x9F, 0x41, 0x11, 0x11, 0x14, 0xFA,
    0x00, 0x00, 0x9F, 0xFF, 0xFF, 0xFF, 0xFF, 0xFA, 0x00, 0x00, 0x12, 0x2F, 0xF4, 0x22, 0x22, 0x21,
    0x00, 0x3F, 0xFF, 0xFF, 0xFF, 0xFF, 0xFF, 0xFF, 0xF3, 0x17, 0x8F, 0xFD, 0x8F, 0xE7, 0xCF, 0xE8,
    0x71, 0x04, 0xDF, 0xFA, 0x7F, 0xE7, 0x9F, 0xFD, 0x61, 0x5F, 0xFF, 0xFF, 0xFF, 0xFF, 0xFF, 0xFF,
    0xF4, 0x07, 0x2A, 0xF2, 0x0F, 0xD0, 0x0F, 0xD1, 0x50, 0x00, 0x0A, 0xF2, 0x0F, 0xD3, 0xFF, 0xB0,
    0x00, 0x00, 0x04, 0x50, 0x0E, 0xC0, 0x54, 0x00, 0x00, 0x06, 0xFF, 0xFF, 0xFF, 0xFF, 0xFF, 0xFF,
    0x70, 0x06, 0xFF, 0xFF, 0xFF, 0xFF, 0xFF, 0xFF, 0x70, 0x00, 0x00, 0x00, 0x2F, 0xF0, 0x00, 0x00,
    0x00, 0x00, 0x00, 0x00, 0x2F, 0xF0, 0x00, 0x00, 0x00, 0x00, 0x00, 0x00, 0x2F, 0xF0, 0x00, 0x00,
    0x00, 0x00, 0x00, 0x00, 0x2F, 0xF0, 0x00, 0x00, 0x00, 0x3F, 0xFF, 0xFF, 0xFF, 0xFF, 0xFF, 0xFF,
    0xF3, 0x3F, 0xFF, 0xFF, 0xFF, 0xFF, 0xFF, 0xFF, 0xF3, 0x00, 0x00, 0x00, 0x2F, 0xF0, 0x00, 0x00,
    0x00, 0x00, 0x00, 0x00, 0x2F, 0xF0, 0x00, 0x00, 0x00, 0x00, 0x00, 0x00, 0x2F, 0xF0, 0x00, 0x00,
    0x00, 0x00, 0x00, 0x00, 0x2F, 0xF0, 0x00, 0x00, 0x00, 0x00, 0x00, 0x00, 0x2F, 0xF0, 0x00, 0x00,
    0x00, 0x00, 0x00, 0x00, 0x2F, 0xF0, 0x00, 0x00, 0x00, 0x00, 0x00, 0x00, 0x2F, 0xF0, 0x00, 0x00,
    0x00, 0x06, 0xEE, 0xEE, 0xEE, 0xEE, 0xEE, 0xEE, 0x50, 0x06, 0xFF, 0xFF, 0xFF, 0xFF, 0xFF, 0xFF,
    0x50, 0x00, 0x03, 0x20, 0x0F, 0xF0, 0x03, 0x40, 0x00, 0x00, 0x4F, 0xB0, 0x0F, 0xF0, 0x0B, 0xF7,
    0x00, 0x00, 0x0E, 0xF2, 0x0F, 0xF0, 0x1F, 0xF1, 0x00, 0x00, 0x09, 0xF7, 0x0F, 0xF0, 0x8F, 0x80,
    0x00, 0x00, 0x03, 0x40, 0x0F, 0xF0, 0x16, 0x00, 0x00, 0x3E, 0xEE, 0xEE, 0xEF, 0xFE, 0xEE, 0xEE,
    0xE4, 0x4F, 0xFF, 0xFF, 0xFF, 0xFF, 0xFF, 0xFF, 0xF4, 0x00, 0x00, 0x00, 0x0F, 0xF0, 0x00, 0x00,
    0x00, 0x00, 0x00, 0x00, 0x0F, 0xF0, 0x00, 0x00, 0x00, 0x00, 0x00, 0x00, 0x0F, 0xF0, 0x00, 0x00,
    0x00, 0x00, 0x00, 0x00, 0x0F, 0xF0, 0x00, 0x00, 0x00, 0x00, 0x00, 0x00, 0x0F, 0xF0, 0x00, 0x00,
    0x00, 0x00, 0x00, 0x00, 0x0F, 0xF0, 0x00, 0x00, 0x00, 0x00, 0x00, 0x00, 0x00, 0x00, 0x00, 0x00,
    0x00, 0x00, 0x04, 0xD8, 0x00, 0x00, 0x00, 0x00, 0x00, 0x00, 0x0B, 0xF9, 0x00, 0x00, 0x00, 0x00,
    0x00, 0x00, 0x2F, 0xFF, 0xFF, 0xFF, 0xFF, 0xFF, 0x70, 0x00, 0xAF, 0xED, 0xDD, 0xFF, 0xDD, 0xDD,
    0x60, 0x07, 0xFF, 0x10, 0x01, 0xFD, 0x00, 0x00, 0x00, 0x2F, 0xF7, 0x00, 0x01, 0xFD, 0x00, 0x00,
    0x00, 0x06, 0xAD, 0xFF, 0xFF, 0xFF, 0xFF, 0xFF, 0x10, 0x00, 0x0D, 0xFD, 0xCD, 0xFF, 0xCC, 0xCC,
    0x10, 0x00, 0x0D, 0xF1, 0x01, 0xFD, 0x00, 0x00, 0x00, 0x00, 0x0D, 0xF1, 0x01, 0xFD, 0x00, 0x00,
    0x00, 0x4D, 0xDF, 0xFD, 0xDD, 0xFF, 0xDD, 0xDD, 0xD4, 0x5F, 0xFF, 0xFF, 0xFF, 0xFF, 0xFF, 0xFF,
    0xF5, 0x00, 0x00, 0x00, 0x01, 0xFD, 0x00, 0x00, 0x00, 0x00, 0x00, 0x00, 0x01, 0xFD, 0x00, 0x00,
    0x00, 0x00, 0x00, 0x00, 0x01, 0xFD, 0x00, 0x00, 0x00, 0x00, 0x00, 0x00, 0x01, 0xFD, 0x00, 0x00,
    0x00, 0x00, 0x00, 0x00, 0x00, 0x00, 0x00, 0x00, 0x00, 0x00, 0x05, 0xD7, 0x00, 0x00, 0x7E, 0x90,
    0x00, 0x00, 0x03, 0xFF, 0x20, 0x00, 0xDF, 0x80, 0x00, 0x00, 0x00, 0xAF, 0x60, 0x03, 0xFE, 0x00,
    0x00, 0x09, 0xDD, 0xEE, 0xDD, 0xDE, 0xFF, 0xDD, 0xB0, 0x0B, 0xFF, 0xFF, 0xFF, 0xFF, 0xFF, 0xFF,
    0xD0, 0x00, 0x00, 0xCF, 0x40, 0x03, 0xFC, 0x00, 0x00, 0x00, 0x00, 0xCF, 0x40, 0x03, 0xFC, 0x00,
    0x00, 0x00, 0x00, 0xCF, 0x40, 0x03, 0xFC, 0x00, 0x00, 0x3D, 0xDD, 0xFF, 0xDD, 0xDD, 0xFF, 0xDD,
    0xD4, 0x4F, 0xFF, 0xFF, 0xFF, 0xFF, 0xFF, 0xFF, 0xF4, 0x00, 0x01, 0xFF, 0x00, 0x03, 0xFC, 0x00,
    0x00, 0x00, 0x07, 0xFC, 0x00, 0x03, 0xFC, 0x00, 0x00, 0x00, 0x2F, 0xF6, 0x00, 0x03, 0xFC, 0x00,
    0x00, 0x02, 0xDF, 0xD0, 0x00, 0x03, 0xFC, 0x00, 0x00, 0x0E, 0xFF, 0x30, 0x00, 0x03, 0xFC, 0x00,
    0x00, 0x04, 0xD2, 0x00, 0x00, 0x03, 0xFC, 0x00, 0x00, 0x00, 0x00, 0x00, 0x00, 0x00, 0x00, 0x00,
    0x00, 0x00, 0x00, 0x00, 0x04, 0xB7, 0x00, 0x00, 0x00, 0x00, 0x00, 0x00, 0x05, 0xFD, 0x00, 0x00,
    0x00, 0x03, 0xFF, 0xFF, 0xFF, 0xFF, 0xFF, 0xFF, 0xF5, 0x03, 0xFE, 0xCC, 0xCE, 0xDC, 0xCC, 0xCC,
    0xC4, 0x03, 0xFA, 0x00, 0x0E, 0xF2, 0x00, 0x00, 0x00, 0x03, 0xFA, 0xBF, 0xFF, 0xFF, 0xFF, 0xFF,
    0xC0, 0x03, 0xFA, 0x8B, 0xFF, 0xBB, 0xBB, 0xBB, 0x90, 0x04, 0xF9, 0x04, 0xFC, 0x08, 0xA0, 0x00,
    0x00, 0x05, 0xF8, 0x0C, 0xF4, 0x0C, 0xF1, 0x00, 0x00, 0x06, 0xF7, 0x4F, 0xFF, 0xFF, 0xFF, 0xFF,
    0x30, 0x07, 0xF6, 0x0D, 0xBB, 0xBF, 0xFB, 0xBB, 0x20, 0x09, 0xF5, 0x00, 0x00, 0x0C, 0xF1, 0x00,
    0x00, 0x0C, 0xF4, 0xFF, 0xFF, 0xFF, 0xFF, 0xFF, 0xF5, 0x2F, 0xE1, 0xBB, 0xBB, 0xBF, 0xFC, 0xBB,
    0xB3, 0x8F, 0x90, 0x00, 0x00, 0x0C, 0xF1, 0x00, 0x00, 0x0A, 0x20, 0x00, 0x00, 0x0C, 0xF1, 0x00,
    0x00, 0x00, 0x00, 0x00, 0x00, 0x00, 0x00, 0x00, 0x00, 0x00, 0x00, 0x00, 0x00, 0x00, 0x00, 0x00,
    0x00, 0x00, 0x00, 0x00, 0x07, 0xF7, 0x00, 0x00, 0x00, 0x00, 0x00, 0x00, 0x04, 0xFD, 0x00, 0x00,
    0x00, 0x04, 0xFF, 0xFF, 0xFF, 0xFF, 0xFF, 0xFF, 0xF3, 0x04, 0xFF, 0xCC, 0xCC, 0xCC, 0xCC, 0xCC,
    0xC3, 0x04, 0xFA, 0x00, 0x01, 0x50, 0x00, 0x34, 0x00, 0x04, 0xFA, 0x27, 0x08, 0xF5, 0x00, 0x9F,
    0x90, 0x04, 0xFA, 0xBF, 0x34, 0xF9, 0x00, 0xEF, 0x40, 0x05, 0xFA, 0x6F, 0x81, 0xFD, 0x02, 0xFE,
    0x00, 0x06, 0xF9, 0x1F, 0xE0, 0xDF, 0x17, 0xF9, 0x00, 0x06, 0xF8, 0x0C, 0xF2, 0xAF, 0x4D, 0xF3,
    0x00, 0x07, 0xF7, 0x08, 0xF7, 0x58, 0x7F, 0xB0, 0x00, 0x0A, 0xF5, 0x03, 0x81, 0x00, 0xCF, 0x40,
    0x00, 0x0D, 0xF2, 0x00, 0x00, 0x03, 0xFC, 0x00, 0x00, 0x2F, 0xF7, 0xCC, 0xCC, 0xCE, 0xFE, 0xCC,
    0xC5, 0x6F, 0xA8, 0xFF, 0xFF, 0xFF, 0xFF, 0xFF, 0xF6, 0x07, 0x50, 0x00, 0x00, 0x00, 0x00, 0x00,
    0x00, 0x00, 0x00, 0x00, 0x00, 0x00, 0x00, 0x00, 0x00, 0x00, 0x00, 0x00, 0x00, 0x00, 0x00, 0x00,
    0x00, 0x00, 0x00, 0x00, 0x03, 0xB6, 0x00, 0x00, 0x00, 0x00, 0x00, 0x00, 0x04, 0xFD, 0x00, 0x00,
    0x00, 0x03, 0xFF, 0xFF, 0xFF, 0xFF, 0xFF, 0xFF, 0xF5, 0x03, 0xFE, 0xBB, 0xBB, 0xBB, 0xBB, 0xBB,
    0xB4, 0x03, 0xFA, 0x00, 0x12, 0x34, 0x68, 0xB7, 0x00, 0x03, 0xFA, 0x3F, 0xFF, 0xFF, 0xFF, 0xFD,
    0x30, 0x03, 0xFA, 0x3F, 0xC4, 0x18, 0xF6, 0x00, 0x00, 0x04, 0xF9, 0x3F, 0x80, 0x07, 0xF6, 0x00,
    0x00, 0x04, 0xF9, 0x3F, 0xDA, 0xAC, 0xFD, 0xAA, 0x90, 0x05, 0xF8, 0x3F, 0xFF, 0xFF, 0xFF, 0xFF,
    0xE0, 0x07, 0xF6, 0x3F, 0x80, 0x00, 0xFE, 0x00, 0x00, 0x09, 0xF4, 0x3F, 0x80, 0xB8, 0xBF, 0x20,
    0x00, 0x0C, 0xF1, 0x3F, 0x80, 0xCE, 0x7F, 0x70, 0xE3, 0x1F, 0xE0, 0x4F, 0xEF, 0xBF, 0x6F, 0xE4,
    0xF6, 0x7F, 0x80, 0xBF, 0xFD, 0x4F, 0xA8, 0xFF, 0xF2, 0x1A, 0x20, 0x67, 0x20, 0x08, 0x40, 0x7C,
    0x70, 0x00, 0x00, 0x00, 0x00, 0x00, 0x00, 0x00, 0x00, 0x00, 0x00, 0x00, 0x00, 0x00, 0x00, 0x00,
    0x00, 0x00, 0x00, 0x00, 0x05, 0xFA, 0x00, 0x00, 0x00, 0x02, 0xCC, 0xCC, 0xCD, 0xFF, 0xCC, 0xCC,
    0xC3, 0x03, 0xFF, 0xFF, 0xFF, 0xFF, 0xFF, 0xFF, 0xF4, 0x03, 0xFA, 0x00, 0x67, 0x00, 0x07, 0x50,
    0x00, 0x03, 0xFA, 0x00, 0xDF, 0x00, 0x1F, 0xC0, 0x00, 0x03, 0xFA, 0xFF, 0xFF, 0xFF, 0xFF, 0xFF,
    0xF1, 0x03, 0xFA, 0x88, 0xEF, 0x88, 0x9F, 0xE8, 0x81, 0x04, 0xFA, 0x00, 0xDF, 0x77, 0x7F, 0xC0,
    0x00, 0x04, 0xF9, 0x00, 0xDF, 0xFF, 0xFF, 0xC0, 0x00, 0x05, 0xF8, 0x00, 0x00, 0x00, 0x00, 0x00,
    0x00, 0x07, 0xF7, 0xDF, 0xFF, 0xFF, 0xFF, 0xFE, 0x10, 0x09, 0xF5, 0x6C, 0xFC, 0x77, 0x8F, 0xFA,
    0x00, 0x0C, 0xF2, 0x02, 0xEF, 0xA4, 0xDF, 0xB0, 0x00, 0x1F, 0xF0, 0x02, 0x6F, 0xFF, 0xFD, 0x41,
    0x00, 0x6F, 0xA6, 0xFF, 0xFF, 0xFD, 0xFF, 0xFF, 0xE4, 0x29, 0x41, 0xCA, 0x73, 0x00, 0x27, 0xAD,
    0xB0, 0x00, 0x00, 0x20, 0x00, 0x1E, 0xA0, 0x00, 0x00, 0x1F, 0xFF, 0xF7, 0x56, 0x7F, 0xD6, 0x66,
    0x10, 0x1A, 0xAF, 0xF1, 0xCF, 0xFF, 0xFF, 0xFF, 0x40, 0x00, 0x2F, 0xA4, 0x66, 0x7F, 0xD6, 0xAF,
    0x91, 0x00, 0x9F, 0x4A, 0xFF, 0xFF, 0xFF, 0xFF, 0xF2, 0x01, 0xFD, 0x00, 0x00, 0x1F, 0xB0, 0x6F,
    0x40, 0x0B, 0xFF, 0xF7, 0xDF, 0xFF, 0xFF, 0xFF, 0x40, 0x1F, 0xBC, 0xF6, 0x67, 0x8F, 0xD7, 0x77,
    0x20, 0x03, 0x07, 0xF4, 0x55, 0x6F, 0xD5, 0x55, 0x20, 0x0D, 0x8A, 0xF1, 0xFF, 0xFF, 0xFF, 0xFF,
    0x70, 0x08, 0xFE, 0xC4, 0x77, 0x8F, 0xD7, 0x77, 0x70, 0x01, 0xFF, 0x79, 0xFF, 0xFF, 0xFF, 0xFF,
    0xF0, 0x00, 0xDF, 0xC1, 0x00, 0x1F, 0xB0, 0x00, 0x00, 0x06, 0xFF, 0xFF, 0x95, 0x37, 0x40, 0x00,
    0x00, 0x4F, 0xF4, 0x9F, 0xFF, 0xFF, 0xFF, 0xFF, 0xF4, 0x0B, 0x40, 0x01, 0x57, 0x9A, 0xBB, 0xBB,
    0xA0, 0x00, 0x00, 0x00, 0x00, 0x00, 0x00, 0x00, 0x00, 0x0B, 0xFF, 0xFF, 0xFF, 0xFF, 0xFF, 0xFF,
    0xD0, 0x09, 0xDD, 0xFF, 0xED, 0xDD, 0xFF, 0xDD, 0xB0, 0x00, 0x00, 0xAF, 0x50, 0x00, 0xFF, 0x00,
    0x00, 0x00, 0x00, 0xAF, 0x50, 0x00, 0xFF, 0x00, 0x00, 0x00, 0x00, 0xAF, 0x50, 0x00, 0xFF, 0x00,
    0x00, 0x00, 0x00, 0xAF, 0x50, 0x00, 0xFF, 0x00, 0x00, 0x3D, 0xDD, 0xFF, 0xED, 0xDD, 0xFF, 0xDD,
    0xD4, 0x4F, 0xFF, 0xFF, 0xFF, 0xFF, 0xFF, 0xFF, 0xF4, 0x00, 0x00, 0xEF, 0x10, 0x00, 0xFF, 0x00,
    0x00, 0x00, 0x03, 0xFF, 0x00, 0x00, 0xFF, 0x00, 0x00, 0x00, 0x09, 0xFA, 0x00, 0x00, 0xFF, 0x00,
    0x00, 0x00, 0x3F, 0xF4, 0x00, 0x00, 0xFF, 0x00, 0x00, 0x02, 0xEF, 0xA0, 0x00, 0x00, 0xFF, 0x00,
    0x00, 0x1E, 0xFD, 0x10, 0x00, 0x00, 0xFF, 0x00, 0x00, 0x04, 0xC1, 0x00, 0x00, 0x00, 0xFF, 0x00,
    0x00, 0x00, 0x00, 0x00, 0x00, 0x00, 0x00, 0x00, 0x00, 0x00, 0xEF, 0xFF, 0xFF, 0xFF, 0xFF, 0xF6,
    0x00, 0x00, 0xEF, 0x99, 0x99, 0x99, 0x9C, 0xF6, 0x00, 0x00, 0xEF, 0x00, 0x00, 0x00, 0x07, 0xF6,
    0x00, 0x00, 0xEF, 0xFF, 0xFF, 0xFF, 0xFF, 0xF6, 0x00, 0x00, 0xEF, 0x99, 0x99, 0x99, 0x99, 0x97,
    0x10, 0x00, 0xDF, 0x30, 0x00, 0x00, 0x00, 0x1E, 0xF0, 0x00, 0x9F, 0xFF, 0xFF, 0xFF, 0xFF, 0xFF,
    0xB0, 0x00, 0x05, 0x9A, 0xAA, 0xAA, 0xAA, 0x97, 0x10, 0x00, 0x00, 0xFD, 0x00, 0x00, 0xEF, 0x00,
    0x00, 0x3B, 0xBB, 0xFF, 0xBB, 0xBB, 0xFF, 0xBB, 0xB3, 0x4F, 0xFF, 0xFF, 0xFF, 0xFF, 0xFF, 0xFF,
    0xF5, 0x00, 0x0C, 0xF7, 0x00, 0x00, 0xEF, 0x00, 0x00, 0x01, 0xBF, 0xE1, 0x00, 0x00, 0xEF, 0x00,
    0x00, 0x1E, 0xFF, 0x40, 0x00, 0x00, 0xEF, 0x00, 0x00, 0x05, 0xB2, 0x00, 0x00, 0x00, 0xEE, 0x00,
    0x00, 0x00, 0x00, 0x00, 0x00, 0x00, 0x00, 0x00, 0x00, 0x00, 0x00, 0x00, 0x00, 0x4E, 0xA1, 0xB4,
    0x00, 0x00, 0x00, 0x00, 0x00, 0x4F, 0xC3, 0xFF, 0x50, 0x00, 0x00, 0x00, 0x00, 0x4F, 0xC0, 0x3E,
    0x40, 0x2F, 0xFF, 0xFF, 0xFF, 0xFF, 0xFF, 0xFF, 0xF3, 0x2D, 0xDD, 0xDD, 0xDD, 0xEF, 0xFD, 0xDD,
    0xD3, 0x00, 0x00, 0x00, 0x00, 0x1F, 0xE0, 0x00, 0x00, 0x00, 0x00, 0x00, 0x00, 0x0F, 0xF0, 0x00,
    0x00, 0x09, 0xFF, 0xFF, 0xFF, 0x5E, 0xF1, 0x00, 0x00, 0x07, 0xDE, 0xFF, 0xDD, 0x4C, 0xF3, 0x00,
    0x00, 0x00, 0x02, 0xFB, 0x00, 0x0A, 0xF6, 0x00, 0x00, 0x00, 0x02, 0xFB, 0x00, 0x07, 0xF9, 0x00,
    0x00, 0x00, 0x02, 0xFB, 0x00, 0x03, 0xFD, 0x01, 0xA1, 0x00, 0x02, 0xFD, 0x7A, 0xA0, 0xFF, 0x22,
    0xF8, 0x08, 0xBE, 0xFF, 0xFF, 0xD0, 0x9F, 0xB6, 0xF6, 0x0E, 0xFF, 0xEA, 0x74, 0x00, 0x1F, 0xFF,
    0xF2, 0x05, 0x51, 0x00, 0x00, 0x00, 0x03, 0xDF, 0x80, 0x2F, 0xFF, 0xFF, 0x0D, 0xFF, 0xFF, 0xFF,
    0x30, 0x2B, 0xBB, 0xEF, 0x0D, 0xF9, 0x99, 0xDF, 0x30, 0x00, 0x00, 0xBF, 0x0D, 0xE0, 0x00, 0x9F,
    0x30, 0x00, 0x00, 0xBF, 0x0D, 0xFF, 0xFF, 0xFF, 0x30, 0x0E, 0xFF, 0xFF, 0x07, 0x9A, 0xFD, 0x99,
    0x20, 0x0F, 0xEB, 0xBB, 0x28, 0x8A, 0xFD, 0x88, 0x50, 0x1F, 0xA0, 0x00, 0x2F, 0xFF, 0xFF, 0xFF,
    0xB0, 0x2F, 0x80, 0x00, 0x2F, 0x73, 0xF9, 0x0F, 0xB0, 0x4F, 0xFF, 0xFF, 0x4F, 0x73, 0xF9, 0x0F,
    0xB0, 0x4B, 0xBB, 0xFF, 0x3F, 0xFF, 0xFF, 0xFF, 0xB0, 0x00, 0x00, 0xEF, 0x18, 0x8A, 0xFD, 0x9E,
    0x60, 0x00, 0x00, 0xFD, 0x00, 0x03, 0xF9, 0x7F, 0x70, 0x00, 0x02, 0xFB, 0x00, 0x04, 0xFD, 0xBF,
    0xE0, 0x05, 0xAD, 0xF8, 0xCF, 0xFF, 0xFF, 0xFF, 0xF5, 0x02, 0xFF, 0xC1, 0xAC, 0x96, 0x53, 0x13,
    0xE5, 0x00, 0x00, 0x00, 0x00, 0x00, 0x00, 0x00, 0x00, 0x00, 0x10, 0x00, 0xFF, 0x00, 0x04, 0x10,
    0x1E, 0xD0, 0x00, 0xFF, 0x00, 0x0F, 0xF4, 0x0B, 0xF7, 0x00, 0xFF, 0x00, 0x6F, 0xD0, 0x03, 0xFE,
    0x00, 0xFF, 0x00, 0xCF, 0x50, 0x00, 0xCF, 0x30, 0xFF, 0x04, 0xFC, 0x00, 0x00, 0x31, 0x00, 0xFF,
    0x00, 0x33, 0x00, 0x0E, 0xFF, 0xFF, 0xFF, 0xFF, 0xFF, 0xF2, 0x0E, 0xEE, 0xEE, 0xEE, 0xEE, 0xEF,
    0xF2, 0x00, 0x00, 0x00, 0x00, 0x00, 0x0D, 0xF2, 0x00, 0x00, 0x00, 0x00, 0x00, 0x0D, 0xF2, 0x05,
    0xFF, 0xFF, 0xFF, 0xFF, 0xFF, 0xF2, 0x05, 0xDD, 0xDD, 0xDD, 0xDD, 0xDF, 0xF2, 0x00, 0x00, 0x00,
    0x00, 0x00, 0x0D, 0xF2, 0x4E, 0xEE, 0xEE, 0xEE, 0xEE, 0xEF, 0xF2, 0x4F, 0xFF, 0xFF, 0xFF, 0xFF,
    0xFF, 0xF2, 0x00, 0x00, 0x00, 0x00, 0x00, 0x0B, 0xD2, 0x00, 0x00, 0x00, 0x00, 0x00, 0x00, 0x00,
    0x00, 0x01, 0xFF, 0xFF, 0xFF, 0xFF, 0xFF, 0xF6, 0x00, 0x00, 0xCC, 0xCC, 0xCC, 0xCC, 0xCE, 0xF5,
    0x00, 0x00, 0x00, 0x00, 0x00, 0x00, 0x0B, 0xF5, 0x00, 0x00, 0x8F, 0xFF, 0xFF, 0xFF, 0xFF, 0xF4,
    0x00, 0x00, 0x6B, 0xBB, 0xBB, 0xBB, 0xBF, 0xF3, 0x00, 0x0A, 0xAA, 0xAA, 0xAA, 0xAA, 0xAF, 0xFB,
    0xA0, 0x0F, 0xFF, 0xFF, 0xFF, 0xFF, 0xFF, 0xFF, 0xF1, 0x00, 0x4A, 0x10, 0x0F, 0xF1, 0x00, 0xC6,
    0x00, 0x00, 0xCF, 0xF4, 0x0F, 0xFA, 0x1C, 0xFD, 0x10, 0x00, 0x08, 0xFC, 0x1F, 0xFF, 0xEF, 0xB0,
    0x00, 0x00, 0x00, 0x8B, 0xFF, 0xFF, 0xFB, 0x00, 0x00, 0x00, 0x6C, 0xFF, 0xFF, 0xE4, 0xFF, 0xB1,
    0x00, 0x0E, 0xFF, 0xE7, 0x1F, 0xE0, 0x4F, 0xFF, 0xB1, 0x07, 0xC6, 0x29, 0xAF, 0xD0, 0x01, 0x9F,
    0xA0, 0x00, 0x00, 0x0D, 0xFD, 0x50, 0x00, 0x02, 0x00, 0x00, 0x00, 0x00, 0x00, 0x00, 0x00, 0x00,
    0x00, 0x00, 0x00, 0x00, 0x00, 0x00, 0x00, 0x29, 0x20, 0x3F, 0xFF, 0xFF, 0xFF, 0xF3, 0x02, 0xEF,
    0x80, 0x2C, 0xEF, 0xDC, 0xFF, 0xC2, 0x3E, 0xFA, 0x00, 0x00, 0xAF, 0x20, 0xFD, 0x07, 0xFF, 0xB0,
    0x00, 0x00, 0xAF, 0x20, 0xFD, 0x06, 0xF8, 0x00, 0x00, 0x00, 0xAF, 0x20, 0xFD, 0x00, 0x30, 0x0A,
    0x50, 0x00, 0xAF, 0x20, 0xFD, 0x00, 0x00, 0xAF, 0xC0, 0x7F, 0xFF, 0xFF, 0xFF, 0xF6, 0x09, 0xFD,
    0x10, 0x6C, 0xEF, 0xCC, 0xFF, 0xC7, 0xCF, 0xE2, 0x00, 0x00, 0xCF, 0x10, 0xFD, 0x05, 0xFB, 0x11,
    0x00, 0x00, 0xEF, 0x00, 0xFD, 0x00, 0x30, 0x0B, 0xE4, 0x00, 0xFD, 0x00, 0xFD, 0x00, 0x00, 0x8F,
    0xB0, 0x05, 0xFA, 0x00, 0xFD, 0x00, 0x09, 0xFE, 0x10, 0x0C, 0xF4, 0x00, 0xFD, 0x04, 0xDF, 0xE3,
    0x00, 0x6F, 0xD0, 0x00, 0xFD, 0x5F, 0xFB, 0x10, 0x00, 0x1C, 0x30, 0x00, 0xFD, 0x09, 0x70, 0x00,
    0x00, 0x00, 0x00, 0x00, 0x00, 0x00, 0x00, 0x00, 0x00, 0x01, 0x22, 0x22, 0x22, 0x20, 0x00, 0x14,
    0x00, 0x08, 0xFF, 0xFF, 0xFF, 0xF2, 0x00, 0xCF, 0x80, 0x08, 0xF4, 0x11, 0x1C, 0xF2, 0x0A, 0xFD,
    0x00, 0x08, 0xFF, 0xFF, 0xFF, 0xF3, 0xBF, 0xF2, 0x00, 0x08, 0xF5, 0x22, 0x2C, 0xF9, 0xFE, 0x30,
    0x00, 0x08, 0xFF, 0xFF, 0xFF, 0xF2, 0x71, 0x06, 0x30, 0x27, 0x77, 0xCF, 0x87, 0x75, 0x00, 0x9F,
    0xB0, 0x4F, 0xFF, 0xFF, 0xFF, 0xFB, 0x0A, 0xFC, 0x00, 0x01, 0x33, 0x33, 0x33, 0x32, 0xDF, 0xD1,
    0x00, 0x04, 0xFF, 0xFF, 0xFF, 0xE4, 0xFA, 0x00, 0x00, 0x04, 0xF9, 0x33, 0x3F, 0xE0, 0x20, 0x0B,
    0xD3, 0x04, 0xFF, 0xFF, 0xFF, 0xE0, 0x00, 0x7F, 0xB0, 0x02, 0xC5, 0xBF, 0x6B, 0x10, 0x07, 0xFE,
    0x10, 0x0B, 0xF4, 0xBF, 0x5F, 0x82, 0xCF, 0xF4, 0x00, 0x1E, 0xB8, 0xEF, 0x1A, 0xEC, 0xFD, 0x20,
    0x00, 0x02, 0x1B, 0xFA, 0x02, 0x12, 0x90, 0x00, 0x00, 0x00, 0x07, 0x81, 0x00, 0x00, 0x00, 0x00,
    0x00, 0x00, 0x5F, 0xF3, 0xBF, 0xFF, 0xFF, 0xFE, 0x50, 0x06, 0xFF, 0x50, 0x8B, 0xBB, 0xBD, 0xFF,
    0x30, 0x5F, 0xF6, 0x00, 0x00, 0x00, 0x3E, 0xF8, 0x00, 0x0D, 0x44, 0xF7, 0x00, 0x05, 0xFF, 0xA0,
    0x00, 0x00, 0x1E, 0xF5, 0x01, 0xAF, 0xFF, 0xA2, 0x00, 0x00, 0xBF, 0xB2, 0x8F, 0xFF, 0x8E, 0xFF,
    0x80, 0x0B, 0xFF, 0x7D, 0xFF, 0xB1, 0x00, 0x8F, 0xF3, 0x8F, 0xFF, 0x73, 0xA3, 0x00, 0x00, 0x02,
    0x60, 0x3F, 0xBF, 0x70, 0xBF, 0xFF, 0xFF, 0xFF, 0x80, 0x02, 0x7F, 0x70, 0x8C, 0xCE, 0xFD, 0xCC,
    0x60, 0x00, 0x7F, 0x70, 0x00, 0x08, 0xF7, 0x00, 0x00, 0x00, 0x7F, 0x70, 0x00, 0x08, 0xF7, 0x00,
    0x00, 0x00, 0x7F, 0x70, 0x00, 0x08, 0xF7, 0x00, 0x00, 0x00, 0x7F, 0x79, 0xFF, 0xFF, 0xFF, 0xFF,
    0xF6, 0x00, 0x7F, 0x77, 0xCC, 0xCC, 0xCC, 0xCC, 0xC4, 0x00, 0x09, 0x92, 0x00, 0x08, 0xE4, 0x00,
    0x00, 0x00, 0x6F, 0xE1, 0x00, 0x09, 0xF5, 0x00, 0x00, 0x07, 0xFF, 0x30, 0xDF, 0xFF, 0xFF, 0xFF,
    0xC0, 0x5F, 0xF4, 0x10, 0xAB, 0xBE, 0xFD, 0xBB, 0x90, 0x0C, 0x36, 0xF7, 0x00, 0x09, 0xF5, 0x00,
    0x00, 0x00, 0x2F, 0xEB, 0xBB, 0xBE, 0xFD, 0xBB, 0xB6, 0x02, 0xEF, 0x8C, 0xFF, 0xFF, 0xFF, 0xFF,
    0xF8, 0x3E, 0xFF, 0x70, 0x00, 0x00, 0x06, 0xF8, 0x00, 0x7F, 0xEF, 0x77, 0xBB, 0xBB, 0xBD, 0xFD,
    0xB4, 0x09, 0x5F, 0x79, 0xFF, 0xFF, 0xFF, 0xFF, 0xF6, 0x00, 0x5F, 0x70, 0x1A, 0x20, 0x06, 0xF8,
    0x00, 0x00, 0x5F, 0x70, 0x7F, 0xC0, 0x06, 0xF8, 0x00, 0x00, 0x5F, 0x70, 0x0D, 0xF4, 0x06, 0xF8,
    0x00, 0x00, 0x5F, 0x70, 0x06, 0xF6, 0x06, 0xF8, 0x00, 0x00, 0x5F, 0x70, 0x00, 0x26, 0xCE, 0xF7,
    0x00, 0x00, 0x5F, 0x70, 0x00, 0x03, 0xFE, 0xB1, 0x00, 0x00, 0x07, 0x50, 0x00, 0x00, 0x00, 0x00,
    0x00, 0x00, 0x4F, 0xF3, 0xBF, 0xFF, 0xFF, 0xFF, 0x10, 0x04, 0xFF, 0x60, 0xBF, 0xBA, 0xAA, 0xEF,
    0x10, 0x4F, 0xF7, 0x00, 0xBF, 0x20, 0x00, 0xCF, 0x10, 0x1E, 0x53, 0xC4, 0xBF, 0xFF, 0xFF, 0xFF,
    0x10, 0x01, 0x1E, 0xF5, 0xBF, 0xA8, 0x88, 0xEF, 0x10, 0x00, 0xBF, 0xB0, 0xBF, 0x20, 0x00, 0xCF,
    0x10, 0x0C, 0xFF, 0x70, 0xBF, 0xFF, 0xFF, 0xFF, 0x10, 0x8F, 0xFF, 0x70, 0xBF, 0xBE, 0xFA, 0xAB,
    0x00, 0x2E, 0x9F, 0x70, 0xBF, 0x29, 0xF3, 0x2D, 0x60, 0x01, 0x5F, 0x70, 0xBF, 0x23, 0xFB, 0xEF,
    0xA0, 0x00, 0x5F, 0x70, 0xBF, 0x20, 0xCF, 0xF5, 0x00, 0x00, 0x5F, 0x70, 0xBF, 0x20, 0x4F, 0xE2,
    0x00, 0x00, 0x5F, 0x70, 0xDF, 0xBE, 0x69, 0xFE, 0x60, 0x00, 0x5F, 0x74, 0xFF, 0xFF, 0x60, 0xBF,
    0xF4, 0x00, 0x5F, 0x70, 0xC9, 0x40, 0x00, 0x07, 0x80, 0x00, 0x00, 0x00, 0x00, 0x00, 0x00, 0x00,
    0x00, 0x00, 0x08, 0x81, 0x35, 0x55, 0x55, 0x55, 0x20, 0x00, 0x7F, 0xE2, 0x8F, 0xFF, 0xFF, 0xFF,
    0x70, 0x09, 0xFF, 0x30, 0x8F, 0x73, 0x33, 0x9F, 0x70, 0x7F, 0xE3, 0x00, 0x8F, 0xFF, 0xFF, 0xFF,
    0x70, 0x0C, 0x24, 0xE5, 0x8F, 0x40, 0x00, 0x7F, 0x70, 0x00, 0x1E, 0xF4, 0x8F, 0xFF, 0xFF, 0xFF,
    0x70, 0x00, 0xCF, 0xA0, 0x35, 0x55, 0x55, 0x55, 0x20, 0x1C, 0xFF, 0x63, 0x88, 0x88, 0x88, 0x88,
    0x80, 0xAF, 0xFF, 0x65, 0xFF, 0xFF, 0xFF, 0xFF, 0xF0, 0x4E, 0xAF, 0x60, 0x00, 0x00, 0x0D, 0xF1,
    0x00, 0x02, 0x7F, 0x6B, 0xFF, 0xFF, 0xFF, 0xFF, 0xF4, 0x00, 0x7F, 0x67, 0xAE, 0xAA, 0xAF, 0xFA,
    0xA3, 0x00, 0x7F, 0x60, 0x6F, 0x80, 0x0D, 0xF1, 0x00, 0x00, 0x7F, 0x60, 0x0C, 0xF5, 0x0D, 0xF1,
    0x00, 0x00, 0x7F, 0x60, 0x02, 0x97, 0xAF, 0xF0, 0x00, 0x00, 0x7F, 0x60, 0x00, 0x05, 0xFE, 0x80,
    0x00, 0x00, 0x00, 0x00, 0x71, 0x00, 0x00, 0x00, 0x00, 0x00, 0x00, 0x07, 0xFE, 0x40, 0x00, 0x00,
    0x00, 0x00, 0x00, 0x00, 0xBF, 0xF7, 0x00, 0x00, 0x00, 0x00, 0x00, 0x00, 0x08, 0xFF, 0x90, 0x00,
    0x00, 0x00, 0x00, 0x00, 0x00, 0x6F, 0x70, 0x00, 0x00, 0x00, 0x00, 0x4F, 0xB0, 0x04, 0x00, 0x14,
    0x00, 0x04, 0xD7, 0x4F, 0xB0, 0x00, 0x01, 0xFF, 0x00, 0x06, 0xF8, 0x4F, 0xB0, 0x00, 0x00, 0xCF,
    0x50, 0x08, 0xF6, 0x4F, 0xB0, 0x00, 0x00, 0x6F, 0xB0, 0x0A, 0xF4, 0x4F, 0xB0, 0x00, 0x00, 0x1F,
    0xF0, 0x0E, 0xF2, 0x4F, 0xB0, 0x00, 0x01, 0x0C, 0xF4, 0x2F, 0xF0, 0x4F, 0xB0, 0x00, 0x1F, 0x68,
    0xF8, 0x4F, 0xC0, 0x4F, 0xB0, 0x00, 0x2F, 0xA4, 0x70, 0x02, 0x40, 0x4F, 0xD0, 0x00, 0x6F, 0x80,
    0x00, 0x00, 0x00, 0x1F, 0xFF, 0xFF, 0xFF, 0x30, 0x00, 0x00, 0x00, 0x05, 0xBC, 0xCC, 0xB6, 0x00,
    0x00, 0x00, 0x00, 0x05, 0xA0, 0x00, 0x00, 0x00, 0x00, 0x00, 0x00, 0x0E, 0xFD, 0x20, 0x01, 0xC6,
    0x00, 0x00, 0x00, 0x02, 0xDF, 0xF5, 0x09, 0xFD, 0x00, 0x00, 0x00, 0x01, 0x1B, 0xF7, 0x2F, 0xF4,
    0x00, 0x00, 0x20, 0x6F, 0xA0, 0x60, 0xBF, 0xB0, 0x00, 0x02, 0xFB, 0x6F, 0xA0, 0x05, 0xFF, 0x20,
    0x00, 0x05, 0xF9, 0x6F, 0xA0, 0x2F, 0xF9, 0xB8, 0x00, 0x09, 0xF6, 0x6F, 0xA1, 0xEF, 0xB2, 0xFF,
    0x10, 0x0E, 0xF2, 0x6F, 0xAC, 0xFD, 0x00, 0xAF, 0x90, 0x4F, 0xE0, 0x6F, 0xFF, 0xE2, 0x00, 0x2F,
    0xF0, 0x5E, 0x80, 0x6F, 0xFE, 0x30, 0x00, 0x0C, 0xF6, 0x00, 0x02, 0xDF, 0xE3, 0x00, 0x0B, 0x46,
    0xB2, 0x00, 0x6F, 0xFF, 0xA0, 0x00, 0x0F, 0xE0, 0x00, 0x3D, 0xFF, 0xDF, 0xB0, 0x00, 0x4F, 0xC0,
    0x00, 0x2E, 0xD4, 0x3F, 0xFF, 0xFF, 0xFF, 0x70, 0x00, 0x02, 0x00, 0x07, 0xDE, 0xEE, 0xD9, 0x00,
    0x00, 0x00, 0x00, 0x00, 0x0F, 0xF0, 0x00, 0x00, 0x00, 0x00, 0x00, 0x00, 0x0F, 0xF0, 0x00, 0x00,
    0x00, 0x1C, 0xCC, 0xCC, 0xCF, 0xFC, 0xCC, 0xCC, 0xC2, 0x2F, 0xFF, 0xFF, 0xFF, 0xFF, 0xFF, 0xFF,
    0xF3, 0x00, 0x00, 0x00, 0x0F, 0xF0, 0x00, 0x00, 0x00, 0x00, 0x00, 0x00, 0x0F, 0xF0, 0x00, 0x00,
    0x00, 0x01, 0xCC, 0xCC, 0xDF, 0xFC, 0xCC, 0xCC, 0x20, 0x01, 0xFF, 0xFF, 0xFF, 0xFF, 0xFF, 0xFF,
    0x30, 0x00, 0x00, 0x00, 0x6D, 0x30, 0x00, 0x00, 0x00, 0x00, 0x00, 0x00, 0x9F, 0xF7, 0x00, 0x00,
    0x00, 0x01, 0xB4, 0xDF, 0x05, 0xFF, 0x72, 0xB9, 0x00, 0x05, 0xF8, 0xDF, 0x00, 0x4E, 0x20, 0xEF,
    0x10, 0x0B, 0xF4, 0xDF, 0x00, 0x00, 0x29, 0xBF, 0x90, 0x2F, 0xE0, 0xDF, 0x20, 0x00, 0x7F, 0x9F,
    0xF0, 0x1A, 0x80, 0xAF, 0xFF, 0xFF, 0xFF, 0x3B, 0xB2, 0x00, 0x00, 0x18, 0xAB, 0xBB, 0xA5, 0x00,
    0x00, 0x00, 0x8E, 0x40, 0x00, 0x0E, 0xD0, 0x00, 0x00, 0x00, 0x9F, 0x50, 0x00, 0x0F, 0xE0, 0x00,
    0x00, 0x00, 0x9F, 0x50, 0x00, 0x0F, 0xE0, 0x00, 0x00, 0x02, 0x9F, 0xB4, 0xCF, 0xFF, 0xFF, 0xFF,
    0x50, 0x0F, 0xFF, 0xFC, 0xAC, 0xCF, 0xFC, 0xEF, 0x50, 0x2F, 0xDF, 0xCF, 0x20, 0x0F, 0xE0, 0x7F,
    0x50, 0x5F, 0xBF, 0x7E, 0x30, 0x0F, 0xE0, 0x7F, 0x50, 0x9F, 0x9F, 0x50, 0x00, 0x1F, 0xD0, 0x7F,
    0x50, 0x47, 0x9F, 0x58, 0xFF, 0xFF, 0xFF, 0xFF, 0xF6, 0x00, 0x9F, 0x57, 0xDD, 0xEF, 0xFF, 0xDD,
    0xD5, 0x00, 0x9F, 0x50, 0x00, 0x9F, 0xFE, 0x10, 0x00, 0x00, 0x9F, 0x50, 0x01, 0xEF, 0xBF, 0x90,
    0x00, 0x00, 0x9F, 0x50, 0x0A, 0xF9, 0x1F, 0xF4, 0x00, 0x00, 0x9F, 0x50, 0x9F, 0xE1, 0x08, 0xFF,
    0x70, 0x00, 0x9F, 0x6D, 0xFE, 0x30, 0x00, 0xBF, 0xF6, 0x00, 0x9F, 0x56, 0xC2, 0x00, 0x00, 0x08,
    0xA0, 0x00, 0x00, 0x00, 0x00, 0x00, 0x00, 0x00, 0x00, 0x00, 0x00, 0xC8, 0x00, 0x00, 0x00, 0x00,
    0x00, 0x00, 0x08, 0xFC, 0x00, 0x00, 0x00, 0x00, 0x00, 0x00, 0x1F, 0xFF, 0xFF, 0xFF, 0xFF, 0xFF,
    0x60, 0x01, 0xDF, 0xCC, 0xFF, 0xBE, 0xFC, 0xEF, 0x50, 0x1D, 0xFC, 0x0B, 0xF6, 0x1F, 0xE0, 0xAF,
    0x40, 0x09, 0xD1, 0x7F, 0xB0, 0xAF, 0x60, 0xBF, 0x30, 0x00, 0x17, 0xFF, 0x23, 0xFD, 0x00, 0xDF,
    0x10, 0x00, 0xBF, 0xF4, 0x3F, 0xF5, 0x00, 0xFF, 0x00, 0x00, 0x8E, 0x33, 0xFF, 0x83, 0xBD, 0xFC,
    0x00, 0x00, 0x00, 0x00, 0xB9, 0x21, 0xFF, 0xD3, 0x00, 0x04, 0x92, 0xDE, 0x0D, 0xE2, 0x00, 0x46,
    0x00, 0x09, 0xF4, 0xEF, 0x06, 0xFC, 0x00, 0xDF, 0x30, 0x0D, 0xF0, 0xEF, 0x00, 0xB7, 0x7A, 0x8F,
    0xA0, 0x3F, 0xB0, 0xEF, 0x10, 0x00, 0xAF, 0x3F, 0xF1, 0x3B, 0x50, 0xBF, 0xFF, 0xFF, 0xFE, 0x08,
    0x81, 0x00, 0x00, 0x29, 0xBB, 0xBB, 0xA3, 0x00, 0x00, 0x00, 0x00, 0x00, 0x02, 0x20, 0x00, 0x00,
    0x00, 0x00, 0x00, 0x00, 0x0F, 0xF0, 0x00, 0x00, 0x00, 0x00, 0x00, 0x00, 0x1F, 0xD0, 0x00, 0x00,
    0x00, 0x2B, 0xBB, 0xBB, 0xCF, 0xFB, 0xBB, 0xBB, 0xB3, 0x3F, 0xFF, 0xFF, 0xFF, 0xFF, 0xFF, 0xFF,
    0xF4, 0x00, 0x00, 0x01, 0xFF, 0xCF, 0x80, 0x00, 0x00, 0x00, 0x00, 0x09, 0xFB, 0x2F, 0xF4, 0x00,
    0x00, 0x00, 0x00, 0x8F, 0xF3, 0x08, 0xFF, 0x50, 0x00, 0x00, 0x4D, 0xFF, 0xBF, 0xA1, 0xBF, 0xFC,
    0x50, 0x2E, 0xFF, 0xE3, 0x4E, 0xFD, 0x28, 0xFF, 0xF4, 0x0B, 0xD7, 0x00, 0x07, 0xF7, 0x00, 0x3A,
    0xA0, 0x01, 0x61, 0x56, 0x5F, 0xE1, 0x00, 0x68, 0x00, 0x03, 0xFA, 0xCF, 0x18, 0xFC, 0x00, 0xDF,
    0x20, 0x07, 0xF6, 0xCF, 0x10, 0xCB, 0x2A, 0xAF, 0x90, 0x0E, 0xF2, 0xCF, 0x30, 0x00, 0x5F, 0x9F,
    0xF0, 0x3F, 0xB0, 0x9F, 0xFF, 0xFF, 0xFF, 0x5A, 0xF4, 0x01, 0x30, 0x18, 0xAB, 0xBB, 0xA6, 0x02,
    0x10, 0x00, 0x00, 0x00, 0x00, 0x00, 0x00, 0x00, 0x00, 0x00, 0x9F, 0x40, 0x03, 0x04, 0xE9, 0x00,
    0x00, 0x00, 0x9F, 0x40, 0x3F, 0xB4, 0xFA, 0x00, 0x00, 0x00, 0x9F, 0x61, 0x6F, 0x84, 0xFA, 0x00,
    0x00, 0x0E, 0xEF, 0xF9, 0xAF, 0xED, 0xFE, 0xCC, 0xB0, 0x2F, 0xEF, 0xDF, 0xEF, 0xFF, 0xFF, 0xFF,
    0xE0, 0x4F, 0xCF, 0x8D, 0xFC, 0x04, 0xFA, 0x00, 0x00, 0x7F, 0xAF, 0x47, 0xF7, 0x04, 0xFA, 0x00,
    0x00, 0x9D, 0x9F, 0x40, 0x51, 0x04, 0xFA, 0x00, 0x00, 0x01, 0x9F, 0x40, 0x4C, 0xCD, 0xFE, 0xCC,
    0x70, 0x00, 0x9F, 0x40, 0x6F, 0xFF, 0xFF, 0xFF, 0x90, 0x00, 0x9F, 0x40, 0x00, 0x04, 0xFA, 0x00,
    0x00, 0x00, 0x9F, 0x40, 0x00, 0x04, 0xFA, 0x00, 0x00, 0x00, 0x9F, 0x40, 0x00, 0x04, 0xFA, 0x00,
    0x00, 0x00, 0x9F, 0x47, 0xCC, 0xCD, 0xFE, 0xCC, 0xC5, 0x00, 0x9F, 0x49, 0xFF, 0xFF, 0xFF, 0xFF,
    0xF6, 0x00, 0x9F, 0x40, 0x00, 0x00, 0x00, 0x00, 0x00, 0x00, 0x00, 0x00, 0x00, 0x00, 0x00, 0x00,
    0x00, 0x00, 0x00, 0x8B, 0x00, 0x00, 0xA9, 0x20, 0x00, 0x00, 0x00, 0xCF, 0x60, 0x02, 0xFF, 0x20,
    0x00, 0x00, 0x00, 0x3F, 0xD0, 0x09, 0xF9, 0x00, 0x00, 0x00, 0x4C, 0xCF, 0xDC, 0xCF, 0xFD, 0xC5,
    0x00, 0x00, 0x5F, 0xFF, 0xFF, 0xFF, 0xFF, 0xF6, 0x00, 0x00, 0x5F, 0xC0, 0x00, 0x00, 0x0B, 0xF6,
    0x00, 0x00, 0x5F, 0xC0, 0x00, 0x00, 0x0B, 0xF6, 0x00, 0x00, 0x5F, 0xFC, 0xCC, 0xCC, 0xCF, 0xF6,
    0x00, 0x00, 0x5F, 0xFF, 0xFF, 0xFF, 0xFF, 0xF6, 0x00, 0x00, 0x00, 0x00, 0x0B, 0xC1, 0x00, 0x01,
    0x00, 0x03, 0xA4, 0xBF, 0x5B, 0xFE, 0x10, 0xBD, 0x00, 0x07, 0xF7, 0xBF, 0x40, 0xAF, 0x70, 0x9F,
    0x90, 0x0C, 0xF4, 0xBF, 0x40, 0x07, 0x05, 0x1E, 0xF1, 0x2F, 0xE0, 0xBF, 0x60, 0x00, 0x2F, 0xD8,
    0xF7, 0x2B, 0x80, 0x8F, 0xFF, 0xFF, 0xFF, 0xA1, 0x70, 0x00, 0x00, 0x08, 0xBB, 0xBB, 0xB9, 0x10,
    0x00, 0x00, 0x00, 0x00, 0x00, 0x00, 0x00, 0x00, 0x00, 0x00, 0x8F, 0x30, 0x05, 0xF6, 0x00, 0x00,
    0x00, 0x00, 0x8F, 0x30, 0x07, 0xF5, 0x00, 0x00, 0x00, 0x00, 0x8F, 0x44, 0xAD, 0xFC, 0xAA, 0xAA,
    0xA2, 0x0A, 0xDF, 0xFD, 0xFF, 0xFF, 0xFF, 0xFF, 0xF3, 0x0F, 0xFF, 0xED, 0x0D, 0xE0, 0x06, 0x40,
    0x00, 0x1F, 0xDF, 0xAF, 0x2F, 0xB0, 0x0E, 0xA0, 0x00, 0x5F, 0xBF, 0x66, 0x5F, 0x8D, 0x7F, 0x97,
    0xE0, 0x7F, 0x8F, 0x30, 0x8F, 0x5F, 0x6F, 0x8A, 0xD0, 0x01, 0x8F, 0x30, 0xCF, 0x4F, 0x6F, 0x6E,
    0x90, 0x00, 0x8F, 0x32, 0xFB, 0x9D, 0x7F, 0x7F, 0x40, 0x00, 0x8F, 0x3A, 0xF5, 0x25, 0xBF, 0x87,
    0x00, 0x00, 0x8F, 0x7F, 0xE0, 0x02, 0xFF, 0xE0, 0x00, 0x00, 0x8F, 0x6E, 0x50, 0x0C, 0xFA, 0xF8,
    0x00, 0x00, 0x8F, 0x32, 0x00, 0xAF, 0xB0, 0xCF, 0x60, 0x00, 0x8F, 0x30, 0x1E, 0xFD, 0x10, 0x2E,
    0xF5, 0x00, 0x8F, 0x30, 0x09, 0x91, 0x00, 0x02, 0x90, 0x00, 0x00, 0x00, 0x00, 0x00, 0x00, 0x00,
    0x00, 0x00, 0x00, 0x00, 0x01, 0x00, 0x00, 0x00, 0x00, 0x00, 0x00, 0x00, 0x2F, 0xF1, 0x00, 0x00,
    0x00, 0x00, 0x07, 0x77, 0xAF, 0xE7, 0x77, 0x70, 0x00, 0x00, 0x1F, 0xFF, 0xFF, 0xFF, 0xFF, 0xF0,
    0x00, 0x00, 0x1F, 0xB0, 0x00, 0x00, 0x0E, 0xF0, 0x00, 0x00, 0x1F, 0xFF, 0xFF, 0xFF, 0xFF, 0xF0,
    0x00, 0x00, 0x1F, 0xD5, 0x55, 0x55, 0x5F, 0xF0, 0x00, 0x00, 0x1F, 0xFF, 0xFF, 0xFF, 0xFF, 0xF0,
    0x00, 0x00, 0x1F, 0xD6, 0x66, 0x66, 0x6F, 0xF0, 0x00, 0x00, 0x1F, 0xD7, 0x77, 0x77, 0x7F, 0xF0,
    0x00, 0x00, 0x1F, 0xFF, 0xFF, 0xFF, 0xFF, 0xF0, 0x00, 0x00, 0x10, 0x00, 0x2E, 0xC0, 0x00, 0x15,
    0x00, 0x04, 0xF6, 0xFF, 0x09, 0xFA, 0x00, 0xEF, 0x30, 0x0A, 0xF5, 0xFF, 0x00, 0xD9, 0x49, 0x9F,
    0xB0, 0x1F, 0xF0, 0xFF, 0x10, 0x00, 0x8F, 0x7F, 0xF1, 0x3D, 0x90, 0xCF, 0xFF, 0xFF, 0xFF, 0x28,
    0x81, 0x00, 0x00, 0x29, 0xBB, 0xBB, 0xA5, 0x00, 0x00, 0x00, 0x00, 0x00, 0x00, 0x00, 0x00, 0x00,
    0x00, 0x00, 0xBF, 0x00, 0x00, 0x0C, 0xF1, 0x00, 0x00, 0x00, 0xBF, 0x09, 0xFF, 0xFF, 0xFF, 0xFF,
    0xF0, 0x00, 0xBF, 0xA4, 0x55, 0x5D, 0xF6, 0x55, 0x50, 0x02, 0xBF, 0xF6, 0x44, 0x4D, 0xF5, 0x44,
    0x20, 0x2F, 0xEF, 0xCD, 0xFF, 0xFF, 0xFF, 0xFF, 0x80, 0x4F, 0xDF, 0x5A, 0x55, 0x5D, 0xF6, 0x55,
    0x52, 0x6F, 0xBF, 0x1F, 0xFF, 0xFF, 0xFF, 0xFF, 0xF7, 0xAD, 0xBF, 0x00, 0x66, 0x66, 0x66, 0x66,
    0x20, 0x03, 0xBF, 0x00, 0xFF, 0xFF, 0xFF, 0xFF, 0x60, 0x00, 0xBF, 0x00, 0xFC, 0x00, 0x00, 0x6F,
    0x60, 0x00, 0xBF, 0x00, 0xFF, 0xFF, 0xFF, 0xFF, 0x60, 0x00, 0xBF, 0x00, 0xFD, 0x55, 0x55, 0xAF,
    0x60, 0x00, 0xBF, 0x00, 0xFF, 0xFF, 0xFF, 0xFF, 0x60, 0x00, 0xBF, 0x00, 0xFD, 0x55, 0x55, 0xAF,
    0x60, 0x00, 0xBF, 0x00, 0xFC, 0x00, 0x29, 0xDF, 0x50, 0x00, 0xBF, 0x00, 0xFC, 0x00, 0x0F, 0xFB,
    0x10, 0x00, 0x00, 0x00, 0x00, 0x00, 0x00, 0x00, 0x00, 0x00, 0x08, 0xF3, 0x00, 0x00, 0x00, 0x00,
    0x00, 0x00, 0x09, 0xF3, 0x00, 0xDF, 0xFF, 0xFF, 0xA0, 0x29, 0x9D, 0xFB, 0x94, 0xDF, 0x88, 0x9F,
    0xA0, 0x3F, 0xFF, 0xFF, 0xF7, 0xDE, 0x66, 0x8F, 0xA0, 0x00, 0x2F, 0xF4, 0x00, 0xDF, 0xFF, 0xFF,
    0xA0, 0x00, 0xBF, 0xFF, 0x60, 0xDD, 0x00, 0x2F, 0xA0, 0x06, 0xFF, 0xFE, 0xF8, 0xDF, 0xFF, 0xFF,
    0xA0, 0x4F, 0xEA, 0xF4, 0xD3, 0xDE, 0x66, 0x8F, 0xA0, 0x2E, 0x49, 0xF3, 0x00, 0xDE, 0x77, 0x9F,
    0xA0, 0x01, 0x09, 0xF3, 0x02, 0xEF, 0xFF, 0xFF, 0xA0, 0x01, 0x21, 0x20, 0x3F, 0xB0, 0x00, 0x16,
    0x00, 0x06, 0xF6, 0xDF, 0x2C, 0xFA, 0x00, 0xEF, 0x30, 0x0B, 0xF4, 0xDF, 0x11, 0xE6, 0x69, 0x8F,
    0xC0, 0x2F, 0xE0, 0xCF, 0x20, 0x00, 0x9F, 0x3D, 0xF5, 0x3C, 0x80, 0xAF, 0xFF, 0xFF, 0xFE, 0x05,
    0x80, 0x00, 0x00, 0x18, 0xAB, 0xBB, 0x93, 0x00, 0x00, 0x00, 0x00, 0x00, 0x00, 0x10, 0x00, 0x00,
    0x00, 0x00, 0x00, 0x00, 0x1E, 0xE0, 0x00, 0x00, 0x00, 0x02, 0xFF, 0xFF, 0xFF, 0xFF, 0xFF, 0xFF,
    0x10, 0x01, 0x77, 0xCF, 0x87, 0x78, 0xFD, 0x87, 0x00, 0x00, 0x00, 0xBF, 0x30, 0x03, 0xFC, 0x00,
    0x00, 0x0E, 0xFF, 0xFF, 0xFF, 0xFF, 0xFF, 0xFF, 0xF0, 0x07, 0x77, 0x77, 0x77, 0x77, 0x77, 0x77,
    0x70, 0x00, 0x1F, 0xFF, 0xFF, 0xFF, 0xFF, 0xF3, 0x00, 0x00, 0x1F, 0xC3, 0x33, 0x33, 0x3B, 0xF3,
    0x00, 0x00, 0x1F, 0xFF, 0xFF, 0xFF, 0xFF, 0xF3, 0x00, 0x00, 0x1F, 0xB2, 0x22, 0x22, 0x2B, 0xF3,
    0x00, 0x00, 0x1F, 0xFF, 0xFF, 0xFF, 0xFF, 0xF3, 0x00, 0x00, 0x13, 0x33, 0x8F, 0xD4, 0x33, 0x42,
    0x00, 0x00, 0xDD, 0x7F, 0x79, 0xFB, 0x01, 0xFD, 0x00, 0x08, 0xF9, 0x6F, 0x70, 0x41, 0xDA, 0x7F,
    0xA0, 0x1D, 0xD0, 0x4F, 0xFF, 0xFF, 0xF9, 0x0C, 0xA0, 0x00, 0x10, 0x04, 0x88, 0x88, 0x60, 0x00,
    0x00, 0x00, 0x00, 0x00, 0x00, 0x00, 0x00, 0x00, 0x00, 0x00, 0x00, 0x00, 0x00, 0xAD, 0x3A, 0x90,
    0x00, 0x00, 0x00, 0x00, 0x00, 0xCF, 0x5E, 0xFC, 0x10, 0x00, 0x00, 0x00, 0x00, 0xBF, 0x41, 0xCF,
    0x20, 0x04, 0xFF, 0xFF, 0xFF, 0xFF, 0xFF, 0xFF, 0xF5, 0x04, 0xFF, 0xEE, 0xEE, 0xFF, 0xEE, 0xEE,
    0xE5, 0x04, 0xFB, 0x00, 0x00, 0x8F, 0x70, 0x34, 0x10, 0x04, 0xFE, 0xBB, 0xB8, 0x6F, 0x90, 0xDF,
    0x40, 0x04, 0xFF, 0xFF, 0xFB, 0x4F, 0xC4, 0xFE, 0x00, 0x05, 0xFB, 0x02, 0xFA, 0x1F, 0xEB, 0xF8,
    0x00, 0x06, 0xF9, 0x03, 0xFA, 0x0E, 0xFF, 0xF1, 0x00, 0x07, 0xF8, 0x03, 0xF9, 0x0B, 0xFF, 0x90,
    0x00, 0x08, 0xF7, 0x06, 0xF8, 0x09, 0xFF, 0x12, 0x70, 0x0B, 0xF7, 0xFF, 0xF6, 0x4F, 0xFE, 0x03,
    0xF6, 0x0F, 0xF1, 0xAB, 0x87, 0xFF, 0xFF, 0x87, 0xF4, 0x6F, 0xD0, 0x00, 0x7F, 0xF7, 0x3F, 0xFF,
    0xF1, 0x1B, 0x60, 0x00, 0x0B, 0x50, 0x04, 0xDE, 0x60, 0x00, 0x00, 0x00, 0x00, 0x00, 0x00, 0x00,
    0x00, 0x00, 0x00, 0x15, 0xA5, 0x3D, 0x90, 0x40, 0x00, 0x18, 0xBE, 0xFF, 0xFF, 0x6F, 0xB6, 0xFA,
    0x00, 0x0F, 0xFF, 0xFE, 0x72, 0x3F, 0xC1, 0xDF, 0x70, 0x04, 0x33, 0xFB, 0x00, 0x2F, 0xC0, 0x2F,
    0xC0, 0x00, 0x02, 0xFB, 0x00, 0x2F, 0xD0, 0x03, 0x00, 0x3F, 0xFF, 0xFF, 0xFF, 0xFF, 0xFF, 0xFF,
    0xF3, 0x2C, 0xCD, 0xFF, 0xCC, 0xCF, 0xFD, 0xCC, 0xC3, 0x00, 0x02, 0xFB, 0x00, 0x0D, 0xF2, 0x16,
    0x00, 0x00, 0x02, 0xFC, 0x58, 0x3B, 0xF4, 0xBF, 0x70, 0x27, 0xAD, 0xFF, 0xFF, 0x58, 0xFC, 0xFC,
    0x00, 0x5F, 0xFF, 0xFE, 0x95, 0x15, 0xFF, 0xF2, 0x00, 0x1A, 0x76, 0xFB, 0x00, 0x05, 0xFF, 0x60,
    0x60, 0x00, 0x02, 0xFB, 0x00, 0x7F, 0xFF, 0x40, 0xF8, 0x00, 0x03, 0xFB, 0x3D, 0xFF, 0xBF, 0xC3,
    0xF7, 0x07, 0xFF, 0xF9, 0x4F, 0xC2, 0x0D, 0xFF, 0xF3, 0x02, 0xED, 0xA1, 0x03, 0x00, 0x02, 0xCF,
    0x90, 0x00, 0x00, 0x00, 0x00, 0x00, 0x00, 0x00, 0x00, 0x00, 0x00, 0x00, 0x00, 0x8F, 0x83, 0xE7,
    0x00, 0x00, 0x00, 0x00, 0x00, 0x8F, 0x83, 0xCF, 0x70, 0x1D, 0xDD, 0xDD, 0xDD, 0xFF, 0xFD, 0xEF,
    0xE2, 0x2F, 0xFF, 0xFF, 0xFF, 0xFF, 0xFF, 0xFF, 0xF2, 0x00, 0x00, 0x00, 0x00, 0x4F, 0xB0, 0x00,
    0x00, 0x03, 0x99, 0x99, 0x96, 0x3F, 0xC0, 0x5B, 0x50, 0x06, 0xFF, 0xFF, 0xF9, 0x1F, 0xE0, 0xBF,
    0x60, 0x06, 0xF5, 0x03, 0xF9, 0x0F, 0xF1, 0xFF, 0x10, 0x06, 0xF5, 0x03, 0xF9, 0x0E, 0xF9, 0xFB,
    0x00, 0x06, 0xFC, 0x9B, 0xF9, 0x0B, 0xFF, 0xF4, 0x00, 0x06, 0xFF, 0xFF, 0xF9, 0x08, 0xFF, 0xB0,
    0x00, 0x00, 0x00, 0x00, 0x25, 0x05, 0xFF, 0x32, 0x90, 0x01, 0x47, 0xBE, 0xFF, 0x2E, 0xFF, 0x33,
    0xF7, 0x2F, 0xFF, 0xFF, 0xED, 0xEF, 0xFF, 0xA7, 0xF5, 0x0F, 0xD9, 0x62, 0x3F, 0xFC, 0x3E, 0xFF,
    0xF1, 0x00, 0x00, 0x00, 0x08, 0xB0, 0x03, 0xDE, 0x70, 0x00, 0x00, 0x00, 0x00, 0x00, 0x00, 0x00,
    0x00, 0x00, 0x7C, 0x20, 0x00, 0x1D, 0x90, 0x20, 0x00, 0x00, 0x9F, 0x30, 0x00, 0x0F, 0xB8, 0xF2,
    0x00, 0x00, 0x9F, 0x30, 0x00, 0x0F, 0xC1, 0xFC, 0x00, 0x00, 0x9F, 0xFF, 0xF4, 0x0F, 0xC0, 0x66,
    0x00, 0x00, 0x9F, 0xCB, 0xB3, 0x0E, 0xE6, 0x8B, 0x30, 0x00, 0x9F, 0x30, 0x0A, 0xFF, 0xFF, 0xFE,
    0x50, 0x00, 0x9F, 0x30, 0x07, 0xAE, 0xF3, 0x54, 0x00, 0x9B, 0xEF, 0xCB, 0xB1, 0x0A, 0xF2, 0xBF,
    0x10, 0xDF, 0xFF, 0xFF, 0xF1, 0x08, 0xF7, 0xFA, 0x00, 0xDD, 0x00, 0x0A, 0xF1, 0x06, 0xFF, 0xF4,
    0x00, 0xDD, 0x00, 0x0A, 0xF1, 0x03, 0xFF, 0xC0, 0x00, 0xDD, 0x00, 0x0A, 0xF1, 0x02, 0xFF, 0x34,
    0x00, 0xDD, 0x00, 0x0A, 0xF1, 0x1E, 0xFF, 0x1B, 0x80, 0xDF, 0xFF, 0xFF, 0xF6, 0xEF, 0xDF, 0x9E,
    0x80, 0xDF, 0xBB, 0xBE, 0xFB, 0xF7, 0x1F, 0xFF, 0x40, 0x99, 0x00, 0x03, 0x50, 0x30, 0x04, 0xEB,
    0x00, 0x00, 0x00, 0x00, 0x00, 0x00, 0x00, 0x00, 0x00, 0x00, 0x00, 0x04, 0x80, 0x00, 0x00, 0x39,
    0x30, 0x05, 0xAC, 0xFF, 0xFA, 0x28, 0xBE, 0xFF, 0xD0, 0x0A, 0xFF, 0xEB, 0x73, 0x8F, 0xFF, 0xEA,
    0x50, 0x0A, 0xF4, 0x00, 0x00, 0x7F, 0x91, 0x00, 0x00, 0x0A, 0xFC, 0xBB, 0xB4, 0x7F, 0x70, 0x00,
    0x00, 0x0A, 0xFF, 0xFF, 0xF6, 0x7F, 0x70, 0x00, 0x00, 0x0A, 0xF3, 0x07, 0xF6, 0x7F, 0xFF, 0xFF,
    0xF7, 0x0A, 0xF3, 0x07, 0xF6, 0x8F, 0xED, 0xFF, 0xD6, 0x0A, 0xFC, 0xBD, 0xF6, 0x8F, 0x60, 0xDF,
    0x00, 0x0B, 0xFF, 0xFF, 0xF6, 0xAF, 0x50, 0xDF, 0x00, 0x0C, 0xF1, 0x00, 0x00, 0xCF, 0x20, 0xDF,
    0x00, 0x0D, 0xF0, 0x00, 0x01, 0xFF, 0x00, 0xDF, 0x00, 0x0F, 0xE0, 0x00, 0x06, 0xFB, 0x00, 0xDF,
    0x00, 0x4F, 0xB0, 0x00, 0x1E, 0xF4, 0x00, 0xDF, 0x00, 0x9F, 0x50, 0x00, 0xAF, 0xC0, 0x00, 0xDF,
    0x00, 0x1B, 0x00, 0x00, 0x1C, 0x10, 0x00, 0xCE, 0x00, 0x00, 0x00, 0x00, 0x00, 0x00, 0x00, 0x00,
    0x00, 0x00, 0x00, 0x00, 0x00, 0x00, 0x00, 0x00, 0x00, 0x00, 0x00, 0x00, 0x12, 0x46, 0x9C, 0xD1,
    0x00, 0x03, 0xCD, 0xEF, 0xFF, 0xFF, 0xFF, 0xE8, 0x00, 0x01, 0xFE, 0xDC, 0xBF, 0xF7, 0x42, 0x00,
    0x00, 0x00, 0x00, 0x00, 0x0F, 0xF0, 0x00, 0x00, 0x00, 0x00, 0x00, 0x00, 0x0F, 0xF0, 0x00, 0x00,
    0x00, 0x03, 0xFF, 0xFF, 0xFF, 0xFF, 0xFF, 0xFF, 0x60, 0x03, 0xDD, 0xDD, 0xDF, 0xFD, 0xDD, 0xDD,
    0x50, 0x00, 0x00, 0x00, 0x0F, 0xF0, 0x00, 0x00, 0x00, 0x00, 0x00, 0x00, 0x0F, 0xF0, 0x00, 0x00,
    0x00, 0x5F, 0xFF, 0xFF, 0xFF, 0xFF, 0xFF, 0xFF, 0xF5, 0x4E, 0xEE, 0xEE, 0xEF, 0xFE, 0xEE, 0xEE,
    0xE5, 0x00, 0x00, 0x00, 0x0F, 0xF0, 0x00, 0x00, 0x00, 0x00, 0x00, 0x00, 0x0F, 0xF0, 0x00, 0x00,
    0x00, 0x00, 0x00, 0x00, 0x0F, 0xF0, 0x00, 0x00, 0x00, 0x00, 0x02, 0xFF, 0xFF, 0xD0, 0x00, 0x00,
    0x00, 0x00, 0x00, 0xAD, 0xCA, 0x20, 0x00, 0x00, 0x00, 0x00, 0x00, 0x00, 0x00, 0x00, 0x00, 0x00,
    0x00, 0x00, 0x00, 0x00, 0x00, 0x0A, 0xF7, 0x00, 0x00, 0x00, 0x00, 0x00, 0x00, 0x0A, 0xF7, 0x00,
    0x00, 0x00, 0x00, 0x00, 0x00, 0x0A, 0xF7, 0x00, 0x00, 0x0F, 0xFF, 0xFF, 0xFF, 0xFF, 0xFF, 0xFF,
    0xF1, 0x0F, 0xFF, 0xFF, 0xFF, 0xFF, 0xFF, 0xFF, 0xF1, 0x00, 0x00, 0x00, 0x0E, 0xFF, 0xF7, 0x00,
    0x00, 0x00, 0x00, 0x00, 0x9F, 0xDA, 0xF7, 0x00, 0x00, 0x00, 0x00, 0x04, 0xFF, 0x4A, 0xF7, 0x00,
    0x00, 0x00, 0x00, 0x2E, 0xFA, 0x0A, 0xF7, 0x00, 0x00, 0x00, 0x01, 0xDF, 0xE1, 0x0A, 0xF7, 0x00,
    0x00, 0x00, 0x1D, 0xFF, 0x30, 0x0A, 0xF7, 0x00, 0x00, 0x03, 0xEF, 0xF4, 0x00, 0x0A, 0xF7, 0x00,
    0x00, 0x4F, 0xFF, 0x50, 0x00, 0x0A, 0xF7, 0x00, 0x00, 0x0B, 0xE4, 0x00, 0x00, 0x0B, 0xF7, 0x00,
    0x00, 0x01, 0x10, 0x00, 0x6F, 0xFF, 0xF5, 0x00, 0x00, 0x00, 0x00, 0x00, 0x1F, 0xFD, 0x80, 0x00,
    0x00, 0x00, 0x00, 0x00, 0x00, 0x00, 0x00, 0x00, 0x00, 0x00, 0x3F, 0xB0, 0x00, 0x00, 0x00, 0x00,
    0x00, 0x00, 0x3F, 0xB0, 0x3E, 0xEE, 0xEE, 0xEE, 0xE7, 0x00, 0x3F, 0xB0, 0x3F, 0xFF, 0xFF, 0xFF,
    0xF7, 0x3C, 0xDF, 0xFC, 0x60, 0x00, 0x2F, 0xE0, 0x00, 0x4F, 0xFF, 0xFF, 0x80, 0x00, 0x2F, 0xE0,
    0x00, 0x00, 0x3F, 0xB0, 0x00, 0x00, 0x2F, 0xE0, 0x00, 0x00, 0x3F, 0xB0, 0x00, 0x00, 0x2F, 0xE0,
    0x00, 0x00, 0x3F, 0xDB, 0x80, 0x00, 0x2F, 0xE0, 0x00, 0x3A, 0xEF, 0xFF, 0xB0, 0x00, 0x2F, 0xE0,
    0x00, 0x3F, 0xFF, 0xE6, 0x10, 0x00, 0x2F, 0xE0, 0x00, 0x08, 0x7F, 0xB0, 0x00, 0x00, 0x2F, 0xE0,
    0x00, 0x00, 0x3F, 0xB0, 0x00, 0x00, 0x2F, 0xE0, 0x00, 0x00, 0x3F, 0xB0, 0x00, 0x00, 0x2F, 0xE0,
    0x00, 0x00, 0x4F, 0xB0, 0x00, 0x10, 0x3F, 0xE0, 0x00, 0x0E, 0xFF, 0x90, 0x00, 0xEF, 0xFF, 0xC0,
    0x00, 0x07, 0xB9, 0x10, 0x00, 0x8F, 0xEB, 0x20, 0x00, 0x00, 0x5F, 0x70, 0x00, 0xBE, 0x25, 0x70,
    0x00, 0x00, 0x5F, 0x70, 0x00, 0xBF, 0x4D, 0xF6, 0x00, 0x00, 0x5F, 0x70, 0x00, 0xBF, 0x42, 0xFF,
    0x20, 0x4C, 0xDF, 0xEC, 0x20, 0xAF, 0x40, 0x78, 0x51, 0x6F, 0xFF, 0xFF, 0x8A, 0xEF, 0xFF, 0xFF,
    0xF3, 0x00, 0x5F, 0x70, 0x7F, 0xFF, 0xFD, 0xB9, 0x72, 0x00, 0x5F, 0x70, 0x00, 0x5F, 0x90, 0x2A,
    0x20, 0x00, 0x5F, 0xCB, 0x20, 0x3F, 0xB0, 0xAF, 0x50, 0x4B, 0xEF, 0xFF, 0x50, 0x1F, 0xE4, 0xFD,
    0x00, 0x5F, 0xFF, 0xB3, 0x00, 0x0E, 0xFE, 0xF4, 0x00, 0x16, 0x7F, 0x70, 0x00, 0x0B, 0xFF, 0x90,
    0x10, 0x00, 0x5F, 0x70, 0x00, 0x1D, 0xFE, 0x00, 0xD3, 0x00, 0x5F, 0x70, 0x03, 0xEF, 0xFF, 0x43,
    0xF7, 0x00, 0x6F, 0x71, 0xAF, 0xFD, 0xAF, 0xFD, 0xF4, 0x1F, 0xFF, 0x50, 0xAF, 0x90, 0x0C, 0xFF,
    0xE0, 0x09, 0xA7, 0x00, 0x02, 0x00, 0x00, 0x5A, 0x40, 0x00, 0x9E, 0x30, 0x00, 0x00, 0x00, 0x00,
    0x00, 0x00, 0xAF, 0x30, 0x9F, 0xFF, 0xFF, 0xFF, 0xE0, 0x00, 0xAF, 0x30, 0x9F, 0xEE, 0xFF, 0xEF,
    0xE0, 0x00, 0xAF, 0x30, 0x9F, 0x54, 0xF7, 0x1F, 0xE0, 0x5F, 0xFF, 0xFB, 0x9F, 0x54, 0xF7, 0x1F,
    0xE0, 0x4C, 0xEF, 0xD8, 0x9F, 0x54, 0xF7, 0x1F, 0xE0, 0x00, 0xAF, 0x30, 0x9F, 0x54, 0xF7, 0x1F,
    0xE0, 0x00, 0xAF, 0xAA, 0x9F, 0xED, 0xFE, 0xDF, 0xE0, 0x5D, 0xFF, 0xFF, 0xAF, 0xFF, 0xFF, 0xFF,
    0xE0, 0x6F, 0xFF, 0x71, 0x9F, 0x50, 0x00, 0x1F, 0xE0, 0x14, 0xAF, 0x30, 0x9F, 0x50, 0x00, 0x03,
    0x30, 0x00, 0xAF, 0x30, 0x9F, 0x50, 0x00, 0x02, 0x50, 0x00, 0xAF, 0x30, 0x9F, 0x50, 0x00, 0x04,
    0xF9, 0x00, 0xAF, 0x30, 0x8F, 0x80, 0x00, 0x09, 0xF7, 0x0B, 0xFF, 0x20, 0x5F, 0xFF, 0xFF, 0xFF,
    0xF2, 0x0C, 0xE9, 0x00, 0x08, 0xCD, 0xDD, 0xDC, 0x50, 0x00, 0x00, 0x00, 0x00, 0x00, 0x00, 0x00,
    0x00, 0x00, 0x6F, 0x70, 0x00, 0x0C, 0xF0, 0x00, 0x00, 0x00, 0x6F, 0x70, 0x00, 0x0B, 0xF5, 0x00,
    0x00, 0x00, 0x6F, 0x70, 0x00, 0x06, 0xE6, 0x00, 0x00, 0x4C, 0xDF, 0xFF, 0xCF, 0xFF, 0xFF, 0xFF,
    0xF9, 0x5F, 0xFF, 0xFF, 0xAC, 0xCC, 0xCC, 0xCC, 0xC7, 0x00, 0x6F, 0x70, 0x00, 0x00, 0x00, 0x00,
    0x00, 0x00, 0x6F, 0x70, 0x05, 0xCC, 0xCC, 0xC6, 0x00, 0x00, 0x6F, 0x97, 0x17, 0xFF, 0xFF, 0xF8,
    0x00, 0x38, 0xDF, 0xFF, 0x37, 0xF6, 0x06, 0xF8, 0x00, 0x8F, 0xFF, 0xC6, 0x18, 0xF6, 0x06, 0xF8,
    0x00, 0x37, 0x9F, 0x70, 0x09, 0xF5, 0x06, 0xF8, 0x00, 0x00, 0x6F, 0x70, 0x0C, 0xF2, 0x06, 0xF8,
    0x40, 0x00, 0x6F, 0x70, 0x3F, 0xE0, 0x06, 0xF8, 0xBA, 0x00, 0x7F, 0x71, 0xDF, 0x60, 0x06, 0xF8,
    0xCA, 0x1F, 0xFF, 0x5C, 0xFC, 0x00, 0x04, 0xFF, 0xF7, 0x09, 0xA6, 0x02, 0xB0, 0x00, 0x00, 0x7A,
    0x80, 0x00, 0x00, 0x00, 0x00, 0x00, 0x00, 0x00, 0x00, 0x00, 0x5F, 0x70, 0x00, 0x03, 0xA5, 0x00,
    0x00, 0x00, 0x5F, 0x80, 0x00, 0x04, 0xFE, 0x00, 0x00, 0x00, 0x5F, 0x80, 0x00, 0x00, 0xBE, 0x30,
    0x00, 0x4C, 0xEF, 0xEC, 0x3F, 0xFF, 0xFF, 0xFF, 0xF0, 0x5F, 0xFF, 0xFF, 0x3F, 0xFB, 0xBB, 0xBF,
    0xF0, 0x00, 0x5F, 0x80, 0x1F, 0xC0, 0x00, 0x0E, 0xF0, 0x00, 0x5F, 0x80, 0x1F, 0xC0, 0x00, 0x0E,
    0xF0, 0x00, 0x5F, 0xCC, 0x3F, 0xFC, 0xCC, 0xCF, 0xF0, 0x5C, 0xFF, 0xFF, 0x6F, 0xFF, 0xFF, 0xFF,
    0xF0, 0x6F, 0xFF, 0xA1, 0x4F, 0xA0, 0x00, 0x0E, 0xF0, 0x25, 0x6F, 0x80, 0x5F, 0x80, 0x00, 0x00,
    0x00, 0x00, 0x5F, 0x80, 0x9F, 0x50, 0x00, 0x00, 0x00, 0x00, 0x5F, 0x80, 0xDF, 0x30, 0x00, 0x00,
    0x00, 0x00, 0x6F, 0x85, 0xFE, 0x00, 0x00, 0x00, 0x00, 0x0D, 0xFF, 0x6C, 0xF7, 0x00, 0x00, 0x00,
    0x00, 0x08, 0xD9, 0x02, 0xB0, 0x00, 0x00, 0x00, 0x00, 0x00, 0x00, 0x00, 0x00, 0x00, 0x00, 0x00,
    0x00, 0x00, 0x7F, 0x50, 0x00, 0x04, 0xE8, 0x00, 0x00, 0x00, 0x7F, 0x50, 0x00, 0x04, 0xF8, 0x00,
    0x00, 0x00, 0x7F, 0x50, 0x00, 0x04, 0xF8, 0x00, 0x00, 0x5C, 0xEF, 0xDA, 0x00, 0x04, 0xF8, 0x00,
    0x00, 0x6F, 0xFF, 0xFD, 0xBF, 0xFF, 0xFF, 0xFF, 0xF2, 0x00, 0x7F, 0x50, 0xBF, 0xDE, 0xFE, 0xDF,
    0xF2, 0x00, 0x7F, 0x50, 0xBF, 0x14, 0xF8, 0x0B, 0xF2, 0x00, 0x7F, 0x98, 0xBF, 0x14, 0xF8, 0x0B,
    0xF2, 0x49, 0xEF, 0xFF, 0xCF, 0xCD, 0xFE, 0xCF, 0xF2, 0x7F, 0xFF, 0xA3, 0xBF, 0xFF, 0xFF, 0xFF,
    0xF2, 0x26, 0x9F, 0x50, 0xBF, 0x14, 0xF8, 0x0B, 0xF2, 0x00, 0x7F, 0x50, 0xBF, 0x14, 0xF8, 0x0B,
    0xF2, 0x00, 0x7F, 0x50, 0xBF, 0x14, 0xF8, 0x0B, 0xF2, 0x00, 0x8F, 0x50, 0xBF, 0xFF, 0xFF, 0xFF,
    0xF2, 0x2B, 0xEF, 0x40, 0xBF, 0xDD, 0xDD, 0xDF, 0xF2, 0x0E, 0xEA, 0x00, 0xBF, 0x10, 0x00, 0x0A,
    0xE2, 0x00, 0x9F, 0x20, 0x00, 0x03, 0xE8, 0x00, 0x00, 0x00, 0x9F, 0x20, 0x00, 0x04, 0xF8, 0x00,
    0x00, 0x00, 0x9F, 0x20, 0x8F, 0xFF, 0xFF, 0xFF, 0xC0, 0x5B, 0xEF, 0xC6, 0x6B, 0xBD, 0xFE, 0xBB,
    0x90, 0x6F, 0xFF, 0xF8, 0x00, 0x04, 0xF8, 0x00, 0x00, 0x00, 0x9F, 0x22, 0xBB, 0xBC, 0xFE, 0xBB,
    0xB6, 0x00, 0x9F, 0x23, 0xFF, 0xFF, 0xFF, 0xFF, 0xF8, 0x00, 0x9F, 0xA6, 0x00, 0x00, 0x02, 0xF9,
    0x00, 0x5B, 0xFF, 0xFA, 0xBB, 0xBB, 0xBC, 0xFE, 0xB4, 0x7F, 0xFF, 0x72, 0xFF, 0xFF, 0xFF, 0xFF,
    0xF6, 0x25, 0xAF, 0x20, 0x05, 0x70, 0x02, 0xF9, 0x00, 0x00, 0x9F, 0x20, 0x0E, 0xF3, 0x02, 0xF9,
    0x00, 0x00, 0x9F, 0x20, 0x06, 0xFB, 0x02, 0xF9, 0x00, 0x00, 0xAF, 0x20, 0x00, 0xEB, 0x03, 0xF9,
    0x00, 0x1F, 0xFF, 0x00, 0x00, 0x22, 0xCD, 0xF8, 0x00, 0x09, 0xB5, 0x00, 0x00, 0x00, 0xEF, 0xC2,
    0x00, 0x00, 0x7F, 0x60, 0x00, 0x03, 0xD9, 0x00, 0x00, 0x00, 0x7F, 0x60, 0x00, 0x04, 0xFB, 0x00,
    0x00, 0x00, 0x7F, 0x60, 0x4F, 0xFF, 0xFF, 0xFF, 0xA0, 0x4C, 0xEF, 0xB9, 0x3B, 0xBD, 0xFE, 0xBB,
    0x80, 0x5F, 0xFF, 0xFF, 0x00, 0x04, 0xFB, 0x00, 0x00, 0x00, 0x7F, 0x60, 0x00, 0x04, 0xFB, 0x00,
    0x00, 0x00, 0x7F, 0x60, 0xBF, 0xFF, 0xFF, 0xFF, 0xF5, 0x00, 0x7F, 0x75, 0x9C, 0xCC, 0xCC, 0xCC,
    0xC4, 0x04, 0xBF, 0xFF, 0x10, 0x03, 0xA7, 0x00, 0x00, 0x6F, 0xFF, 0xFB, 0x10, 0x04, 0xFB, 0x00,
    0x00, 0x2C, 0xCF, 0x60, 0x7F, 0xFF, 0xFF, 0xFF, 0xE0, 0x00, 0x7F, 0x60, 0x5C, 0xCD, 0xFE, 0xCC,
    0xA0, 0x00, 0x7F, 0x60, 0x00, 0x04, 0xFB, 0x00, 0x00, 0x00, 0x8F, 0x66, 0xCC, 0xCD, 0xFF, 0xCC,
    0xC6, 0x2F, 0xFF, 0x47, 0xFF, 0xFF, 0xFF, 0xFF, 0xF8, 0x0A, 0xA6, 0x00, 0x00, 0x00, 0x00, 0x00,
    0x00, 0x00, 0x6F, 0x70, 0x1F, 0xD0, 0x00, 0x00, 0x00, 0x00, 0x6F, 0x70, 0x1F, 0xD0, 0x49, 0xFC,
    0x00, 0x00, 0x6F, 0x70, 0x1F, 0xFF, 0xFF, 0xE8, 0x20, 0x5C, 0xDF, 0xDC, 0x2F, 0xFB, 0x73, 0x02,
    0x50, 0x6F, 0xFF, 0xFF, 0x2F, 0xD0, 0x00, 0x06, 0xF6, 0x00, 0x6F, 0x70, 0x0F, 0xFC, 0xBB, 0xBF,
    0xF3, 0x00, 0x6F, 0x70, 0x06, 0xEF, 0xFF, 0xFE, 0x80, 0x00, 0x6F, 0xBC, 0x20, 0x00, 0x00, 0x00,
    0x00, 0x15, 0xBF, 0xFF, 0x58, 0x88, 0x88, 0x88, 0x60, 0x8F, 0xFF, 0xB4, 0x2F, 0xFF, 0xFF, 0xFF,
    0xB0, 0x39, 0xAF, 0x70, 0x1F, 0xB0, 0x00, 0x2F, 0xB0, 0x00, 0x6F, 0x70, 0x1F, 0xFF, 0xFF, 0xFF,
    0xB0, 0x00, 0x6F, 0x70, 0x1F, 0xD7, 0x77, 0x9F, 0xB0, 0x00, 0x6F, 0x70, 0x1F, 0xD8, 0x88, 0x9F,
    0xB0, 0x1B, 0xEF, 0x50, 0x1F, 0xFF, 0xFF, 0xFF, 0xB0, 0x0D, 0xFB, 0x10, 0x1D, 0xA0, 0x00, 0x2C,
    0x80, 0x00, 0x00, 0x00, 0x00, 0x00, 0x00, 0x00, 0x00, 0x00, 0x8F, 0x50, 0x00, 0x09, 0xF5, 0x00,
    0x00, 0x00, 0x8F, 0x50, 0x00, 0x07, 0xF9, 0x00, 0x00, 0x00, 0x8F, 0x50, 0xDF, 0xFF, 0xFF, 0xFF,
    0xF4, 0x5C, 0xEF, 0xDA, 0xDF, 0xAA, 0xAA, 0xAD, 0xF4, 0x6F, 0xFF, 0xFD, 0xDE, 0x0B, 0x80, 0x09,
    0xF4, 0x00, 0x8F, 0x50, 0x56, 0x4F, 0xC0, 0x04, 0x61, 0x00, 0x8F, 0x50, 0x00, 0x8F, 0x80, 0x00,
    0x00, 0x00, 0x8F, 0x56, 0xFF, 0xFF, 0xFF, 0xFF, 0xF7, 0x00, 0x8F, 0xBD, 0xBD, 0xFE, 0xBB, 0xFF,
    0xB5, 0x5B, 0xFF, 0xFF, 0x0A, 0xF7, 0x03, 0xFD, 0x00, 0x7F, 0xFF, 0x81, 0x2F, 0xF2, 0x08, 0xF8,
    0x00, 0x23, 0x8F, 0x50, 0x3E, 0xFF, 0x8F, 0xF2, 0x00, 0x00, 0x8F, 0x50, 0x00, 0x7E, 0xFF, 0xB0,
    0x00, 0x00, 0x8F, 0x50, 0x01, 0x8F, 0xFF, 0xFC, 0x20, 0x2B, 0xEF, 0x42, 0xDF, 0xFE, 0x64, 0xDF,
    0xF3, 0x0E, 0xEA, 0x00, 0xBB, 0x61, 0x00, 0x09, 0x90, 0x00, 0x00, 0x00, 0x00, 0x00, 0x00, 0x00,
    0x00, 0x00, 0xBF, 0x10, 0x00, 0xCC, 0x10, 0x00, 0x00, 0x00, 0xCF, 0x10, 0x06, 0xFF, 0x99, 0x95,
    0x00, 0x00, 0xCF, 0x10, 0x2E, 0xFF, 0xFF, 0xFF, 0x10, 0x4B, 0xFF, 0xC6, 0xDF, 0x80, 0x0B, 0xF7,
    0x00, 0x6F, 0xFF, 0xFB, 0xFF, 0x76, 0x7F, 0xF7, 0x30, 0x00, 0xCF, 0x10, 0xAF, 0xFF, 0xFF, 0xFF,
    0x80, 0x00, 0xCF, 0x10, 0x9F, 0x37, 0xF6, 0x6F, 0x80, 0x00, 0xCF, 0x85, 0x9F, 0x37, 0xF6, 0x6F,
    0x80, 0x4A, 0xFF, 0xF9, 0x9F, 0x38, 0xF5, 0x6F, 0x80, 0x6F, 0xFF, 0x88, 0xDF, 0xBD, 0xFB, 0xCF,
    0xC4, 0x25, 0xCF, 0x19, 0xFF, 0xFF, 0xFF, 0xFF, 0xF6, 0x00, 0xCF, 0x10, 0x00, 0x7F, 0xFD, 0x10,
    0x00, 0x00, 0xCF, 0x10, 0x04, 0xFF, 0x9F, 0xC0, 0x00, 0x00, 0xCF, 0x10, 0x6F, 0xF5, 0x0A, 0xFC,
    0x40, 0x2F, 0xFF, 0x2D, 0xFF, 0x50, 0x00, 0xAF, 0xF7, 0x0B, 0xC5, 0x0A, 0xA1, 0x00, 0x00, 0x04,
    0xB0, 0x00, 0x00, 0x00, 0x00, 0x00, 0x00, 0x00, 0x00, 0x00, 0x9D, 0x00, 0x00, 0x00, 0x00, 0x00,
    0x00, 0x00, 0xBF, 0x00, 0xEF, 0xFF, 0xFF, 0xFF, 0xE0, 0x00, 0xBF, 0x00, 0xEF, 0xAA, 0xAA, 0xAF,
    0xE0, 0x5B, 0xEF, 0xC7, 0xEF, 0x00, 0x00, 0x0D, 0xE0, 0x6F, 0xFF, 0xFA, 0xEF, 0xFF, 0xFF, 0xFF,
    0xE0, 0x00, 0xBF, 0x00, 0xEF, 0xAA, 0xEF, 0xAA, 0x90, 0x00, 0xBF, 0x00, 0xEF, 0x00, 0xAF, 0x10,
    0x00, 0x00, 0xBF, 0x43, 0xFF, 0x99, 0xDF, 0xA9, 0x93, 0x27, 0xEF, 0xF9, 0xFF, 0xFF, 0xFF, 0xFF,
    0xF5, 0x7F, 0xFF, 0x84, 0xFC, 0x00, 0xAF, 0x10, 0x00, 0x25, 0xCF, 0x02, 0xFC, 0x88, 0xDF, 0x98,
    0x80, 0x00, 0xBF, 0x06, 0xFB, 0xFF, 0xFF, 0xFF, 0xF0, 0x00, 0xBF, 0x09, 0xF8, 0xF6, 0x00, 0x0B,
    0xF0, 0x00, 0xCF, 0x1F, 0xF4, 0xF6, 0x00, 0x0B, 0xF0, 0x3F, 0xFE, 0x6F, 0xB3, 0xFF, 0xFF, 0xFF,
    0xF0, 0x0B, 0xA4, 0x1A, 0x33, 0xFB, 0x88, 0x8D, 0xF0, 0x00, 0x00, 0x00, 0x00, 0x00, 0x00, 0x00,
    0x00, 0x00, 0x8F, 0x40, 0x00, 0x8C, 0x28, 0xB1, 0x00, 0x00, 0x8F, 0x40, 0x00, 0xAF, 0x2B, 0xF1,
    0x00, 0x00, 0x8F, 0x40, 0x00, 0xAF, 0x2B, 0xF1, 0x00, 0x4C, 0xEF, 0xD9, 0xBF, 0xFF, 0x2B, 0xFF,
    0xF4, 0x5F, 0xFF, 0xFC, 0x8A, 0xEF, 0x2B, 0xFB, 0xA3, 0x00, 0x8F, 0x40, 0x00, 0xAF, 0x2B, 0xF1,
    0x00, 0x00, 0x8F, 0x40, 0x7A, 0xEF, 0x2B, 0xFB, 0xA1, 0x00, 0x8F, 0x98, 0xAF, 0xFF, 0x2B, 0xFF,
    0xF2, 0x3A, 0xEF, 0xFE, 0x00, 0xAF, 0x2B, 0xF1, 0x00, 0x6F, 0xFF, 0xB5, 0x00, 0xAF, 0x2B, 0xF1,
    0x00, 0x37, 0xAF, 0x41, 0xFF, 0xFF, 0x2B, 0xFF, 0xF8, 0x00, 0x8F, 0x40, 0xBB, 0xEF, 0x2B, 0xFC,
    0xB5, 0x00, 0x8F, 0x40, 0x00, 0xAF, 0x2B, 0xF1, 0x00, 0x00, 0x9F, 0x40, 0x00, 0xAF, 0x2B, 0xF1,
    0x00, 0x0F, 0xFF, 0x30, 0x00, 0xAF, 0x2B, 0xF1, 0x00, 0x08, 0xA5, 0x00, 0x00, 0x9D, 0x2A, 0xE1,
    0x00, 0x00, 0xCF, 0x00, 0x00, 0x09, 0xC1, 0x00, 0x00, 0x00, 0xCF, 0x00, 0x89, 0x9D, 0xFC, 0x99,
    0x90, 0x00, 0xCF, 0x00, 0xEF, 0xFF, 0xFF, 0xFF, 0xF0, 0x5B, 0xFF, 0xB3, 0x08, 0xE0, 0x04, 0xE6,
    0x00, 0x6F, 0xFF, 0xF4, 0x05, 0xF6, 0x0B, 0xF2, 0x00, 0x00, 0xCF, 0x03, 0x9A, 0xFB, 0xAF, 0xE9,
    0x93, 0x00, 0xCF, 0x05, 0xFF, 0xFF, 0xFF, 0xFF, 0xF5, 0x00, 0xCF, 0xA2, 0x00, 0x2F, 0x80, 0x00,
    0x00, 0x5C, 0xFF, 0xF5, 0x00, 0x8F, 0x70, 0x00, 0x00, 0x7F, 0xFF, 0x49, 0xFF, 0xFF, 0xFF, 0xFF,
    0xF8, 0x24, 0xCF, 0x05, 0x9E, 0xFB, 0x9B, 0xFE, 0x95, 0x00, 0xCF, 0x00, 0x3F, 0xF2, 0x0A, 0xF6,
    0x00, 0x00, 0xCF, 0x00, 0x6D, 0xFF, 0xCF, 0xD0, 0x00, 0x00, 0xDF, 0x00, 0x01, 0x9F, 0xFF, 0xE7,
    0x00, 0x3F, 0xFD, 0x09, 0xEF, 0xFF, 0x98, 0xFF, 0xD0, 0x0B, 0xA3, 0x04, 0xB8, 0x50, 0x00, 0x1A,
    0x50, 0x00, 0xBE, 0x00, 0x25, 0x55, 0x55, 0x55, 0x20, 0x00, 0xBF, 0x00, 0x7F, 0xFF, 0xFF, 0xFF,
    0x70, 0x00, 0xBF, 0x00, 0x7F, 0x63, 0x33, 0x8F, 0x70, 0x5B, 0xEF, 0xC7, 0x7F, 0xFF, 0xFF, 0xFF,
    0x70, 0x7F, 0xFF, 0xF9, 0x7F, 0x40, 0x00, 0x6F, 0x70, 0x00, 0xBF, 0x00, 0x7F, 0xFF, 0xFF, 0xFF,
    0x70, 0x00, 0xBF, 0x00, 0x25, 0x55, 0x55, 0x55, 0x20, 0x00, 0xBF, 0x46, 0x88, 0x88, 0x88, 0x88,
    0x82, 0x27, 0xEF, 0xFD, 0xFF, 0xFF, 0xFF, 0xFF, 0xF4, 0x7F, 0xFF, 0x93, 0x25, 0x17, 0xF5, 0x00,
    0x00, 0x38, 0xDF, 0x00, 0x8F, 0x47, 0xFA, 0x77, 0x30, 0x00, 0xBF, 0x00, 0xCF, 0x37, 0xFF, 0xFF,
    0x60, 0x00, 0xBF, 0x01, 0xFF, 0xB7, 0xF5, 0x00, 0x00, 0x00, 0xCF, 0x08, 0xFA, 0xFE, 0xF5, 0x00,
    0x00, 0x3F, 0xFE, 0x4F, 0xE0, 0x7F, 0xFF, 0xFF, 0xF7, 0x0B, 0xA3, 0x08, 0x30, 0x02, 0x79, 0xAA,
    0xA2, 0x00, 0xAE, 0x10, 0x00, 0x26, 0xE3, 0x00, 0x00, 0x00, 0xBF, 0x10, 0x2A, 0xFC, 0xF6, 0x88,
    0x70, 0x00, 0xBF, 0x10, 0xDF, 0x99, 0xF8, 0xFF, 0xD0, 0x00, 0xBF, 0x10, 0xDC, 0x07, 0xF3, 0x0D,
    0xD0, 0x6F, 0xFF, 0xF8, 0xDF, 0xF7, 0xF7, 0xFF, 0xD0, 0x5C, 0xEF, 0xC6, 0xDD, 0x57, 0xF5, 0x5E,
    0xD0, 0x00, 0xBF, 0x10, 0xDE, 0x7B, 0xF9, 0x7E, 0xD0, 0x00, 0xBF, 0xA6, 0xDF, 0xFF, 0xFF, 0xFF,
    0xD0, 0x29, 0xFF, 0xF9, 0x00, 0x07, 0xF3, 0x00, 0x00, 0x6F, 0xFF, 0x70, 0x89, 0x9C, 0xFA, 0x99,
    0x40, 0x27, 0xCF, 0x10, 0xEF, 0xFF, 0xFF, 0xFF, 0x80, 0x00, 0xBF, 0x10, 0x2F, 0xE3, 0x05, 0xFE,
    0x00, 0x00, 0xBF, 0x10, 0x03, 0xFF, 0x9F, 0xE3, 0x00, 0x00, 0xBF, 0x10, 0x04, 0xBF, 0xFF, 0xA3,
    0x00, 0x1F, 0xFF, 0x0B, 0xFF, 0xFD, 0x9E, 0xFF, 0xF5, 0x0A, 0xB5, 0x07, 0xB7, 0x30, 0x00, 0x48,
    0x90, 0x00, 0xAE, 0x00, 0x04, 0xE7, 0x07, 0xE4, 0x00, 0x00, 0xCF, 0x02, 0x8A, 0xFC, 0x8C, 0xFB,
    0x81, 0x00, 0xCF, 0x04, 0xFF, 0xFF, 0xFF, 0xFF, 0xF3, 0x4B, 0xEF, 0xB6, 0x03, 0xC6, 0x06, 0xC4,
    0x00, 0x6F, 0xFF, 0xF8, 0xAF, 0xFF, 0xFF, 0xFF, 0x60, 0x00, 0xCF, 0x00, 0xAF, 0x65, 0x55, 0xAF,
    0x60, 0x00, 0xCF, 0x00, 0xAF, 0xFF, 0xFF, 0xFF, 0x60, 0x00, 0xCF, 0xB8, 0xAF, 0x53, 0x33, 0x9F,
    0x60, 0x16, 0xEF, 0xFA, 0xAF, 0x65, 0x55, 0x9F, 0x60, 0x8F, 0xFF, 0xB5, 0xAF, 0xFF, 0xFF, 0xFF,
    0x60, 0x4A, 0xEF, 0x00, 0x00, 0x0A, 0xF4, 0x00, 0x00, 0x00, 0xCF, 0x08, 0xFF, 0xFF, 0xFF, 0xFF,
    0xF4, 0x00, 0xCF, 0x04, 0x99, 0xDF, 0xFF, 0xD9, 0x92, 0x00, 0xCF, 0x00, 0x07, 0xFF, 0x5D, 0xF8,
    0x00, 0x3F, 0xFE, 0x09, 0xEF, 0xF6, 0x02, 0xEF, 0xF5, 0x0B, 0xA3, 0x05, 0xD8, 0x10, 0x00, 0x07,
    0xB0, 0x00, 0xDF, 0x00, 0x03, 0x55, 0x55, 0x52, 0x00, 0x00, 0xDF, 0x00, 0x0B, 0xFF, 0xFF, 0xF8,
    0x00, 0x00, 0xDF, 0x00, 0x0B, 0xE0, 0x02, 0xF8, 0x00, 0x4B, 0xFF, 0xB3, 0x0B, 0xFF, 0xFF, 0xF8,
    0x00, 0x6F, 0xFF, 0xF4, 0x04, 0x55, 0x55, 0x53, 0x00, 0x00, 0xDF, 0x03, 0xFF, 0xFF, 0x5F, 0xFF,
    0xF1, 0x00, 0xDF, 0x03, 0xF7, 0x9F, 0x5F, 0x6A, 0xF1, 0x00, 0xDF, 0x95, 0xF3, 0x6F, 0x5F, 0x27,
    0xF1, 0x28, 0xFF, 0xF8, 0xFF, 0xFF, 0x5F, 0xFF, 0xF1, 0x7F, 0xFF, 0x72, 0x55, 0x5A, 0xD8, 0x55,
    0x50, 0x3A, 0xEF, 0x03, 0x88, 0x8C, 0xFA, 0x88, 0x83, 0x00, 0xDF, 0x06, 0xFF, 0xFF, 0xFF, 0xFF,
    0xF5, 0x00, 0xDF, 0x00, 0x04, 0xEF, 0xFF, 0xB1, 0x00, 0x00, 0xDF, 0x04, 0xAF, 0xEC, 0xFB, 0xFE,
    0x70, 0x0E, 0xFD, 0x4F, 0xFB, 0x18, 0xF4, 0x5E, 0xF4, 0x07, 0x93, 0x06, 0x30, 0x07, 0xE4, 0x00,
    0x40, 0x00, 0x00, 0x00, 0x00, 0x00, 0x00, 0x00, 0x00, 0x00, 0x00, 0x00, 0x0F, 0xE0, 0x00, 0x00,
    0x00, 0x00, 0x00, 0x00, 0x0F, 0xE0, 0x00, 0x00, 0x00, 0x0C, 0xEE, 0xEE, 0xEF, 0xFE, 0xEE, 0xEE,
    0xB0, 0x0E, 0xFF, 0xFF, 0xFF, 0xFF, 0xFF, 0xFF, 0xD0, 0x00, 0x00, 0x00, 0x0F, 0xE0, 0x00, 0x00,
    0x00, 0x00, 0x00, 0x00, 0x0F, 0xE0, 0x00, 0x00, 0x00, 0x01, 0xDD, 0xDD, 0xDF, 0xFD, 0xDD, 0xD4,
    0x00, 0x01, 0xFF, 0xFF, 0xFF, 0xFF, 0xFF, 0xF7, 0x00, 0x00, 0x09, 0xF7, 0x00, 0x00, 0x5F, 0xE0,
    0x00, 0x00, 0x02, 0xFF, 0x30, 0x01, 0xEF, 0x60, 0x00, 0x00, 0x00, 0x8F, 0xE4, 0x2E, 0xFA, 0x00,
    0x00, 0x00, 0x00, 0x0A, 0xFF, 0xEF, 0xB0, 0x00, 0x00, 0x00, 0x00, 0x16, 0xFF, 0xFF, 0x81, 0x00,
    0x00, 0x14, 0x7B, 0xFF, 0xFE, 0xEF, 0xFF, 0xC9, 0x61, 0x5F, 0xFF, 0xFD, 0x60, 0x06, 0xDF, 0xFF,
    0xE1, 0x0C, 0xB7, 0x30, 0x00, 0x00, 0x03, 0x6A, 0x60, 0x00, 0x08, 0xC0, 0x00, 0x08, 0xC3, 0x00,
    0x00, 0x00, 0x0B, 0xF3, 0x00, 0x0C, 0xF3, 0x00, 0x00, 0x00, 0x06, 0xE4, 0x00, 0x0F, 0xF0, 0x00,
    0x00, 0x6F, 0xFF, 0xFF, 0xFB, 0x3F, 0xFC, 0xCC, 0xC6, 0x4C, 0xFF, 0xCC, 0xC8, 0x8F, 0xFF, 0xFF,
    0xF8, 0x00, 0xCF, 0x00, 0x00, 0xEF, 0x60, 0xAF, 0x30, 0x00, 0xCF, 0xBB, 0xB9, 0xFF, 0xA0, 0xDF,
    0x00, 0x00, 0xDF, 0xFF, 0xFF, 0xFF, 0xE1, 0xFD, 0x00, 0x00, 0xEF, 0x0A, 0xF7, 0xB9, 0xF9, 0xF9,
    0x00, 0x00, 0xFF, 0x0A, 0xF1, 0x04, 0xFF, 0xF3, 0x00, 0x01, 0xFD, 0x0B, 0xF1, 0x00, 0xEF, 0xD0,
    0x00, 0x04, 0xFA, 0x0B, 0xF0, 0x00, 0xDF, 0xC0, 0x00, 0x09, 0xF6, 0x0C, 0xF0, 0x0B, 0xFF, 0xFA,
    0x00, 0x2F, 0xF1, 0x1F, 0xE3, 0xDF, 0xE5, 0xFF, 0xB2, 0x8F, 0x78, 0xFF, 0xBC, 0xFD, 0x20, 0x4F,
    0xF5, 0x07, 0x03, 0xA9, 0x23, 0x90, 0x00, 0x02, 0x60, 0x00, 0x00, 0x00, 0x00, 0x07, 0xC4, 0x00,
    0x00, 0x4D, 0xDD, 0xDD, 0xDD, 0x0B, 0xF4, 0x00, 0x00, 0x4F, 0xFF, 0xFF, 0xFF, 0x1E, 0xF1, 0x00,
    0x00, 0x00, 0x01, 0xFC, 0x00, 0x2F, 0xFC, 0xCC, 0xC6, 0x00, 0x01, 0xFC, 0x00, 0x8F, 0xFF, 0xFF,
    0xF7, 0x0C, 0xD1, 0xFC, 0x00, 0xFF, 0x50, 0x8F, 0x60, 0x0D, 0xE1, 0xFF, 0xFF, 0xFF, 0xA0, 0xBF,
    0x30, 0x0D, 0xE1, 0xFF, 0xCD, 0xFF, 0xE0, 0xEF, 0x00, 0x0D, 0xE1, 0xFC, 0x00, 0x4A, 0xF6, 0xFC,
    0x00, 0x0D, 0xE1, 0xFC, 0x00, 0x05, 0xFE, 0xF6, 0x00, 0x0D, 0xE1, 0xFC, 0x00, 0x00, 0xFF, 0xF1,
    0x00, 0x0D, 0xE3, 0xFE, 0xDF, 0x10, 0xCF, 0xC0, 0x00, 0x6F, 0xFF, 0xFF, 0xFE, 0x28, 0xFF, 0xF7,
    0x00, 0x8F, 0xFD, 0x96, 0x21, 0xAF, 0xFA, 0xFF, 0x80, 0x25, 0x10, 0x00, 0x0A, 0xFF, 0x50, 0x8F,
    0xF5, 0x00, 0x00, 0x00, 0x01, 0xC2, 0x00, 0x05, 0x90, 0x00, 0x00, 0x00, 0x00, 0x00, 0x00, 0x00,
    0x00, 0x04, 0x64, 0xF7, 0x47, 0x14, 0xD5, 0x00, 0x00, 0x0A, 0xF5, 0xF8, 0xDE, 0x17, 0xF5, 0x00,
    0x00, 0x03, 0xC7, 0xF9, 0xB4, 0x0A, 0xF2, 0x00, 0x00, 0x4F, 0xFF, 0xFF, 0xFF, 0x8D, 0xFC, 0xCC,
    0xC4, 0x28, 0x9F, 0xFF, 0xC8, 0x5F, 0xFF, 0xFF, 0xF5, 0x01, 0xDF, 0xFF, 0xF9, 0x6F, 0xE0, 0x8F,
    0x30, 0x5F, 0xFA, 0xF8, 0xBA, 0xCF, 0xF2, 0xAF, 0x10, 0x2F, 0x63, 0xD6, 0x06, 0xFF, 0xF6, 0xDE,
    0x00, 0x01, 0x0D, 0xC0, 0x02, 0xD5, 0xFB, 0xFB, 0x00, 0x0F, 0xFF, 0xFF, 0xFE, 0x10, 0xDF, 0xF6,
    0x00, 0x09, 0xFF, 0x9A, 0xFB, 0x00, 0x7F, 0xF1, 0x00, 0x06, 0xFC, 0x1A, 0xF3, 0x00, 0x7F, 0xE1,
    0x00, 0x02, 0xAF, 0xFF, 0x90, 0x03, 0xFF, 0xFB, 0x00, 0x00, 0x6D, 0xFF, 0xE2, 0x6F, 0xF5, 0xDF,
    0xA0, 0x4E, 0xFF, 0x76, 0xA9, 0xFF, 0x60, 0x2E, 0xF6, 0x1C, 0x71, 0x00, 0x02, 0xD3, 0x00, 0x02,
    0x80, 0x00, 0x00, 0x00, 0x00, 0x00, 0x00, 0x00, 0x00, 0x00, 0x03, 0xE6, 0x00, 0x03, 0xC5, 0x00,
    0x00, 0x2F, 0xFF, 0xFF, 0xFF, 0x39, 0xF6, 0x00, 0x00, 0x17, 0x79, 0xFB, 0x77, 0x3F, 0xFF, 0xFF,
    0xF4, 0x0C, 0xFF, 0xFF, 0xFF, 0xCF, 0xE8, 0xDF, 0x92, 0x0C, 0xB5, 0xF7, 0xAF, 0xDE, 0xF5, 0xFB,
    0x00, 0x0C, 0xFF, 0xFF, 0xFF, 0x11, 0xDF, 0xF3, 0x00, 0x00, 0x6F, 0xFC, 0xD1, 0x00, 0xBF, 0xF4,
    0x00, 0x07, 0xFE, 0xFB, 0xEB, 0x5D, 0xFE, 0xFF, 0x92, 0x2E, 0x94, 0xE6, 0x12, 0xAE, 0x60, 0x3B,
    0xF2, 0x06, 0xFF, 0xFF, 0xFF, 0xFF, 0xFF, 0xFF, 0x70, 0x03, 0x88, 0x88, 0x8F, 0xF8, 0x88, 0x88,
    0x20, 0x00, 0x0F, 0xE0, 0x0F, 0xE6, 0x66, 0x60, 0x00, 0x00, 0x0F, 0xE0, 0x0F, 0xFF, 0xFF, 0xF0,
    0x00, 0x00, 0x0F, 0xE0, 0x0F, 0xE0, 0x00, 0x00, 0x00, 0x4F, 0xFF, 0xFF, 0xFF, 0xFF, 0xFF, 0xFF,
    0xF5, 0x29, 0x99, 0x99, 0x99, 0x99, 0x99, 0x99, 0x93, 0x00, 0x00, 0x00, 0x00, 0x00, 0x00, 0x00,
    0x00, 0x00, 0x00, 0x00, 0x2C, 0xE0, 0x00, 0x00, 0x00, 0x00, 0x00, 0x00, 0x1F, 0xF5, 0x00, 0x00,
    0x00, 0x00, 0x00, 0x00, 0x0A, 0xE6, 0x00, 0x00, 0x00, 0x4F, 0xFF, 0xFF, 0xFF, 0xFF, 0xFF, 0xFF,
    0xF5, 0x4D, 0xDF, 0xFE, 0xDD, 0xDD, 0xEF, 0xFD, 0xD5, 0x00, 0x08, 0xF8, 0x00, 0x00, 0x8F, 0x90,
    0x00, 0x00, 0x01, 0xFF, 0x10, 0x00, 0xEF, 0x30, 0x00, 0x00, 0x00, 0x9F, 0x80, 0x07, 0xFC, 0x00,
    0x00, 0x00, 0x00, 0x2F, 0xF4, 0x2F, 0xF4, 0x00, 0x00, 0x00, 0x00, 0x06, 0xFE, 0xDF, 0x90, 0x00,
    0x00, 0x00, 0x00, 0x00, 0xBF, 0xFD, 0x00, 0x00, 0x00, 0x00, 0x00, 0x03, 0xDF, 0xFF, 0x60, 0x00,
    0x00, 0x00, 0x01, 0x9F, 0xFD, 0xCF, 0xFC, 0x30, 0x00, 0x05, 0xBF, 0xFF, 0x90, 0x07, 0xFF, 0xFD,
    0x71, 0x4F, 0xFF, 0xC4, 0x00, 0x00, 0x3B, 0xFF, 0xF4, 0x0A, 0x92, 0x00, 0x00, 0x00, 0x00, 0x18,
    0x80, 0x00, 0x0D, 0xA0, 0x00, 0x00, 0x01, 0xFA, 0x00, 0x3B, 0x0F, 0xC3, 0xC3, 0x59, 0x01, 0xFB,
    0x00, 0x3F, 0x4F, 0xC6, 0xF2, 0xBF, 0xC2, 0xFB, 0x00, 0x0F, 0x7F, 0xC9, 0xD0, 0x0A, 0xF6, 0xFB,
    0x00, 0x0D, 0xAF, 0xCD, 0x80, 0x00, 0x71, 0xFB, 0x00, 0x06, 0x4F, 0xC6, 0x20, 0x50, 0x01, 0xFB,
    0x00, 0x6F, 0xFF, 0xFF, 0xF9, 0xFB, 0x11, 0xFB, 0x00, 0x5C, 0xEF, 0xFC, 0xC3, 0xBF, 0xB1, 0xFB,
    0x00, 0x00, 0xDF, 0xF5, 0x00, 0x08, 0x31, 0xFB, 0x00, 0x04, 0xFF, 0xFF, 0x30, 0x00, 0x01, 0xFD,
    0x94, 0x0B, 0xDF, 0xDE, 0xE4, 0x7A, 0xDF, 0xFF, 0xF8, 0x5F, 0x7F, 0xC7, 0x8C, 0xFF, 0xFE, 0xFD,
    0x51, 0x8F, 0x1F, 0xC0, 0x06, 0x74, 0x11, 0xFB, 0x00, 0x28, 0x0F, 0xC0, 0x00, 0x00, 0x01, 0xFB,
    0x00, 0x00, 0x0F, 0xC0, 0x00, 0x00, 0x01, 0xFB, 0x00, 0x00, 0x0E, 0xC0, 0x00, 0x00, 0x01, 0xFB,
    0x00, 0x00, 0x00, 0x00, 0x00, 0x00, 0x00, 0x00, 0x00, 0x54, 0x00, 0xF8, 0x00, 0x00, 0x04, 0xC8,
    0x00, 0xEB, 0x53, 0xF8, 0x85, 0x27, 0xDF, 0xFF, 0x30, 0xEB, 0xC8, 0xF9, 0xF7, 0xEF, 0xFD, 0x71,
    0x00, 0xEB, 0x8B, 0xFD, 0xF1, 0xEE, 0x20, 0x00, 0x00, 0xEB, 0x58, 0xFB, 0x70, 0xEE, 0x00, 0x00,
    0x00, 0xEB, 0xFF, 0xFF, 0xFA, 0xEE, 0x00, 0x00, 0x00, 0xEB, 0x9B, 0xFD, 0x96, 0xEF, 0xFF, 0xFF,
    0x80, 0xEB, 0x09, 0xFF, 0x40, 0xEF, 0xCE, 0xFC, 0x60, 0xEB, 0x1F, 0xFF, 0xF2, 0xFD, 0x0A, 0xF2,
    0x00, 0xEC, 0xBE, 0xFA, 0xF7, 0xFC, 0x0A, 0xF2, 0x00, 0xED, 0xF6, 0xF8, 0x41, 0xFB, 0x0A, 0xF2,
    0x00, 0xEB, 0x70, 0xF8, 0x03, 0xFA, 0x0A, 0xF2, 0x00, 0xEB, 0x00, 0xA5, 0x06, 0xF8, 0x0A, 0xF2,
    0x00, 0xEF, 0xFF, 0xFF, 0xFC, 0xF4, 0x0A, 0xF2, 0x00, 0x9A, 0xAA, 0xAA, 0xAF, 0xF1, 0x0A, 0xF2,
    0x00, 0x00, 0x00, 0x00, 0x08, 0xA0, 0x0A, 0xF2, 0x00, 0x00, 0x00, 0x00, 0x00, 0x00, 0x00, 0x00,
    0x00, 0x00, 0x00, 0x00, 0x00, 0x00, 0x00, 0x00, 0x00, 0x00, 0x08, 0xD0, 0x00, 0x00, 0x00, 0x49,
    0x00, 0x00, 0x09, 0xF5, 0x00, 0x04, 0x8D, 0xFF, 0xB0, 0x2F, 0xFF, 0xFF, 0xFF, 0x4F, 0xFF, 0xC7,
    0x20, 0x19, 0xDB, 0x8C, 0xEA, 0x4F, 0x90, 0x00, 0x00, 0x02, 0xF8, 0x0B, 0xF1, 0x3F, 0x80, 0x00,
    0x00, 0x38, 0xFD, 0x9F, 0xE8, 0x6F, 0x80, 0x00, 0x00, 0x6F, 0xFF, 0xFF, 0xFF, 0x8F, 0xFF, 0xFF,
    0xF7, 0x00, 0x05, 0xF6, 0x00, 0x3F, 0xEC, 0xFF, 0xC6, 0x29, 0x9B, 0xFC, 0x99, 0x4F, 0x80, 0xDF,
    0x00, 0x4F, 0xFF, 0xFF, 0xFF, 0x5F, 0x70, 0xDF, 0x00, 0x02, 0x56, 0xF6, 0x61, 0x6F, 0x60, 0xDF,
    0x00, 0x0A, 0xF6, 0xF8, 0xF8, 0x9F, 0x40, 0xDF, 0x00, 0x3F, 0x95, 0xF6, 0x9F, 0xCF, 0x10, 0xDF,
    0x00, 0x2C, 0x15, 0xF6, 0x26, 0xFD, 0x00, 0xDF, 0x00, 0x00, 0x9F, 0xF4, 0x04, 0xF8, 0x00, 0xDF,
    0x00, 0x00, 0x28, 0x50, 0x00, 0x51, 0x00, 0xCE, 0x00, 0x00, 0x00, 0x00, 0x00, 0x00, 0x00, 0x00,
    0x00, 0x00, 0x00, 0x00, 0x1B, 0xD0, 0x00, 0x00, 0x00, 0x00, 0x00, 0x00, 0x0F, 0xF4, 0x00, 0x00,
    0x00, 0x00, 0x00, 0x00, 0x09, 0xF6, 0x00, 0x00, 0x00, 0x2F, 0xFF, 0xFF, 0xFF, 0xFF, 0xFF, 0xFF,
    0xF2, 0x2D, 0xDD, 0xEF, 0xFE, 0xDD, 0xDD, 0xDD, 0xD2, 0x00, 0x00, 0x2F, 0xF0, 0x00, 0x00, 0x00,
    0x00, 0x00, 0x00, 0x3F, 0xE0, 0x00, 0x00, 0x00, 0x00, 0x00, 0x00, 0x5F, 0xFF, 0xFF, 0xFF, 0xFB,
    0x00, 0x00, 0x00, 0x8F, 0xFD, 0xDD, 0xDE, 0xFA, 0x00, 0x00, 0x00, 0xBF, 0x60, 0x00, 0x06, 0xF9,
    0x00, 0x00, 0x01, 0xFF, 0x20, 0x00, 0x07, 0xF7, 0x00, 0x00, 0x09, 0xFC, 0x00, 0x00, 0x09, 0xF6,
    0x00, 0x00, 0x3F, 0xF5, 0x00, 0x00, 0x0C, 0xF3, 0x00, 0x03, 0xEF, 0xB0, 0x01, 0x00, 0x3F, 0xF0,
    0x00, 0x2F, 0xFD, 0x10, 0x07, 0xFF, 0xFF, 0xB0, 0x00, 0x07, 0xA0, 0x00, 0x02, 0xCC, 0xC9, 0x10,
    0x00, 0x00, 0x00, 0x00, 0x00, 0x00, 0x00, 0x00, 0x00, 0x04, 0xDD, 0xDD, 0xDD, 0xDD, 0xDD, 0xDD,
    0x60, 0x04, 0xFF, 0xFF, 0xFF, 0xFF, 0xFF, 0xFF, 0x70, 0x00, 0x00, 0x00, 0x5F, 0xA0, 0x00, 0x00,
    0x00, 0x00, 0x00, 0x00, 0x6F, 0x90, 0x00, 0x00, 0x00, 0x00, 0x00, 0x00, 0x7F, 0x80, 0x00, 0x00,
    0x00, 0x4F, 0xFF, 0xFF, 0xFF, 0xFF, 0xFF, 0xFF, 0xF5, 0x3E, 0xEE, 0xEE, 0xFF, 0xFF, 0xEE, 0xEE,
    0xE5, 0x00, 0x00, 0x00, 0xFF, 0xFF, 0x10, 0x00, 0x00, 0x00, 0x00, 0x05, 0xFB, 0xFF, 0x10, 0x00,
    0x00, 0x00, 0x00, 0x0D, 0xF6, 0xFF, 0x10, 0x00, 0x00, 0x00, 0x00, 0x7F, 0xE0, 0xFF, 0x10, 0x03,
    0x40, 0x00, 0x05, 0xFF, 0x50, 0xFF, 0x10, 0x06, 0xF6, 0x00, 0x7F, 0xF8, 0x00, 0xEF, 0x20, 0x09,
    0xF5, 0x3E, 0xFF, 0x80, 0x00, 0xCF, 0xFF, 0xFF, 0xF1, 0x0C, 0xC3, 0x00, 0x00, 0x3C, 0xDE, 0xED,
    0x60, 0x00, 0x00, 0x00, 0x00, 0x00, 0x00, 0x00, 0x00, 0x0A, 0xFF, 0xFF, 0xF2, 0xFF, 0xFF, 0xFF,
    0xF0, 0x0A, 0xFB, 0xAE, 0xF1, 0xAA, 0xBF, 0xEA, 0xA0, 0x0A, 0xF2, 0x0B, 0xF0, 0x59, 0x2F, 0xA0,
    0x00, 0x0A, 0xFF, 0xFF, 0xF0, 0xBF, 0x2F, 0x80, 0x00, 0x0A, 0xF8, 0x7D, 0xF0, 0xEC, 0x3F, 0x70,
    0x00, 0x0A, 0xF2, 0x0B, 0xF5, 0xFD, 0xBF, 0xCA, 0xA2, 0x0A, 0xFF, 0xFF, 0xF4, 0xFF, 0xFF, 0xFF,
    0xF4, 0x0A, 0xFB, 0xAA, 0xA0, 0x20, 0xDF, 0x00, 0x00, 0x0A, 0xF2, 0x07, 0x30, 0x03, 0xFF, 0xC0,
    0x00, 0x0A, 0xF2, 0x1F, 0xB0, 0x08, 0xFF, 0xD0, 0x00, 0x0A, 0xF3, 0x6E, 0xF2, 0x0E, 0xFD, 0xD0,
    0x10, 0x0B, 0xFE, 0xFF, 0xF7, 0x7F, 0xAB, 0xD0, 0xB5, 0x1F, 0xFF, 0xA3, 0xD8, 0xFF, 0x2B, 0xD0,
    0xD6, 0x0E, 0xC3, 0x00, 0x0E, 0xF7, 0x0A, 0xFF, 0xF3, 0x03, 0x00, 0x00, 0x05, 0xA0, 0x02, 0x8A,
    0x60, 0x00, 0x00, 0x00, 0x00, 0x00, 0x00, 0x00, 0x00, 0x8E, 0xEE, 0xEE, 0xEE, 0xEE, 0xE9, 0x8F,
    0xFF, 0xFF, 0xFF, 0xFF, 0xF9, 0x8F, 0x60, 0x00, 0x00, 0x06, 0xF9, 0x8F, 0x60, 0x00, 0x00, 0x06,
    0xF9, 0x8F, 0x60, 0x00, 0x00, 0x06, 0xF9, 0x8F, 0x60, 0x00, 0x00, 0x06, 0xF9, 0x8F, 0xFF, 0xFF,
    0xFF, 0xFF, 0xF9, 0x8F, 0xEE, 0xEE, 0xEE, 0xEF, 0xF9, 0x8F, 0x60, 0x00, 0x00, 0x06, 0xF9, 0x8F,
    0x60, 0x00, 0x00, 0x06, 0xF9, 0x8F, 0x60, 0x00, 0x00, 0x06, 0xF9, 0x8F, 0x60, 0x00, 0x00, 0x06,
    0xF9, 0x8F, 0xFF, 0xFF, 0xFF, 0xFF, 0xF9, 0x8F, 0xFE, 0xEE, 0xEE, 0xEF, 0xF9, 0x7E, 0x60, 0x00,
    0x00, 0x06, 0xD8, 0x24, 0x20, 0x00, 0x00, 0x00, 0x00, 0x00, 0x8F, 0x70, 0x7C, 0xCC, 0xCC, 0xCC,
    0xC7, 0x8F, 0x70, 0x8F, 0xFF, 0xFF, 0xFF, 0xF8, 0x8F, 0x70, 0x8F, 0x60, 0x00, 0x07, 0xF8, 0x8F,
    0x70, 0x8F, 0x60, 0x00, 0x07, 0xF8, 0x8F, 0x70, 0x8F, 0x60, 0x00, 0x07, 0xF8, 0x8F, 0x70, 0x8F,
    0x60, 0x00, 0x07, 0xF8, 0x8F, 0x70, 0x8F, 0xFF, 0xFF, 0xFF, 0xF8, 0x8F, 0x70, 0x8F, 0xDC, 0xCC,
    0xCE, 0xF8, 0x8F, 0x70, 0x8F, 0x60, 0x00, 0x07, 0xF8, 0x8F, 0x70, 0x8F, 0x60, 0x00, 0x07, 0xF8,
    0x8F, 0x70, 0x8F, 0x60, 0x00, 0x07, 0xF8, 0x8F, 0x70, 0x8F, 0x60, 0x00, 0x07, 0xF8, 0x8F, 0x70,
    0x8F, 0xFF, 0xFF, 0xFF, 0xF8, 0x8F, 0x70, 0x8F, 0xDC, 0xCC, 0xCE, 0xF8, 0x8F, 0x70, 0x8F, 0x60,
    0x00, 0x07, 0xE8, 0x00, 0x00, 0x00, 0x00, 0x00, 0x00, 0x00, 0x00, 0x00, 0x00, 0x00, 0x00, 0x0E,
    0xC0, 0x00, 0xAB, 0xBB, 0xB6, 0x00, 0x00, 0x0F, 0xE0, 0x00, 0xFF, 0xFF, 0xF9, 0x00, 0x00, 0x0F,
    0xE0, 0x00, 0xFD, 0x03, 0xF9, 0xCE, 0xEE, 0xEF, 0xFE, 0x70, 0xFD, 0x03, 0xF9, 0xDF, 0xFF, 0xFF,
    0xFF, 0x80, 0xFD, 0x03, 0xF9, 0x00, 0x00, 0x0F, 0xE0, 0x00, 0xFF, 0xAB, 0xF9, 0x04, 0x00, 0x0F,
    0xE0, 0x00, 0xFF, 0xFF, 0xF9, 0x6F, 0xA0, 0x0F, 0xE0, 0x00, 0xFD, 0x03, 0xF9, 0x0D, 0xF5, 0x0F,
    0xE0, 0x00, 0xFD, 0x03, 0xF9, 0x04, 0xFE, 0x1F, 0xE0, 0x00, 0xFD, 0x03, 0xF9, 0x00, 0xB8, 0x1F,
    0xE0, 0x00, 0xFF, 0xFF, 0xF9, 0x00, 0x00, 0x0F, 0xE0, 0x00, 0xFF, 0xBB, 0xB6, 0x00, 0x00, 0x0F,
    0xE0, 0x00, 0xFD, 0x00, 0x00, 0x00, 0x00, 0x1F, 0xE0, 0x00, 0x66, 0x00, 0x00, 0x00, 0xFF, 0xFF,
    0xC0, 0x00, 0x00, 0x00, 0x00, 0x00, 0x9D, 0xDA, 0x20, 0x00, 0xEF, 0xFF, 0xFB, 0x2F, 0xFF, 0xFF,
    0xFF, 0x00, 0xEF, 0xBC, 0xFB, 0x2F, 0xEC, 0xCC, 0xFF, 0x00, 0xED, 0x00, 0xFB, 0x2F, 0xB0, 0x00,
    0xDF, 0x00, 0xED, 0x00, 0xFB, 0x2F, 0xB0, 0x00, 0xDF, 0x00, 0xEF, 0xBB, 0xFB, 0x2F, 0xFF, 0xFF,
    0xFF, 0x00, 0xEF, 0xFF, 0xFB, 0x2F, 0xEB, 0xBB, 0xFF, 0x00, 0xED, 0x00, 0xFB, 0x3F, 0xA0, 0x00,
    0xDF, 0x00, 0xED, 0x00, 0xFB, 0x3F, 0xA0, 0x00, 0xDF, 0x00, 0xEF, 0xBC, 0xFB, 0x5F, 0xFF, 0xFF,
    0xFF, 0x00, 0xEF, 0xFF, 0xFB, 0x8F, 0xDB, 0xBB, 0xFF, 0x00, 0xED, 0x00, 0x00, 0xDF, 0x10, 0x00,
    0xDF, 0x00, 0x88, 0x00, 0x04, 0xFC, 0x00, 0x00, 0xDF, 0x00, 0x00, 0x00, 0x1E, 0xF6, 0x00, 0x00,
    0xEF, 0x00, 0x00, 0x00, 0xDF, 0xC0, 0x02, 0xFF, 0xFE, 0x00, 0x00, 0x00, 0x3B, 0x10, 0x00, 0xBC,
    0xA3, 0x00, 0x00, 0x00, 0x00, 0x00, 0x00, 0x00, 0x00, 0x00, 0x00, 0x00, 0x00, 0x00, 0x2E, 0x80,
    0x00, 0x00, 0xBB, 0xBB, 0x80, 0x00, 0x2F, 0x90, 0x00, 0x00, 0xFF, 0xFF, 0xB1, 0xBB, 0xBF, 0xEB,
    0xB8, 0x00, 0xFC, 0x0F, 0xB1, 0xFF, 0xFF, 0xFF, 0xFC, 0x00, 0xFC, 0x0F, 0xB1, 0xF9, 0x2F, 0x90,
    0xFC, 0x00, 0xFC, 0x0F, 0xB1, 0xF9, 0x2F, 0x90, 0xFC, 0x00, 0xFF, 0xFF, 0xB1, 0xF9, 0x2F, 0x90,
    0xFC, 0x00, 0xFE, 0xAF, 0xB1, 0xF9, 0x3F, 0x90, 0xFC, 0x00, 0xFC, 0x0F, 0xBA, 0xFE, 0xCF, 0xEB,
    0xFF, 0x60, 0xFC, 0x0F, 0xBE, 0xFF, 0xFF, 0xFF, 0xFF, 0x80, 0xFC, 0x0F, 0xB0, 0x00, 0xBF, 0xF5,
    0x00, 0x00, 0xFF, 0xFF, 0xB0, 0x03, 0xFE, 0xFE, 0x00, 0x00, 0xFE, 0xBB, 0x80, 0x1D, 0xF6, 0x8F,
    0x70, 0x00, 0xFC, 0x00, 0x04, 0xEF, 0xB0, 0x1E, 0xF6, 0x00, 0x32, 0x00, 0x9F, 0xFA, 0x00, 0x04,
    0xFF, 0x60, 0x00, 0x00, 0x1B, 0x40, 0x00, 0x00, 0x3B, 0x00, 0x00, 0x00, 0x00, 0x00, 0x00, 0x00,
    0x00, 0x00, 0x00, 0x35, 0x55, 0x55, 0x55, 0x55, 0x53, 0x00, 0x00, 0x9F, 0xFF, 0xFF, 0xFF, 0xFF,
    0xF8, 0x00, 0x00, 0x9F, 0x40, 0x00, 0x00, 0x06, 0xF8, 0x00, 0x00, 0x9F, 0xFF, 0xFF, 0xFF, 0xFF,
    0xF8, 0x00, 0x00, 0x9F, 0x74, 0x44, 0x44, 0x48, 0xF8, 0x00, 0x00, 0x9F, 0xFF, 0xFF, 0xFF, 0xFF,
    0xF8, 0x00, 0x00, 0x35, 0x55, 0x55, 0x55, 0x55, 0x53, 0x00, 0x0A, 0xAA, 0xAA, 0xAA, 0xAA, 0xAA,
    0xAA, 0xA1, 0x1F, 0xFF, 0xFF, 0xFF, 0xFF, 0xFF, 0xFF, 0xF1, 0x00, 0x07, 0x61, 0x0C, 0xF2, 0x00,
    0x00, 0x00, 0x00, 0x0F, 0xF0, 0x0C, 0xFB, 0xAA, 0xAA, 0x00, 0x00, 0x5F, 0xF1, 0x0C, 0xFF, 0xFF,
    0xFF, 0x10, 0x00, 0xBF, 0xFB, 0x0C, 0xF2, 0x00, 0x00, 0x00, 0x06, 0xFE, 0xCF, 0xDE, 0xF2, 0x00,
    0x00, 0x00, 0x5F, 0xF5, 0x1C, 0xFF, 0xFF, 0xFF, 0xFF, 0xF4, 0x0B, 0x60, 0x00, 0x48, 0xBC, 0xCC,
    0xCC, 0xC0, 0x00, 0x00, 0x00, 0x00, 0x00, 0x00, 0x00, 0x00, 0x00, 0x7F, 0xFF, 0xFF, 0xFF, 0xFF,
    0xF7, 0x00, 0x00, 0x7F, 0xB7, 0x77, 0x77, 0x7C, 0xF7, 0x00, 0x00, 0x7F, 0xA6, 0x66, 0x66, 0x6B,
    0xF7, 0x00, 0x00, 0x7F, 0xFF, 0xFF, 0xFF, 0xFF, 0xF7, 0x00, 0x00, 0x7F, 0x60, 0x00, 0x00, 0x08,
    0xF7, 0x00, 0x00, 0x7F, 0xFF, 0xFF, 0xFF, 0xFF, 0xF7, 0x00, 0x00, 0x37, 0x77, 0x77, 0x77, 0x77,
    0x73, 0x00, 0x00, 0x42, 0x0C, 0xF0, 0x1F, 0xA0, 0x35, 0x00, 0x02, 0xFA, 0x0C, 0xF0, 0x1F, 0xB0,
    0xBF, 0x30, 0x00, 0xBF, 0x2C, 0xF0, 0x1F, 0xB4, 0xFB, 0x00, 0x00, 0x4F, 0x8C, 0xF0, 0x1F, 0xBC,
    0xF2, 0x00, 0x00, 0x05, 0x0C, 0xF0, 0x1F, 0xB0, 0x30, 0x00, 0x7D, 0xDD, 0xDF, 0xFD, 0xDF, 0xFD,
    0xDD, 0xD6, 0x8F, 0xFF, 0xFF, 0xFF, 0xFF, 0xFF, 0xFF, 0xF8, 0x00, 0x00, 0x01, 0xC6, 0x00, 0x00,
    0x71, 0x00, 0xAA, 0xA9, 0x01, 0xF7, 0x02, 0x8E, 0xFC, 0x00, 0xFF, 0xFE, 0x01, 0xF7, 0x0C, 0xFD,
    0x71, 0x00, 0xF7, 0x9E, 0x26, 0xFA, 0x3C, 0xD0, 0x00, 0x00, 0xF7, 0x9E, 0x9F, 0xFF, 0xCC, 0xD0,
    0x00, 0x00, 0xF7, 0x9E, 0x27, 0xFA, 0x3C, 0xF9, 0x99, 0x50, 0xFC, 0xDE, 0x07, 0xFC, 0x0C, 0xFF,
    0xFF, 0x80, 0xFF, 0xFE, 0x0C, 0xFF, 0x7D, 0xD3, 0xF7, 0x00, 0xF7, 0x9E, 0x2F, 0xFE, 0xED, 0xC3,
    0xF7, 0x00, 0xF7, 0x9E, 0x9F, 0xF9, 0x5E, 0xA3, 0xF7, 0x00, 0xF7, 0x9F, 0xFB, 0xF7, 0x0F, 0x93,
    0xF7, 0x00, 0xFF, 0xFF, 0xF5, 0xF7, 0x2F, 0x83, 0xF7, 0x00, 0xFD, 0xA9, 0x31, 0xF7, 0x4F, 0x53,
    0xF7, 0x00, 0xF7, 0x00, 0x01, 0xF7, 0x9F, 0x23, 0xF7, 0x00, 0x00, 0x00, 0x01, 0xF8, 0xED, 0x03,
    0xF7, 0x00, 0x00, 0x00, 0x01, 0xE7, 0x57, 0x02, 0xD6, 0x00, 0x00, 0x0B, 0xB1, 0x00, 0x00, 0x13,
    0x6A, 0x60, 0x3F, 0xFF, 0xFF, 0xFF, 0x5F, 0xFF, 0xFF, 0xB0, 0x17, 0xFE, 0x88, 0x76, 0x2F, 0xC4,
    0x20, 0x00, 0x09, 0xF5, 0x9F, 0x20, 0x0F, 0xA0, 0x00, 0x00, 0x1F, 0xFF, 0xFF, 0xFF, 0x7F, 0xFF,
    0xFF, 0xF4, 0x07, 0x87, 0xCF, 0x98, 0x5F, 0xC8, 0xFD, 0x82, 0x04, 0x56, 0xCF, 0xFF, 0x8F, 0x60,
    0xFB, 0x00, 0x2F, 0xFF, 0xFF, 0x85, 0xCF, 0x20, 0xFB, 0x00, 0x03, 0x20, 0x9F, 0x20, 0xDB, 0x00,
    0xFB, 0x00, 0x00, 0x36, 0x66, 0x66, 0x78, 0x67, 0xA6, 0x00, 0x00, 0x6F, 0xFF, 0xFF, 0xFF, 0xFF,
    0xF7, 0x00, 0x00, 0x6F, 0x84, 0x44, 0x44, 0x49, 0xF7, 0x00, 0x00, 0x6F, 0xFF, 0xFF, 0xFF, 0xFF,
    0xF7, 0x00, 0x00, 0x6F, 0x60, 0x00, 0x00, 0x06, 0xF7, 0x00, 0x00, 0x6F, 0xFF, 0xFF, 0xFF, 0xFF,
    0xF7, 0x00, 0x00, 0x6F, 0xA7, 0x77, 0x77, 0x7A, 0xF7, 0x00, 0x0F, 0xFF, 0xFF, 0xFF, 0xFF, 0xFF,
    0xFF, 0xF0, 0x0B, 0xBB, 0xBB, 0xBF, 0xFC, 0xBB, 0xBB, 0xB0, 0x00, 0x58, 0x88, 0x8F, 0xF9, 0x88,
    0x88, 0x00, 0x00, 0xAF, 0xFF, 0xFF, 0xFF, 0xFF, 0xFF, 0x00, 0x00, 0xAF, 0x20, 0x0E, 0xF1, 0x00,
    0xDF, 0x00, 0x00, 0xAF, 0x86, 0x6F, 0xF8, 0x66, 0xEF, 0x00, 0x00, 0xAF, 0xFF, 0xFF, 0xFF, 0xFF,
    0xFF, 0x00, 0x00, 0xAF, 0x20, 0x0E, 0xF1, 0x00, 0xDF, 0x00, 0x00, 0xAF, 0xFF, 0xFF, 0xFF, 0xFF,
    0xFF, 0x00, 0x00, 0x5B, 0xC8, 0xBF, 0xE8, 0x88, 0x88, 0x00, 0x00, 0x2F, 0xF3, 0xBF, 0x90, 0x00,
    0x00, 0x00, 0x00, 0x06, 0xFF, 0xFF, 0x20, 0x00, 0x00, 0x00, 0x00, 0x06, 0xFF, 0xFF, 0xA7, 0x41,
    0x10, 0x00, 0x1C, 0xFF, 0xFD, 0xBF, 0xFF, 0xFF, 0xFF, 0xF6, 0x09, 0xE9, 0x40, 0x01, 0x47, 0x9A,
    0xBC, 0xD0, 0x00, 0x00, 0x00, 0x00, 0x00, 0x00, 0x00, 0x00, 0x00, 0x00, 0x00, 0x00, 0x00, 0x00,
    0x00, 0x00, 0x2D, 0xC0, 0x00, 0x0C, 0xE3, 0x00, 0x00, 0x0A, 0xF5, 0x00, 0x8F, 0xA0, 0x00, 0x1F,
    0xFF, 0xFF, 0xFF, 0xFF, 0xFF, 0xF3, 0x1F, 0xD8, 0xA7, 0xFE, 0x7B, 0x8E, 0xF3, 0x1F, 0xCB, 0xE1,
    0xFD, 0x1E, 0xAC, 0xF3, 0x1F, 0xC2, 0xF5, 0xFD, 0x8F, 0x2C, 0xF3, 0x1F, 0xD6, 0xA6, 0xFE, 0x7A,
    0x6E, 0xF3, 0x1F, 0xFF, 0xFF, 0xFF, 0xFF, 0xFF, 0xF3, 0x00, 0x00, 0x00, 0x00, 0x00, 0x00, 0x00,
    0x00, 0xFF, 0xFF, 0xFF, 0xFF, 0xFF, 0x30, 0x00, 0xFF, 0x66, 0x66, 0x66, 0xEF, 0x30, 0x00, 0xFF,
    0x44, 0x44, 0x44, 0xEF, 0x30, 0x00, 0xFF, 0xFF, 0xFF, 0xFF, 0xFF, 0x30, 0x00, 0xFF, 0x66, 0x66,
    0x66, 0xEF, 0x30, 0x00, 0xFF, 0xFF, 0xFF, 0xFF, 0xFF, 0x30, 0x00, 0xEE, 0x00, 0x00, 0x00, 0xBD,
    0x30, 0x00, 0x06, 0xE5, 0x00, 0x00, 0x8E, 0x40, 0x00, 0x05, 0x7B, 0xFA, 0x72, 0x57, 0xCF, 0xA7,
    0x50, 0x0B, 0xFF, 0xFF, 0xF5, 0xBF, 0xFF, 0xFF, 0xB0, 0x00, 0x07, 0xF5, 0x00, 0x00, 0x9F, 0x40,
    0x00, 0x3F, 0xFF, 0xFF, 0xF8, 0xFF, 0xFF, 0xFF, 0xF3, 0x18, 0x9F, 0xFD, 0x84, 0x8B, 0xFF, 0xFA,
    0x82, 0x00, 0x9F, 0xFF, 0xA0, 0x3E, 0xF8, 0xFD, 0x10, 0x09, 0xFA, 0x1B, 0xD5, 0xFF, 0x70, 0x7F,
    0xF5, 0x3F, 0xF9, 0x99, 0xA9, 0xEC, 0x99, 0x99, 0xC1, 0x03, 0x8F, 0xFF, 0xFF, 0xFF, 0xFF, 0xF6,
    0x00, 0x00, 0x6F, 0x70, 0x00, 0x00, 0x09, 0xF6, 0x00, 0x00, 0x6F, 0xFF, 0xFF, 0xFF, 0xFF, 0xF6,
    0x00, 0x00, 0x6F, 0xA6, 0x66, 0x66, 0x6B, 0xF6, 0x00, 0x00, 0x6F, 0x70, 0x00, 0x00, 0x09, 0xF6,
    0x00, 0x00, 0x6F, 0xFF, 0xFF, 0xFF, 0xFF, 0xF6, 0x00, 0x00, 0x6F, 0xC9, 0x99, 0x99, 0x9D, 0xF6,
    0x00, 0x00, 0x00, 0x00, 0x00, 0x00, 0x00, 0x00, 0x00, 0x00, 0x13, 0x33, 0x33, 0x33, 0x33, 0x31,
    0x00, 0x00, 0x5F, 0xFF, 0xFF, 0xFF, 0xFF, 0xF5, 0x00, 0x00, 0x5F, 0x92, 0x22, 0x22, 0x2A, 0xF5,
    0x00, 0x00, 0x5F, 0xFF, 0xFF, 0xFF, 0xFF, 0xF5, 0x00, 0x00, 0x5F, 0xB7, 0x77, 0x77, 0x7C, 0xF5,
    0x00, 0x00, 0x4C, 0xCC, 0xCC, 0xCC, 0xCC, 0xC4, 0x00, 0x28, 0x88, 0x88, 0x88, 0x88, 0x88, 0x88,
    0x82, 0x4F, 0xFF, 0xFF, 0xFF, 0xFF, 0xFF, 0xFF, 0xF4, 0x00, 0xEE, 0x55, 0xFC, 0x00, 0x00, 0x00,
    0x00, 0x00, 0xEF, 0xFF, 0xFC, 0xBF, 0xFF, 0xFF, 0xC0, 0x00, 0xED, 0x00, 0xFC, 0x6F, 0xC8, 0xAF,
    0x80, 0x00, 0xEF, 0xFF, 0xFC, 0x0B, 0xF4, 0xDF, 0x10, 0x00, 0xEE, 0x55, 0xFE, 0x41, 0xEF, 0xF4,
    0x00, 0x2C, 0xFF, 0xCD, 0xFF, 0x98, 0xFF, 0xFD, 0x71, 0x3F, 0xFE, 0xDB, 0xFC, 0xAF, 0xD5, 0xAF,
    0xF3, 0x02, 0x00, 0x00, 0xFC, 0x28, 0x00, 0x04, 0x80, 0x00, 0x0F, 0xFF, 0xFF, 0xFF, 0xFF, 0xF7,
    0x00, 0x0F, 0xFD, 0xDD, 0xDD, 0xDF, 0xF7, 0x00, 0x0F, 0xF0, 0x00, 0x00, 0x09, 0xF7, 0x00, 0x0F,
    0xF0, 0x00, 0x00, 0x09, 0xF7, 0x00, 0x0F, 0xFF, 0xFF, 0xFF, 0xFF, 0xF7, 0x00, 0x0F, 0xFD, 0xDD,
    0xDD, 0xDE, 0xF7, 0x00, 0x0F, 0xE0, 0x00, 0x00, 0x09, 0xF7, 0x00, 0x1F, 0xE0, 0x00, 0x00, 0x09,
    0xF7, 0x00, 0x3F, 0xFF, 0xFF, 0xFF, 0xFF, 0xF7, 0x00, 0x6F, 0xFD, 0xDD, 0xDD, 0xDF, 0xF7, 0x00,
    0xBF, 0x50, 0x00, 0x00, 0x09, 0xF7, 0x02, 0xFF, 0x00, 0x00, 0x00, 0x09, 0xF7, 0x0C, 0xFA, 0x00,
    0x00, 0x00, 0x0A, 0xF6, 0x6F, 0xE1, 0x00, 0x00, 0xBF, 0xFF, 0xF4, 0x0A, 0x30, 0x00, 0x00, 0x5F,
    0xEC, 0x70, 0x00, 0x00, 0x00, 0x00, 0x00, 0x00, 0x00, 0x00, 0x00, 0x04, 0xC6, 0x00, 0x00, 0x00,
    0x00, 0x00, 0x00, 0x09, 0xF8, 0x00, 0x00, 0x00, 0x00, 0x1C, 0xCC, 0xCF, 0xFD, 0xCC, 0xCC, 0xCC,
    0xC1, 0x1F, 0xFF, 0xFF, 0xFF, 0xFF, 0xFF, 0xFF, 0xF2, 0x00, 0x00, 0xEF, 0x40, 0x00, 0x00, 0x00,
    0x00, 0x00, 0x08, 0xFF, 0xAA, 0xAA, 0xAA, 0xA3, 0x00, 0x00, 0x2F, 0xFF, 0xFF, 0xFF, 0xFF, 0xF5,
    0x00, 0x02, 0xEF, 0xFA, 0x00, 0x00, 0x08, 0xF5, 0x00, 0x1D, 0xFF, 0xFD, 0x99, 0x99, 0x9C, 0xF5,
    0x00, 0x4F, 0xC5, 0xFF, 0xFF, 0xFF, 0xFF, 0xF5, 0x00, 0x04, 0x03, 0xFA, 0x00, 0x00, 0x08, 0xF5,
    0x00, 0x00, 0x03, 0xFF, 0xFF, 0xFF, 0xFF, 0xF5, 0x00, 0x00, 0x03, 0xFD, 0x99, 0x99, 0x9D, 0xF5,
    0x00, 0x00, 0x03, 0xFA, 0x00, 0x00, 0x08, 0xF5, 0x00, 0x00, 0x03, 0xFA, 0x00, 0x0A, 0xCF, 0xF4,
    0x00, 0x00, 0x03, 0xFA, 0x00, 0x07, 0xFE, 0x90, 0x00, 0x01, 0xC8, 0x03, 0xB4, 0x00, 0x00, 0x00,
    0x00, 0x01, 0xFA, 0x05, 0xF6, 0x0F, 0xFF, 0xFF, 0xF0, 0x5F, 0xFF, 0xFF, 0xFF, 0x7F, 0xFB, 0xBF,
    0xF0, 0x3B, 0xFE, 0xAC, 0xFD, 0x5F, 0xD0, 0x0D, 0xF0, 0x01, 0xFA, 0x05, 0xF6, 0x0F, 0xD0, 0x0D,
    0xF0, 0x01, 0xFF, 0xFF, 0xF6, 0x0F, 0xFF, 0xFF, 0xF0, 0x01, 0xFC, 0x7A, 0xF6, 0x0F, 0xFB, 0xBF,
    0xF0, 0x01, 0xFC, 0x7A, 0xF6, 0x0F, 0xD0, 0x0D, 0xF0, 0x01, 0xFF, 0xFF, 0xF6, 0x0F, 0xFB, 0xBF,
    0xF0, 0x01, 0xFA, 0x05, 0xF6, 0x0F, 0xFF, 0xFF, 0xF0, 0x5B, 0xFE, 0xAC, 0xFC, 0x6F, 0xA0, 0x0D,
    0xF0, 0x8F, 0xFF, 0xFF, 0xFF, 0xAF, 0x80, 0x0D, 0xF0, 0x00, 0xA8, 0x19, 0xB0, 0x6F, 0x50, 0x0D,
    0xF0, 0x05, 0xFC, 0x0B, 0xF6, 0xBF, 0x30, 0x0D, 0xF0, 0x4F, 0xF3, 0x01, 0xEE, 0xFE, 0x09, 0xCF,
    0xE0, 0x1C, 0x60, 0x00, 0x31, 0x78, 0x07, 0xFD, 0x60, 0x00, 0x00, 0x00, 0x00, 0x00, 0x00, 0x00,
    0x00, 0x00, 0x00, 0x00, 0x0E, 0xE0, 0x00, 0x00, 0x00, 0x00, 0x00, 0x00, 0x0F, 0xF0, 0x00, 0x00,
    0x00, 0x00, 0x00, 0x00, 0x0F, 0xF0, 0x00, 0x00, 0x00, 0x00, 0xEF, 0xFF, 0xFF, 0xFF, 0xFF, 0xFF,
    0x00, 0x00, 0xDE, 0xEE, 0xEF, 0xFE, 0xEE, 0xEE, 0x00, 0x00, 0x00, 0x00, 0x0F, 0xF0, 0x00, 0x00,
    0x00, 0x00, 0x00, 0x00, 0x0F, 0xF0, 0x00, 0x00, 0x00, 0x2F, 0xFF, 0xFF, 0xFF, 0xFF, 0xFF, 0xFF,
    0xF3, 0x2E, 0xEE, 0xEE, 0xFF, 0xFF, 0xEE, 0xEE, 0xE2, 0x00, 0x00, 0x07, 0xFF, 0xFF, 0x70, 0x00,
    0x00, 0x00, 0x00, 0x5F, 0xFF, 0xFF, 0xF7, 0x00, 0x00, 0x00, 0x07, 0xFF, 0x5F, 0xF4, 0xFF, 0x70,
    0x00, 0x02, 0xBF, 0xF4, 0x0F, 0xF0, 0x5F, 0xFB, 0x10, 0x5F, 0xFE, 0x40, 0x0F, 0xF0, 0x05, 0xEF,
    0xF4, 0x0D, 0xB1, 0x00, 0x0F, 0xF0, 0x00, 0x1C, 0xC0, 0x01, 0x00, 0x00, 0x0F, 0xF0, 0x00, 0x00,
    0x10, 0x00, 0x00, 0x00, 0x0F, 0xF0, 0x00, 0x00, 0x00, 0x00, 0x00, 0x00, 0x0F, 0xF0, 0x00, 0x00,
    0x00, 0x00, 0x00, 0x00, 0x0F, 0xF0, 0x00, 0x00, 0x00, 0x0E, 0xEE, 0xEE, 0xFF, 0xFE, 0xEE, 0xEE,
    0xE1, 0x0F, 0xFF, 0xFF, 0xFF, 0xFF, 0xFF, 0xFF, 0xF1, 0x00, 0x00, 0x5F, 0xBF, 0xFB, 0xF4, 0x00,
    0x00, 0x00, 0x00, 0xDF, 0x4F, 0xF5, 0xFC, 0x00, 0x00, 0x00, 0x05, 0xFD, 0x0F, 0xF0, 0xEF, 0x50,
    0x00, 0x00, 0x0D, 0xF7, 0x0F, 0xF0, 0x8F, 0xD0, 0x00, 0x00, 0x7F, 0xD0, 0x0F, 0xF0, 0x0E, 0xF8,
    0x00, 0x04, 0xFF, 0x50, 0x0F, 0xF0, 0x06, 0xFF, 0x60, 0x4F, 0xFE, 0xFE, 0xFF, 0xFE, 0xEF, 0xEF,
    0xF4, 0x1E, 0x96, 0xFF, 0xFF, 0xFF, 0xFF, 0x5B, 0xA0, 0x01, 0x00, 0x00, 0x0F, 0xF0, 0x00, 0x00,
    0x00, 0x00, 0x00, 0x00, 0x0F, 0xF0, 0x00, 0x00, 0x00, 0x00, 0x00, 0x00, 0x0F, 0xF0, 0x00, 0x00,
    0x00, 0x00, 0x0E, 0xE0, 0x00, 0x00, 0x00, 0x00, 0x00, 0x00, 0x0E, 0xE0, 0x03, 0xFF, 0xFF, 0xF8,
    0x00, 0x00, 0x0E, 0xE0, 0x03, 0xFE, 0xCE, 0xF8, 0x00, 0x00, 0x0E, 0xE0, 0x03, 0xFA, 0x05, 0xF8,
    0x00, 0x4F, 0xFF, 0xFF, 0xF3, 0xFA, 0x05, 0xF8, 0x00, 0x3C, 0xDF, 0xFC, 0xC3, 0xFA, 0x05, 0xF8,
    0x00, 0x00, 0x6F, 0xE0, 0x03, 0xFA, 0x05, 0xF8, 0x00, 0x00, 0xCF, 0xF8, 0x03, 0xFA, 0x05, 0xF8,
    0x00, 0x01, 0xFF, 0xFF, 0x54, 0xF9, 0x05, 0xF8, 0x00, 0x09, 0xFF, 0xED, 0xF6, 0xF7, 0x05, 0xF8,
    0x00, 0x2F, 0x9E, 0xE4, 0x88, 0xF5, 0x05, 0xF8, 0x00, 0x8F, 0x3E, 0xE0, 0x0C, 0xF2, 0x05, 0xF8,
    0x53, 0x29, 0x0E, 0xE0, 0x1F, 0xD0, 0x05, 0xF8, 0x9C, 0x00, 0x0E, 0xE0, 0xAF, 0x80, 0x05, 0xF9,
    0xAB, 0x00, 0x0E, 0xE4, 0xFE, 0x10, 0x03, 0xFF, 0xF9, 0x00, 0x0E, 0xE0, 0x74, 0x00, 0x00, 0x7C,
    0xA1, 0x00, 0x00, 0x00, 0x00, 0x00, 0x00, 0x00, 0x00, 0x00, 0x0F, 0xE0, 0x00, 0x00, 0x00, 0x00,
    0x00, 0x00, 0x0F, 0xE0, 0x0D, 0xDD, 0xDD, 0xDD, 0xB0, 0x00, 0x0F, 0xE0, 0x0F, 0xFF, 0xFF, 0xFF,
    0xF0, 0x4C, 0xCF, 0xFC, 0x99, 0xF2, 0x00, 0x1F, 0xC0, 0x5F, 0xFF, 0xFF, 0xC7, 0xF6, 0x00, 0x5F,
    0x90, 0x00, 0x7F, 0xE0, 0x04, 0xF9, 0x00, 0x9F, 0x50, 0x00, 0xCF, 0xF9, 0x00, 0xFD, 0x00, 0xDF,
    0x10, 0x02, 0xFF, 0xFF, 0x90, 0xCF, 0x34, 0xFC, 0x00, 0x07, 0xFF, 0xFD, 0xF6, 0x6F, 0x9B, 0xF6,
    0x00, 0x0E, 0xDF, 0xE2, 0xF2, 0x0F, 0xFF, 0xE0, 0x00, 0x8F, 0x7F, 0xE0, 0x20, 0x09, 0xFF, 0x70,
    0x00, 0x9F, 0x1F, 0xE0, 0x00, 0x0A, 0xFF, 0x50, 0x00, 0x28, 0x0F, 0xE0, 0x00, 0xAF, 0xFF, 0xF4,
    0x00, 0x00, 0x0F, 0xE0, 0x3C, 0xFF, 0x4A, 0xFF, 0x70, 0x00, 0x0F, 0xE0, 0xCF, 0xE3, 0x00, 0xAF,
    0xF4, 0x00, 0x0F, 0xE0, 0x2A, 0x10, 0x00, 0x08, 0x80, 0x00, 0x00, 0x00, 0x00, 0x00, 0x00, 0x00,
    0x00, 0x00, 0x00, 0x00, 0x00, 0x00, 0x00, 0x00, 0x00, 0x00, 0x00, 0x0A, 0xD6, 0x00, 0x00, 0x00,
    0x00, 0x00, 0x00, 0x6F, 0xFB, 0x99, 0x9A, 0x40, 0x00, 0x00, 0x07, 0xFF, 0xFF, 0xFF, 0xFF, 0xC0,
    0x00, 0x02, 0xBF, 0xFF, 0x80, 0x07, 0xFF, 0x20, 0x00, 0x0A, 0xFD, 0x5E, 0xFB, 0xAF, 0xF4, 0x00,
    0x00, 0x00, 0x70, 0x03, 0xFF, 0xFF, 0x60, 0x00, 0x00, 0x00, 0x36, 0xBF, 0xFF, 0xFF, 0xFD, 0x85,
    0x20, 0x5F, 0xFF, 0xFE, 0x82, 0x17, 0xDF, 0xFF, 0xF3, 0x0E, 0xC8, 0x40, 0x0F, 0xE0, 0x03, 0x6A,
    0x80, 0x00, 0x79, 0x99, 0xAF, 0xF9, 0x99, 0x99, 0x00, 0x00, 0xBF, 0xFF, 0xFF, 0xFF, 0xFF, 0xFE,
    0x00, 0x00, 0x00, 0x71, 0x0F, 0xE0, 0x16, 0x00, 0x00, 0x00, 0x0C, 0xF7, 0x0F, 0xE0, 0xBF, 0x80,
    0x00, 0x03, 0xDF, 0xA0, 0x0F, 0xE0, 0x1D, 0xF6, 0x00, 0x08, 0xF9, 0x06, 0xBF, 0xE0, 0x02, 0xFF,
    0x10, 0x00, 0x40, 0x05, 0xFE, 0x60, 0x00, 0x43, 0x00, 0x00, 0x00, 0x00, 0x0F, 0xF0, 0x00, 0x00,
    0x00, 0x00, 0x00, 0x00, 0x0F, 0xF0, 0x00, 0x00, 0x00, 0x06, 0xFF, 0xFF, 0xFF, 0xFF, 0xFF, 0xFF,
    0x90, 0x05, 0xDD, 0xED, 0xDF, 0xFD, 0xDE, 0xDD, 0x70, 0x00, 0x2D, 0xB0, 0x0F, 0xF0, 0x08, 0xF7,
    0x00, 0x00, 0x0C, 0xF4, 0x0F, 0xF0, 0x0E, 0xF2, 0x00, 0x00, 0x06, 0xF7, 0x0F, 0xF0, 0x6F, 0x80,
    0x00, 0x2D, 0xDD, 0xED, 0xDF, 0xFD, 0xDE, 0xDD, 0xD2, 0x2F, 0xFF, 0xFF, 0xFF, 0xFF, 0xFF, 0xFF,
    0xF3, 0x00, 0x00, 0x0A, 0xFF, 0xFF, 0xA0, 0x00, 0x00, 0x00, 0x00, 0x9F, 0xDF, 0xFD, 0xF9, 0x00,
    0x00, 0x00, 0x09, 0xFE, 0x2F, 0xF2, 0xEF, 0x90, 0x00, 0x03, 0xDF, 0xF3, 0x0F, 0xF0, 0x3F, 0xFC,
    0x30, 0x5F, 0xFE, 0x40, 0x0F, 0xF0, 0x04, 0xEF, 0xF5, 0x0C, 0xB1, 0x00, 0x0F, 0xF0, 0x00, 0x1C,
    0xD0, 0x01, 0x00, 0x00, 0x0F, 0xF0, 0x00, 0x00, 0x10, 0x00, 0x4F, 0x90, 0x00, 0x54, 0x05, 0x90,
    0x00, 0x00, 0x4F, 0x90, 0x00, 0xEF, 0x2B, 0xF3, 0x00, 0x00, 0x4F, 0x90, 0x03, 0xFD, 0x07, 0xF9,
    0x00, 0x5C, 0xDF, 0xEC, 0x58, 0xF8, 0x02, 0xFE, 0x00, 0x7F, 0xFF, 0xFF, 0x7E, 0xF3, 0x00, 0xCF,
    0x80, 0x00, 0x8F, 0xA0, 0x6F, 0xC5, 0x71, 0x4F, 0xF2, 0x00, 0xDF, 0xF4, 0xFF, 0x5B, 0xF8, 0x0B,
    0xF3, 0x01, 0xFF, 0xFD, 0x4A, 0x0F, 0xF3, 0x02, 0x50, 0x07, 0xFF, 0xFF, 0x70, 0x4F, 0xE0, 0x00,
    0x00, 0x0E, 0xFF, 0xAE, 0xE0, 0x9F, 0x81, 0x83, 0x00, 0x7F, 0x9F, 0x98, 0x50, 0xFF, 0x24, 0xFA,
    0x00, 0x6E, 0x4F, 0x90, 0x06, 0xFB, 0x00, 0xDF, 0x10, 0x06, 0x4F, 0x90, 0x0D, 0xF4, 0x13, 0xAF,
    0x80, 0x00, 0x4F, 0x90, 0x9F, 0xFF, 0xFF, 0xFF, 0xD0, 0x00, 0x4F, 0x90, 0x7F, 0xFF, 0xEC, 0x9D,
    0xF3, 0x00, 0x4F, 0x90, 0x27, 0x30, 0x00, 0x05, 0x50, 0x00, 0x00, 0x00, 0x00, 0x00, 0x00, 0x00,
    0x00, 0x00, 0x1F, 0xC0, 0x00, 0x00, 0x02, 0x84, 0x00, 0x00, 0x1F, 0xC0, 0x00, 0x37, 0xCF, 0xFF,
    0x40, 0x00, 0x1F, 0xC0, 0x06, 0xFF, 0xFF, 0xB5, 0x00, 0x2C, 0xDF, 0xFC, 0xC6, 0xFB, 0x30, 0x00,
    0x00, 0x3F, 0xFF, 0xFF, 0xF6, 0xF6, 0x00, 0x00, 0x00, 0x00, 0x6F, 0xC0, 0x06, 0xF6, 0x00, 0x00,
    0x00, 0x00, 0xBF, 0xE0, 0x06, 0xFF, 0xFF, 0xFF, 0xF7, 0x00, 0xFF, 0xFA, 0x06, 0xFE, 0xCE, 0xFE,
    0xC6, 0x04, 0xFF, 0xFF, 0x57, 0xF5, 0x07, 0xF6, 0x00, 0x0B, 0xFF, 0xCD, 0xA8, 0xF4, 0x07, 0xF6,
    0x00, 0x3F, 0x9F, 0xC5, 0x19, 0xF2, 0x07, 0xF6, 0x00, 0x8F, 0x3F, 0xC0, 0x0B, 0xF1, 0x07, 0xF6,
    0x00, 0x18, 0x1F, 0xC0, 0x0F, 0xE0, 0x07, 0xF6, 0x00, 0x00, 0x1F, 0xC0, 0x4F, 0xA0, 0x07, 0xF6,
    0x00, 0x00, 0x1F, 0xC0, 0xCF, 0x40, 0x07, 0xF6, 0x00, 0x00, 0x1F, 0xC0, 0x3A, 0x00, 0x07, 0xF6,
    0x00, 0x00, 0x9F, 0xFF, 0xFF, 0xFF, 0xFF, 0xFA, 0x00, 0x00, 0x9F, 0xC9, 0x9F, 0xFA, 0x9C, 0xFA,
    0x00, 0x00, 0x9F, 0xB7, 0x7F, 0xF8, 0x7B, 0xFA, 0x00, 0x00, 0x9F, 0xFF, 0xFF, 0xFF, 0xFF, 0xFA,
    0x00, 0x00, 0x9F, 0x60, 0x0F, 0xF0, 0x06, 0xFA, 0x00, 0x00, 0x9F, 0xC9, 0x9F, 0xF9, 0x9C, 0xFA,
    0x00, 0x00, 0x9F, 0xFF, 0xFF, 0xFF, 0xFF, 0xFA, 0x00, 0x00, 0x00, 0x00, 0x0F, 0xF0, 0x00, 0x00,
    0x00, 0x2F, 0xFF, 0xFF, 0xFF, 0xFF, 0xFF, 0xFF, 0xF2, 0x1B, 0xBB, 0xBE, 0xFF, 0xFF, 0xEB, 0xBB,
    0xB2, 0x00, 0x00, 0x6F, 0xFF, 0xFF, 0xF8, 0x00, 0x00, 0x00, 0x2B, 0xFF, 0x4F, 0xF3, 0xEF, 0xC4,
    0x00, 0x3B, 0xFF, 0xE3, 0x0F, 0xF0, 0x1C, 0xFF, 0xD4, 0x2F, 0xF8, 0x10, 0x0F, 0xF0, 0x00, 0x6E,
    0xE1, 0x04, 0x10, 0x00, 0x0F, 0xF0, 0x00, 0x00, 0x20, 0x00, 0x0E, 0xB0, 0x00, 0x00, 0x00, 0x00,
    0x00, 0x00, 0x0F, 0xC0, 0x00, 0x2A, 0xAA, 0xAA, 0x80, 0x2F, 0xFF, 0xFF, 0xFF, 0x4F, 0xFF, 0xFF,
    0xC0, 0x1A, 0xCF, 0xDA, 0xFF, 0x3F, 0x90, 0x2F, 0xC0, 0x00, 0x9F, 0x40, 0xDF, 0x3F, 0x90, 0x2F,
    0xC0, 0x00, 0xEF, 0x00, 0xFD, 0x3F, 0x90, 0x2F, 0xC0, 0x1B, 0xF9, 0x8B, 0xFB, 0x3F, 0xFF, 0xFF,
    0xC0, 0x3F, 0xD0, 0x8F, 0xE4, 0x2A, 0xAA, 0xAA, 0x80, 0x05, 0x10, 0x00, 0x0F, 0xF0, 0x00, 0x00,
    0x00, 0x2A, 0xAA, 0xAA, 0xBF, 0xFA, 0xAA, 0xAA, 0xA1, 0x2F, 0xFF, 0xFF, 0xFF, 0xFF, 0xFF, 0xFF,
    0xF1, 0x00, 0x00, 0x1B, 0xFF, 0xFF, 0xB1, 0x00, 0x00, 0x00, 0x04, 0xEF, 0xAF, 0xFA, 0xFE, 0x50,
    0x00, 0x05, 0xCF, 0xF7, 0x0F, 0xF0, 0x7F, 0xFE, 0x81, 0x3F, 0xFD, 0x40, 0x0F, 0xF0, 0x03, 0xBF,
    0xF2, 0x06, 0x50, 0x00, 0x0F, 0xF0, 0x00, 0x03, 0x40, 0x00, 0x00, 0x00, 0x00, 0x00, 0x00, 0x00,
    0x00, 0x00, 0x97, 0x10, 0x00, 0xED, 0x00, 0x00, 0x00, 0x01, 0xDF, 0xF1, 0x00, 0xFD, 0x00, 0x00,
    0x00, 0x04, 0x04, 0x77, 0xFF, 0xFF, 0xFF, 0xD0, 0x00, 0x4F, 0xF9, 0x05, 0xBD, 0xFD, 0xBF, 0xD0,
    0x00, 0x03, 0xA9, 0x00, 0x0C, 0xF3, 0x0F, 0xD1, 0x20, 0x00, 0x1D, 0xA0, 0x6F, 0xD0, 0x0F, 0xD2,
    0xF5, 0x02, 0xDF, 0x87, 0xFF, 0x30, 0x0F, 0xFB, 0xF6, 0x0D, 0xF8, 0x2E, 0xF9, 0x50, 0x08, 0xFF,
    0xC1, 0x03, 0x90, 0x03, 0x2F, 0xF0, 0x00, 0x00, 0x00, 0x1A, 0xAA, 0xAA, 0xAF, 0xFA, 0xAA, 0xAA,
    0xA1, 0x2F, 0xFF, 0xFF, 0xFF, 0xFF, 0xFF, 0xFF, 0xF2, 0x00, 0x00, 0x3D, 0xFF, 0xFF, 0xE3, 0x00,
    0x00, 0x00, 0x06, 0xFF, 0x6F, 0xF7, 0xFF, 0x80, 0x00, 0x06, 0xDF, 0xF5, 0x0F, 0xF0, 0x5F, 0xFF,
    0x92, 0x3F, 0xFC, 0x30, 0x0F, 0xF0, 0x02, 0xBF, 0xF2, 0x06, 0x50, 0x00, 0x0F, 0xE0, 0x00, 0x04,
    0x50, 0x00, 0x00, 0x00, 0x0F, 0xD0, 0x00, 0x00, 0x00, 0x00, 0x00, 0x00, 0x0F, 0xE0, 0x00, 0x00,
    0x00, 0x2F, 0xFF, 0xFF, 0xFF, 0xFF, 0xFF, 0xFF, 0xF2, 0x1A, 0xAA, 0xBF, 0xFF, 0xFF, 0xFA, 0xAA,
    0xA2, 0x00, 0x02, 0xCF, 0xAF, 0xEB, 0xFC, 0x10, 0x00, 0x00, 0x7E, 0xF9, 0x0F, 0xE0, 0xAF, 0xE7,
    0x10, 0x4E, 0xFF, 0x60, 0x08, 0x70, 0x06, 0xFF, 0xF4, 0x0D, 0xCD, 0xFF, 0xFF, 0xFF, 0xFF, 0xBB,
    0xB0, 0x02, 0x0B, 0xF6, 0x44, 0x44, 0x9F, 0x90, 0x00, 0x00, 0x0B, 0xF5, 0x33, 0x33, 0x8F, 0x90,
    0x00, 0x00, 0x0B, 0xFF, 0xFF, 0xFF, 0xFF, 0x90, 0x00, 0x00, 0x0B, 0xF6, 0x33, 0x33, 0x8F, 0x90,
    0x00, 0x00, 0x0B, 0xFF, 0xFF, 0xFF, 0xFF, 0x90, 0x00, 0x00, 0x00, 0x00, 0x00, 0x00, 0x00, 0x00,
    0x00, 0x0F, 0xFF, 0xFF, 0xFF, 0xFF, 0xFF, 0xFF, 0xF0, 0x0A, 0xAA, 0xAA, 0xAA, 0xAA, 0xAA, 0xAA,
    0xA0, 0x00, 0x3E, 0xA0, 0x00, 0x00, 0x00, 0x00, 0x00, 0x00, 0x3F, 0xA0, 0x06, 0xCC, 0xCC, 0xCC,
    0x60, 0x00, 0x3F, 0xA0, 0x08, 0xFF, 0xFF, 0xFF, 0x80, 0x00, 0x3F, 0xA0, 0x00, 0x00, 0x00, 0x00,
    0x00, 0x7F, 0xFF, 0xFF, 0x80, 0x00, 0x00, 0x00, 0x00, 0x5C, 0xEF, 0xD2, 0x5F, 0xFF, 0xFF, 0xFF,
    0xF6, 0x00, 0xDF, 0xF7, 0x4F, 0xFF, 0xFF, 0xFF, 0xF6, 0x02, 0xFF, 0xFF, 0x20, 0x01, 0xFD, 0x00,
    0x00, 0x07, 0xFF, 0xDF, 0xA4, 0x32, 0xFD, 0x06, 0x00, 0x0E, 0xEF, 0xAA, 0x4D, 0xF2, 0xFD, 0x7F,
    0x50, 0x7F, 0x9F, 0xA0, 0x2F, 0xA1, 0xFD, 0x2F, 0xA0, 0x7E, 0x4F, 0xA0, 0x8F, 0x61, 0xFD, 0x0D,
    0xF0, 0x04, 0x3F, 0xA1, 0xFE, 0x01, 0xFD, 0x09, 0xF4, 0x00, 0x3F, 0xA3, 0xE8, 0x02, 0xFD, 0x05,
    0xF7, 0x00, 0x3F, 0xA0, 0x11, 0xCF, 0xFB, 0x01, 0x40, 0x00, 0x3F, 0xA0, 0x00, 0x7E, 0xC3, 0x00,
    0x00, 0x00, 0x00, 0x00, 0x00, 0x00, 0x00, 0x00, 0x00, 0x00, 0x7F, 0x50, 0x07, 0xB0, 0x00, 0x7C,
    0x40, 0x00, 0x7F, 0x50, 0x0B, 0xF6, 0x00, 0xDF, 0x40, 0x00, 0x7F, 0x50, 0x04, 0xFB, 0x03, 0xFD,
    0x00, 0x3C, 0xEF, 0xDA, 0x7B, 0xFC, 0xBD, 0xFE, 0xB1, 0x4F, 0xFF, 0xFD, 0x9F, 0xFF, 0xFF, 0xFF,
    0xF1, 0x00, 0x8F, 0x50, 0x00, 0x03, 0xFB, 0x00, 0x00, 0x00, 0xCF, 0xC0, 0x00, 0x03, 0xFB, 0x00,
    0x00, 0x01, 0xFF, 0xF6, 0x1F, 0xFF, 0xFF, 0xFF, 0xA0, 0x06, 0xFF, 0xEF, 0x3B, 0xBC, 0xFE, 0xBB,
    0x70, 0x0D, 0xFF, 0x8C, 0x00, 0x03, 0xFB, 0x00, 0x00, 0x6F, 0xDF, 0x50, 0xCC, 0xCD, 0xFF, 0xCC,
    0xC4, 0x5D, 0x8F, 0x50, 0xFF, 0xFF, 0xFF, 0xFF, 0xF5, 0x04, 0x7F, 0x50, 0x00, 0x03, 0xFB, 0x00,
    0x00, 0x00, 0x7F, 0x50, 0x00, 0x03, 0xFB, 0x00, 0x00, 0x00, 0x7F, 0x50, 0x00, 0x03, 0xFB, 0x00,
    0x00, 0x00, 0x7F, 0x50, 0x00, 0x03, 0xFB, 0x00, 0x00, 0x00, 0x1D, 0x80, 0x00, 0x00, 0x00, 0x00,
    0x00, 0x00, 0x1F, 0x90, 0x2F, 0xFF, 0xFF, 0xFF, 0x40, 0x00, 0x1F, 0x90, 0x2F, 0xEA, 0xAA, 0xDF,
    0x40, 0x4C, 0xCF, 0xEC, 0x5F, 0xB0, 0x00, 0x9F, 0x40, 0x5F, 0xFF, 0xFF, 0x6F, 0xFF, 0xFF, 0xFF,
    0x40, 0x00, 0x6F, 0xA0, 0x2F, 0xE8, 0x88, 0xDF, 0x40, 0x00, 0xAF, 0xF2, 0x2F, 0xB0, 0x00, 0x9F,
    0x40, 0x00, 0xFF, 0xFB, 0x2F, 0xFF, 0xFF, 0xFF, 0x40, 0x04, 0xFF, 0xEF, 0x6F, 0xEC, 0xFD, 0xAB,
    0x20, 0x0B, 0xEF, 0xAC, 0x3F, 0xB1, 0xFB, 0x0C, 0x80, 0x4F, 0x9F, 0x90, 0x2F, 0xB0, 0xBF, 0xDF,
    0xB0, 0x5F, 0x3F, 0x90, 0x2F, 0xB0, 0x5F, 0xF7, 0x00, 0x07, 0x1F, 0x90, 0x2F, 0xB0, 0x0D, 0xF6,
    0x00, 0x00, 0x1F, 0x90, 0x4F, 0xDB, 0xE4, 0xFF, 0x80, 0x00, 0x1F, 0x90, 0xAF, 0xFF, 0xE0, 0x7F,
    0xF5, 0x00, 0x1F, 0x90, 0x4C, 0x72, 0x00, 0x05, 0x80, 0x00, 0x00, 0x00, 0x00, 0x00, 0x00, 0x00,
    0x00, 0x00, 0x00, 0x00, 0x00, 0x00, 0x00, 0x00, 0x00, 0x00, 0x2F, 0xA0, 0x00, 0x1D, 0x70, 0x00,
    0x00, 0x00, 0x2F, 0xA0, 0x00, 0xAF, 0xA0, 0x00, 0x00, 0x00, 0x2F, 0xA0, 0x04, 0xFF, 0xFF, 0xFF,
    0x40, 0x3C, 0xCF, 0xEC, 0x7E, 0xFD, 0xAA, 0xFF, 0x20, 0x4F, 0xFF, 0xFF, 0xFF, 0xFE, 0x17, 0xFA,
    0x00, 0x00, 0x7F, 0xC0, 0x7B, 0x3F, 0xCF, 0xE1, 0x00, 0x00, 0xCF, 0xF7, 0x00, 0x0B, 0xFF, 0x60,
    0x00, 0x01, 0xFF, 0xFF, 0x30, 0xAF, 0xFF, 0xF8, 0x00, 0x06, 0xFF, 0xBF, 0xAE, 0xFE, 0x37, 0xFF,
    0xF6, 0x0D, 0xEF, 0xA5, 0xFF, 0xFB, 0x99, 0xDF, 0xF2, 0x7F, 0x8F, 0xA0, 0x5C, 0xFF, 0xFF, 0xFF,
    0x50, 0x6E, 0x3F, 0xA0, 0x0A, 0xF1, 0x00, 0x8F, 0x40, 0x07, 0x2F, 0xA0, 0x0A, 0xF1, 0x00, 0x8F,
    0x40, 0x00, 0x2F, 0xA0, 0x0A, 0xF1, 0x00, 0x8F, 0x40, 0x00, 0x2F, 0xA0, 0x0A, 0xFF, 0xFF, 0xFF,
    0x40, 0x00, 0x2F, 0xA0, 0x0A, 0xFB, 0xAA, 0xDF, 0x40, 0x00, 0x01, 0x10, 0x01, 0x10, 0x00, 0x01,
    0x00, 0x00, 0x00, 0x00, 0x00, 0x00, 0x00, 0x00, 0x00, 0x00, 0x8F, 0x30, 0x00, 0x0B, 0xD2, 0x00,
    0x00, 0x00, 0x8F, 0x30, 0x00, 0x5F, 0xF9, 0x00, 0x00, 0x00, 0x8F, 0x30, 0x01, 0xEF, 0xDF, 0xA0,
    0x00, 0x6F, 0xFF, 0xF7, 0x1D, 0xF5, 0x1E, 0xFC, 0x20, 0x5C, 0xEF, 0xD9, 0xDF, 0x90, 0x02, 0xEF,
    0xF6, 0x00, 0xDF, 0x5F, 0xFD, 0xA9, 0x99, 0xCB, 0xF4, 0x01, 0xFF, 0xC5, 0x48, 0xFF, 0xFF, 0xF2,
    0x40, 0x05, 0xFF, 0xF7, 0x00, 0x00, 0x00, 0x00, 0x00, 0x0A, 0xFF, 0xDD, 0x5A, 0x09, 0xE0, 0x0F,
    0x90, 0x2F, 0xFF, 0x63, 0x7F, 0x16, 0xF2, 0x5F, 0x50, 0x7F, 0xAF, 0x30, 0x3F, 0x64, 0xF4, 0xBE,
    0x00, 0x1A, 0x8F, 0x30, 0x0F, 0x91, 0xE7, 0xF7, 0x00, 0x00, 0x8F, 0x30, 0x05, 0x10, 0x09, 0xF1,
    0x00, 0x00, 0x8F, 0x35, 0xAA, 0xAA, 0xAF, 0xEA, 0xA0, 0x00, 0x8F, 0x37, 0xFF, 0xFF, 0xFF, 0xFF,
    0xF0, 0x00, 0x7D, 0x30, 0x00, 0x00, 0x00, 0x00, 0x00, 0x00, 0x7F, 0x40, 0xAE, 0x10, 0x5C, 0x40,
    0x00, 0x00, 0x7F, 0x40, 0xBF, 0x10, 0x7F, 0x63, 0x70, 0x00, 0x7F, 0x40, 0xBF, 0xFF, 0x8F, 0xCF,
    0xF3, 0x2C, 0xEF, 0xD8, 0xBF, 0xA9, 0x8F, 0xFB, 0x20, 0x3F, 0xFF, 0xFA, 0xBF, 0x10, 0x7F, 0x81,
    0x60, 0x00, 0xAF, 0x50, 0xDF, 0x9B, 0x8F, 0x63, 0xF6, 0x00, 0xEF, 0xD4, 0xFF, 0xFF, 0x7F, 0xFF,
    0xF3, 0x03, 0xFF, 0xF9, 0xD8, 0x3B, 0xB9, 0x99, 0x60, 0x09, 0xFF, 0xCF, 0x47, 0x8F, 0xF8, 0x77,
    0x40, 0x1F, 0xFF, 0x54, 0x8F, 0xFF, 0xFF, 0xFF, 0x80, 0x8F, 0xBF, 0x40, 0x8F, 0x40, 0x00, 0x6F,
    0x80, 0x5E, 0x8F, 0x40, 0x8F, 0x96, 0x66, 0xAF, 0x80, 0x06, 0x7F, 0x40, 0x8F, 0xFF, 0xFF, 0xFF,
    0x80, 0x00, 0x7F, 0x40, 0x8F, 0x40, 0x00, 0x6F, 0x80, 0x00, 0x7F, 0x40, 0x8F, 0xFF, 0xFF, 0xFF,
    0x80, 0x00, 0x7F, 0x40, 0x8F, 0xA7, 0x77, 0xAF, 0x80, 0x00, 0x00, 0x00, 0x00, 0x00, 0x00, 0x00,
    0x00, 0x00, 0x9F, 0x30, 0x02, 0xE9, 0x07, 0xE5, 0x00, 0x00, 0x9F, 0x30, 0x8A, 0xFD, 0x8C, 0xFB,
    0x81, 0x00, 0x9F, 0x30, 0xFF, 0xFF, 0xFF, 0xFF, 0xF2, 0x3B, 0xEF, 0xC8, 0x02, 0xC8, 0x05, 0xC4,
    0x00, 0x5F, 0xFF, 0xFA, 0x9F, 0xFF, 0xFF, 0xFF, 0x70, 0x00, 0xAF, 0x40, 0x9F, 0x75, 0x55, 0x9F,
    0x70, 0x00, 0xEF, 0xD0, 0x9F, 0xFF, 0xFF, 0xFF, 0x70, 0x03, 0xFF, 0xF5, 0x9F, 0x63, 0x33, 0x8F,
    0x70, 0x08, 0xFF, 0xFD, 0x9F, 0x75, 0x55, 0x9F, 0x70, 0x0E, 0xFF, 0x9C, 0xAF, 0xFF, 0xFF, 0xFF,
    0x70, 0x6F, 0xEF, 0x41, 0x00, 0x09, 0xF4, 0x00, 0x00, 0x8F, 0xAF, 0x35, 0xFF, 0xFF, 0xFF, 0xFF,
    0xF3, 0x17, 0x9F, 0x33, 0x99, 0xCF, 0xFF, 0xD9, 0x92, 0x00, 0x9F, 0x30, 0x06, 0xFF, 0x5D, 0xF8,
    0x10, 0x00, 0x9F, 0x38, 0xEF, 0xF6, 0x02, 0xEF, 0xF5, 0x00, 0x9F, 0x34, 0xD8, 0x10, 0x00, 0x07,
    0xC0, 0x00, 0x00, 0x00, 0x00, 0x00, 0x00, 0x00, 0x00, 0x00, 0x00, 0x00, 0x1C, 0x90, 0x00, 0x00,
    0x00, 0x04, 0x30, 0x00, 0x6F, 0xD0, 0x00, 0x00, 0x00, 0x1E, 0xF7, 0x00, 0xAF, 0xA0, 0x00, 0x00,
    0x00, 0x08, 0xFF, 0xA0, 0xEF, 0xFF, 0xFF, 0xFF, 0xB1, 0x00, 0x4E, 0x73, 0xFF, 0xEE, 0xEE, 0xEF,
    0xF0, 0x00, 0x01, 0x0A, 0xF9, 0x18, 0x70, 0x5F, 0xB0, 0x00, 0x00, 0x4F, 0xF3, 0x3F, 0xD0, 0xAF,
    0x50, 0x00, 0x00, 0x6F, 0xA0, 0x4F, 0xD0, 0xEE, 0x00, 0x00, 0x0A, 0x51, 0x10, 0x6F, 0xF1, 0x14,
    0x00, 0x00, 0x4F, 0xE0, 0x00, 0xBF, 0xF5, 0x00, 0x00, 0x00, 0xDF, 0x70, 0x01, 0xFF, 0xFD, 0x00,
    0x00, 0x07, 0xFD, 0x00, 0x09, 0xFD, 0xBF, 0x60, 0x00, 0x2F, 0xF5, 0x00, 0x6F, 0xF5, 0x2F, 0xF4,
    0x00, 0x2D, 0xC0, 0x08, 0xFF, 0x90, 0x08, 0xFF, 0x80, 0x01, 0x20, 0xCF, 0xFA, 0x00, 0x00, 0xAF,
    0xF4, 0x00, 0x00, 0x3E, 0x60, 0x00, 0x00, 0x06, 0x80, 0x00, 0x00, 0x00, 0x00, 0x00, 0x00, 0x00,
    0x00, 0x00, 0x00, 0x00, 0x05, 0xFA, 0x00, 0x00, 0x00, 0x00, 0x00, 0x00, 0x05, 0xFA, 0x00, 0x00,
    0x00, 0x00, 0x00, 0x00, 0x05, 0xFA, 0x00, 0x00, 0x00, 0x00, 0x3A, 0x70, 0x05, 0xFA, 0x00, 0x00,
    0x00, 0x00, 0x4F, 0xB0, 0x05, 0xFA, 0x00, 0x00, 0x00, 0x00, 0x4F, 0xB0, 0x05, 0xFF, 0xEE, 0xEE,
    0x60, 0x00, 0x4F, 0xB0, 0x05, 0xFF, 0xFF, 0xFF, 0x70, 0x00, 0x4F, 0xB0, 0x05, 0xFA, 0x00, 0x00,
    0x00, 0x00, 0x4F, 0xB0, 0x05, 0xFA, 0x00, 0x00, 0x00, 0x00, 0x4F, 0xB0, 0x05, 0xFA, 0x00, 0x00,
    0x00, 0x00, 0x4F, 0xB0, 0x05, 0xFA, 0x00, 0x00, 0x00, 0x00, 0x4F, 0xB0, 0x05, 0xFA, 0x00, 0x00,
    0x00, 0x00, 0x4F, 0xB0, 0x05, 0xFA, 0x00, 0x00, 0x00, 0x4E, 0xEF, 0xFE, 0xEF, 0xFF, 0xEE, 0xEE,
    0xE4, 0x5F, 0xFF, 0xFF, 0xFF, 0xFF, 0xFF, 0xFF, 0xF5, 0x0A, 0xDD, 0xDD, 0xDD, 0xDD, 0xDD, 0xDD,
    0xC0, 0x0C, 0xFF, 0xFF, 0xFF, 0xFF, 0xFF, 0xFF, 0xD0, 0x00, 0x00, 0x00, 0x08, 0xF7, 0x00, 0x00,
    0x00, 0x00, 0x00, 0x00, 0x08, 0xF7, 0x00, 0x00, 0x00, 0x00, 0x02, 0x10, 0x08, 0xF7, 0x00, 0x00,
    0x00, 0x00, 0x4F, 0xA0, 0x08, 0xF7, 0x00, 0x00, 0x00, 0x00, 0x4F, 0xA0, 0x08, 0xFF, 0xFF, 0xFF,
    0x00, 0x00, 0x4F, 0xA0, 0x08, 0xFE, 0xDD, 0xDD, 0x00, 0x00, 0x4F, 0xA0, 0x08, 0xF7, 0x00, 0x00,
    0x00, 0x00, 0x4F, 0xA0, 0x08, 0xF7, 0x00, 0x00, 0x00, 0x00, 0x4F, 0xA0, 0x08, 0xF7, 0x00, 0x00,
    0x00, 0x00, 0x4F, 0xA0, 0x08, 0xF7, 0x00, 0x00, 0x00, 0x4D, 0xEF, 0xFD, 0xDE, 0xFE, 0xDD, 0xDD,
    0xD4, 0x4F, 0xFF, 0xFF, 0xFF, 0xFF, 0xFF, 0xFF, 0xF5, 0x00, 0x00, 0x3F, 0xB0, 0x0D, 0xF2, 0x00,
    0x00, 0x00, 0x00, 0x3F, 0xB0, 0x0D, 0xF2, 0x00, 0x00, 0x00, 0x00, 0x3F, 0xB0, 0x0D, 0xF2, 0x00,
    0x00, 0x01, 0x53, 0x3F, 0xB0, 0x0D, 0xF2, 0x00, 0x00, 0x04, 0xF9, 0x3F, 0xB0, 0x0D, 0xF2, 0x3E,
    0x60, 0x04, 0xF9, 0x3F, 0xFD, 0x7D, 0xF9, 0xFF, 0xE1, 0x04, 0xF9, 0x3F, 0xFF, 0x9D, 0xFF, 0xF8,
    0x00, 0x04, 0xF9, 0x3F, 0xB0, 0x0D, 0xFB, 0x20, 0x00, 0x04, 0xF9, 0x3F, 0xB0, 0x0D, 0xF2, 0x00,
    0x00, 0x04, 0xF9, 0x3F, 0xB0, 0x0D, 0xF2, 0x00, 0x00, 0x04, 0xF9, 0x3F, 0xB0, 0x0D, 0xF2, 0x00,
    0x00, 0x04, 0xF9, 0x3F, 0xB0, 0x0D, 0xF2, 0x02, 0x91, 0x04, 0xF9, 0x3F, 0xB2, 0x2D, 0xF2, 0x03,
    0xF9, 0x04, 0xFC, 0xAF, 0xFF, 0x8C, 0xF4, 0x06, 0xF7, 0x5F, 0xFF, 0xFF, 0xFE, 0x7A, 0xFF, 0xFF,
    0xF3, 0x3F, 0xC9, 0x64, 0x10, 0x02, 0xBD, 0xDD, 0x80, 0x00, 0x00, 0x00, 0x00, 0x00, 0x00, 0x00,
    0x00, 0x00, 0x00, 0x00, 0x00, 0x00, 0x00, 0x00, 0x00, 0x00, 0x00, 0x00, 0x0A, 0xF6, 0x00, 0x00,
    0x00, 0x00, 0x0F, 0xF0, 0x0A, 0xFE, 0xCC, 0xCC, 0x00, 0x00, 0x0F, 0xF0, 0x0A, 0xFF, 0xFF, 0xFF,
    0x00, 0x00, 0x0F, 0xF0, 0x0A, 0xF6, 0x00, 0x00, 0x00, 0x00, 0x0F, 0xF0, 0x0A, 0xF6, 0x00, 0x00,
    0x00, 0x3F, 0xFF, 0xFF, 0xFF, 0xFF, 0xFF, 0xFF, 0xF2, 0x2C, 0xCC, 0xCC, 0xCF, 0xFD, 0xCC, 0xCC,
    0xC2, 0x00, 0x00, 0x83, 0x0E, 0xF2, 0x00, 0x51, 0x00, 0x00, 0x0A, 0xFB, 0x0E, 0xF2, 0x03, 0xFF,
    0x10, 0x00, 0x9F, 0xE1, 0x0E, 0xF2, 0x0D, 0xF8, 0x00, 0x0A, 0xFE, 0x30, 0x0E, 0xF4, 0xDF, 0xD0,
    0x00, 0x02, 0xC2, 0x00, 0x0B, 0xFF, 0xFE, 0x20, 0x00, 0x00, 0x00, 0x01, 0x7D, 0xFF, 0xB1, 0x00,
    0x00, 0x02, 0x58, 0xBF, 0xFF, 0xE7, 0x00, 0x00, 0x00, 0x1F, 0xFF, 0xFF, 0xC5, 0x00, 0x00, 0x00,
    0x00, 0x08, 0xC9, 0x52, 0x00, 0x00, 0x00, 0x00, 0x00, 0x00, 0x00, 0x00, 0x00, 0x00, 0x00, 0x00,
    0x00, 0x00, 0x00, 0x3C, 0x70, 0x00, 0x00, 0x00, 0x00, 0x00, 0x5C, 0xFF, 0xF2, 0xAF, 0xFF, 0xF7,
    0x00, 0x05, 0xFF, 0xA5, 0x00, 0xAF, 0xAC, 0xF7, 0x00, 0x05, 0xF7, 0x00, 0x00, 0xBF, 0x14, 0xF7,
    0x00, 0x05, 0xFF, 0xFF, 0xB0, 0xEF, 0x04, 0xF7, 0x00, 0x05, 0xFD, 0xAA, 0x76, 0xFB, 0x04, 0xFB,
    0x72, 0x05, 0xF7, 0x00, 0x2F, 0xF4, 0x00, 0xCF, 0xF4, 0x05, 0xFD, 0xAA, 0x78, 0x80, 0x00, 0x00,
    0x00, 0x05, 0xFF, 0xFF, 0xAA, 0xFF, 0xFF, 0xFF, 0x70, 0x05, 0xF7, 0x00, 0x07, 0xED, 0x99, 0xEF,
    0x40, 0x05, 0xF7, 0x01, 0x30, 0xCF, 0x12, 0xFE, 0x00, 0x4B, 0xFE, 0xFF, 0xF0, 0x3F, 0xBC, 0xF6,
    0x00, 0x7F, 0xFF, 0xCA, 0x70, 0x0A, 0xFF, 0xC0, 0x00, 0x29, 0xF7, 0x00, 0x00, 0x6E, 0xFF, 0xD5,
    0x00, 0x05, 0xF7, 0x00, 0x6F, 0xFF, 0x9A, 0xFF, 0xF4, 0x03, 0xA5, 0x00, 0x1E, 0x93, 0x00, 0x4A,
    0xA0, 0x00, 0x00, 0x00, 0x00, 0x00, 0x00, 0x00, 0x00, 0x00, 0x0B, 0xFF, 0xFF, 0xFF, 0xFF, 0xFC,
    0x00, 0x00, 0x0D, 0xFC, 0xBB, 0xBB, 0xBC, 0xFC, 0x00, 0x00, 0x0E, 0xF1, 0x3E, 0x60, 0x03, 0xFB,
    0x00, 0x00, 0x0F, 0xF0, 0x3D, 0xFB, 0x04, 0xFA, 0x00, 0x00, 0x2F, 0xD0, 0x00, 0xA8, 0x05, 0xFA,
    0x00, 0x3F, 0xFF, 0xFF, 0xFF, 0xFF, 0xFF, 0xFF, 0xF4, 0x2C, 0xEF, 0xEC, 0xCC, 0xCC, 0xCE, 0xFE,
    0xC3, 0x00, 0x9F, 0x60, 0xAB, 0x10, 0x07, 0xF7, 0x00, 0x00, 0xCF, 0x40, 0xAF, 0xE3, 0x09, 0xF6,
    0x00, 0x00, 0xEF, 0x10, 0x06, 0xF6, 0x0A, 0xF4, 0x00, 0x01, 0xFF, 0xBB, 0xBB, 0xDB, 0xBE, 0xFC,
    0xA0, 0x04, 0xFF, 0xFF, 0xFF, 0xFF, 0xFF, 0xFF, 0xD0, 0x00, 0x00, 0x00, 0x00, 0x00, 0x3F, 0xD0,
    0x00, 0x00, 0x00, 0x00, 0x01, 0xA9, 0xDF, 0x90, 0x00, 0x00, 0x00, 0x00, 0x00, 0xEF, 0xFB, 0x10,
    0x00, 0x00, 0x00, 0x00, 0x00, 0x00, 0x00, 0x00, 0x00, 0x03, 0xB8, 0x00, 0x00, 0xAC, 0x30, 0x00,
    0x00, 0x04, 0xFB, 0x00, 0x00, 0xCF, 0x30, 0x00, 0x00, 0x04, 0xFB, 0x00, 0x00, 0xCF, 0x30, 0x02,
    0x00, 0x04, 0xFB, 0x00, 0x00, 0xCF, 0x30, 0x2E, 0x80, 0x04, 0xFB, 0x00, 0x00, 0xCF, 0x32, 0xEF,
    0xF1, 0x04, 0xFF, 0xEE, 0xE5, 0xCF, 0x6E, 0xFD, 0x20, 0x04, 0xFF, 0xFF, 0xF6, 0xCF, 0xFF, 0xB1,
    0x00, 0x04, 0xFB, 0x00, 0x00, 0xCF, 0xF8, 0x00, 0x00, 0x04, 0xFB, 0x00, 0x00, 0xCF, 0x60, 0x00,
    0x00, 0x04, 0xFB, 0x00, 0x00, 0xCF, 0x30, 0x00, 0x00, 0x04, 0xFB, 0x00, 0x00, 0xCF, 0x30, 0x08,
    0x60, 0x04, 0xFB, 0x00, 0x00, 0xCF, 0x30, 0x0A, 0xF3, 0x04, 0xFC, 0x3A, 0xF3, 0xCF, 0x30, 0x0B,
    0xF2, 0x06, 0xFF, 0xFF, 0xF4, 0xBF, 0x50, 0x0E, 0xF0, 0x0D, 0xFF, 0xFA, 0x40, 0x9F, 0xFF, 0xFF,
    0xB0, 0x09, 0xC6, 0x00, 0x00, 0x1B, 0xDE, 0xEB, 0x10, 0x00, 0x00, 0x00, 0x00, 0x00, 0x00, 0x00,
    0x00, 0x03, 0xFF, 0xFF, 0xFF, 0xFF, 0xFF, 0xF7, 0x00, 0x03, 0xFF, 0xCC, 0xCC, 0xCC, 0xCE, 0xF7,
    0x00, 0x03, 0xFB, 0x00, 0x00, 0x00, 0x07, 0xF7, 0x00, 0x03, 0xFF, 0xCC, 0xCC, 0xCC, 0xCE, 0xF7,
    0x00, 0x03, 0xFF, 0xFF, 0xFF, 0xFF, 0xFF, 0xF7, 0x00, 0x03, 0xFB, 0x00, 0x0A, 0xF5, 0x00, 0x00,
    0x00, 0x03, 0xFB, 0x00, 0x08, 0xF7, 0x00, 0x00, 0x00, 0x03, 0xFF, 0xCC, 0xCE, 0xFE, 0xCC, 0xCC,
    0x70, 0x03, 0xFF, 0xFF, 0xFF, 0xFF, 0xFF, 0xFF, 0x90, 0x03, 0xFB, 0x00, 0x00, 0xEF, 0x30, 0x00,
    0x00, 0x03, 0xFB, 0x00, 0x00, 0x9F, 0x80, 0x04, 0x00, 0x04, 0xFB, 0x00, 0x35, 0x3F, 0xF1, 0x0C,
    0xC0, 0x06, 0xFD, 0xAE, 0xFD, 0x0A, 0xFC, 0x2F, 0xC0, 0x0E, 0xFF, 0xFF, 0xE9, 0x01, 0xDF, 0xFF,
    0x80, 0x08, 0xEA, 0x62, 0x00, 0x00, 0x19, 0xDB, 0x10, 0x00, 0x00, 0x00, 0x00, 0x00, 0x00, 0x00,
    0x00, 0x00, 0x05, 0xB5, 0x00, 0x00, 0x00, 0x00, 0x00, 0x00, 0x0C, 0xF7, 0x00, 0x00, 0x00, 0x00,
    0x00, 0x00, 0x3F, 0xFF, 0xFF, 0xFF, 0xFF, 0xFF, 0xE0, 0x00, 0xAF, 0xC9, 0x99, 0x99, 0x99, 0x99,
    0x80, 0x05, 0xFE, 0x88, 0x88, 0x88, 0x88, 0x85, 0x00, 0x3F, 0xF6, 0xDF, 0xFF, 0xFF, 0xFF, 0xF8,
    0x00, 0x6F, 0xA0, 0x00, 0x00, 0x00, 0x00, 0x00, 0x00, 0x02, 0xAF, 0xFF, 0xFF, 0xFF, 0xFF, 0x90,
    0x00, 0x00, 0x6A, 0xAA, 0xAA, 0xAA, 0xCF, 0x90, 0x00, 0x00, 0x00, 0x00, 0x00, 0x00, 0x4F, 0xA0,
    0x00, 0x00, 0x00, 0x00, 0x00, 0x00, 0x3F, 0xB0, 0x00, 0x00, 0x00, 0x00, 0x00, 0x00, 0x1F, 0xD0,
    0x00, 0x00, 0x00, 0x00, 0x00, 0x00, 0x0E, 0xF0, 0xA2, 0x00, 0x00, 0x00, 0x00, 0x00, 0x0A, 0xF6,
    0xD8, 0x00, 0x00, 0x00, 0x00, 0x00, 0x03, 0xFF, 0xF5, 0x00, 0x00, 0x00, 0x00, 0x00, 0x00, 0x6D,
    0xB0, 0x00, 0x00, 0x00, 0x0F, 0xF1, 0x00, 0x00, 0x00, 0x00, 0x00, 0x00, 0x0F, 0xF1, 0x00, 0x00,
    0x00, 0x00, 0x00, 0x00, 0x0F, 0xF1, 0x00, 0x00, 0x00, 0x00, 0x00, 0x00, 0x0F, 0xF1, 0x00, 0xA9,
    0x00, 0x1E, 0xEE, 0xEE, 0x5F, 0xF4, 0x07, 0xFF, 0x40, 0x1F, 0xFF, 0xFF, 0x6F, 0xFB, 0x6F, 0xF4,
    0x00, 0x00, 0x00, 0xDF, 0x2F, 0xFF, 0xFF, 0x40, 0x00, 0x00, 0x02, 0xFE, 0x0F, 0xFF, 0xF3, 0x00,
    0x00, 0x00, 0x08, 0xF9, 0x0F, 0xFD, 0xF5, 0x00, 0x00, 0x00, 0x0E, 0xF3, 0x0F, 0xF4, 0xFF, 0x20,
    0x00, 0x00, 0x8F, 0xD0, 0x0F, 0xF1, 0x9F, 0xD1, 0x00, 0x03, 0xFF, 0x40, 0x0F, 0xF1, 0x1E, 0xFE,
    0x40, 0x3E, 0xFB, 0x00, 0x0F, 0xF1, 0x03, 0xFF, 0xF6, 0x3E, 0xD1, 0x01, 0x2F, 0xF0, 0x00, 0x3D,
    0xE1, 0x03, 0x10, 0x2F, 0xFF, 0xE0, 0x00, 0x00, 0x30, 0x00, 0x00, 0x0D, 0xFC, 0x40, 0x00, 0x00,
    0x00, 0x00, 0x00, 0x00, 0x0D, 0xD0, 0x4B, 0x20, 0x00, 0x00, 0x00, 0x00, 0x0F, 0xE0, 0xCF, 0xF5,
    0x00, 0x00, 0x00, 0x00, 0x0F, 0xE0, 0x09, 0xFB, 0x00, 0x1F, 0xFF, 0xFF, 0xFF, 0xFF, 0xFF, 0xFF,
    0xF2, 0x1D, 0xDD, 0xDD, 0xDF, 0xFD, 0xDD, 0xDD, 0xD1, 0x00, 0x31, 0x00, 0x0F, 0xF2, 0x00, 0x24,
    0x00, 0x03, 0xFD, 0x10, 0x0F, 0xFA, 0x00, 0xDF, 0x60, 0x00, 0xAF, 0xC0, 0x0F, 0xFF, 0x2B, 0xFC,
    0x00, 0x00, 0x0C, 0xF5, 0x0F, 0xFF, 0xFF, 0xD1, 0x00, 0x00, 0x02, 0x53, 0xCF, 0xFB, 0xFE, 0x10,
    0x00, 0x00, 0x01, 0xAF, 0xFF, 0xE1, 0xEF, 0x60, 0x00, 0x00, 0x7F, 0xFE, 0x5F, 0xE0, 0x5F, 0xF8,
    0x00, 0x3E, 0xFF, 0xA1, 0x0F, 0xE0, 0x08, 0xFF, 0xD3, 0x1E, 0xE4, 0x00, 0x1F, 0xE0, 0x00, 0x7F,
    0xE1, 0x02, 0x00, 0x9F, 0xFF, 0xC0, 0x00, 0x02, 0x30, 0x00, 0x00, 0x4F, 0xFC, 0x30, 0x00, 0x00,
    0x00, 0x00, 0x00, 0x00, 0x00, 0x00, 0x00, 0x00, 0x00, 0x00, 0x82, 0x00, 0x00, 0x00, 0x00, 0x00,
    0x00, 0x06, 0xFF, 0x93, 0xCC, 0xCC, 0xCC, 0xCD, 0x80, 0x00, 0x6E, 0xF5, 0xFF, 0xFF, 0xFF, 0xFF,
    0xB0, 0x00, 0x01, 0x50, 0x9F, 0x30, 0x00, 0x4F, 0x80, 0x01, 0x00, 0x00, 0x6F, 0x70, 0x00, 0x8F,
    0x60, 0x0E, 0xB2, 0x00, 0x1F, 0xC0, 0x00, 0xCF, 0x10, 0x2D, 0xFF, 0x50, 0x0D, 0xF1, 0x01, 0xFD,
    0x00, 0x00, 0x7E, 0x10, 0x08, 0xF8, 0x08, 0xF8, 0x00, 0x00, 0x00, 0x00, 0x01, 0xFF, 0x2F, 0xF1,
    0x00, 0x00, 0x04, 0x70, 0x00, 0x9F, 0xDF, 0xA0, 0x00, 0x00, 0x0D, 0xF2, 0x00, 0x1F, 0xFF, 0x10,
    0x00, 0x00, 0x5F, 0xB0, 0x00, 0x3E, 0xFE, 0x10, 0x00, 0x00, 0xDF, 0x30, 0x04, 0xFF, 0xFF, 0xE2,
    0x00, 0x07, 0xFA, 0x02, 0xAF, 0xF8, 0x1C, 0xFF, 0x70, 0x0C, 0xF2, 0x1F, 0xFF, 0x60, 0x01, 0xBF,
    0xF5, 0x00, 0x60, 0x07, 0x91, 0x00, 0x00, 0x05, 0x80, 0x00, 0x30, 0x00, 0x00, 0x00, 0x00, 0x00,
    0x00, 0x05, 0xFB, 0x20, 0x0F, 0xFF, 0xFF, 0xF0, 0x00, 0x03, 0xCF, 0xE0, 0x0F, 0xFC, 0xCF, 0xF0,
    0x00, 0x00, 0x04, 0x30, 0x3F, 0xB0, 0x0E, 0xF0, 0x00, 0x06, 0x10, 0x03, 0xDF, 0x60, 0x0C, 0xFD,
    0xD6, 0x5F, 0xF8, 0x2E, 0xFB, 0x00, 0x05, 0xEF, 0xF7, 0x0A, 0xFF, 0x25, 0x90, 0x00, 0x00, 0x00,
    0x00, 0x00, 0x59, 0x05, 0xCC, 0xCC, 0xCC, 0xCC, 0x40, 0x00, 0x00, 0x07, 0xFF, 0xFF, 0xFF, 0xFF,
    0x30, 0x00, 0x08, 0x80, 0xAF, 0x30, 0x07, 0xFC, 0x00, 0x00, 0x1F, 0xF0, 0x4F, 0xD1, 0x3F, 0xF5,
    0x00, 0x00, 0x8F, 0x80, 0x0A, 0xFD, 0xEF, 0x90, 0x00, 0x01, 0xFF, 0x10, 0x01, 0xEF, 0xFE, 0x10,
    0x00, 0x09, 0xF9, 0x03, 0x8E, 0xFF, 0xFF, 0xF9, 0x51, 0x0C, 0xF1, 0x4F, 0xFF, 0xC4, 0x5D, 0xFF,
    0xF4, 0x00, 0x60, 0x0B, 0x94, 0x00, 0x00, 0x49, 0x80, 0x00, 0x62, 0x00, 0x00, 0x0A, 0xE3, 0x00,
    0x00, 0x03, 0xFF, 0x80, 0x00, 0x0B, 0xF3, 0x00, 0x00, 0x01, 0xAF, 0xF5, 0x00, 0x0B, 0xF3, 0x00,
    0x00, 0x00, 0x04, 0xB0, 0xEF, 0xFF, 0xFF, 0xFF, 0x70, 0x00, 0x00, 0x00, 0xCD, 0xDF, 0xFD, 0xDD,
    0x60, 0x0A, 0x81, 0x00, 0x00, 0x0B, 0xF3, 0x00, 0x00, 0x2E, 0xFF, 0x40, 0x00, 0x0B, 0xF3, 0x00,
    0x00, 0x00, 0x7E, 0x18, 0xFF, 0xFF, 0xFF, 0xFF, 0xF0, 0x00, 0x00, 0x07, 0xCC, 0xEF, 0xFC, 0xCC,
    0xC0, 0x00, 0x01, 0x90, 0x00, 0xDF, 0x50, 0x00, 0x00, 0x00, 0x09, 0xF6, 0x04, 0xFD, 0x02, 0x90,
    0x00, 0x00, 0x2F, 0xE0, 0x0B, 0xF5, 0x08, 0xF8, 0x00, 0x00, 0xBF, 0x70, 0x4F, 0xC0, 0x03, 0xFF,
    0x30, 0x04, 0xFE, 0x02, 0xEF, 0xEE, 0xFF, 0xFF, 0xA0, 0x0A, 0xF6, 0x00, 0xEF, 0xFF, 0xDA, 0x8E,
    0xF2, 0x00, 0x80, 0x00, 0x54, 0x10, 0x00, 0x07, 0x81, 0x00, 0xA4, 0x00, 0x00, 0x0B, 0xF2, 0x00,
    0x00, 0x05, 0xFF, 0xB1, 0x00, 0x0B, 0xF2, 0x00, 0x00, 0x00, 0x4D, 0xC5, 0xCC, 0xCE, 0xFC, 0xCC,
    0xC4, 0x00, 0x00, 0x16, 0xFF, 0xFF, 0xFF, 0xFF, 0xF3, 0x03, 0x00, 0x06, 0xF6, 0x0B, 0xF2, 0x1F,
    0xD0, 0x3F, 0xE6, 0x06, 0xF6, 0x0B, 0xF2, 0x3C, 0x60, 0x19, 0xFF, 0x26, 0xFD, 0xAE, 0xFB, 0xAA,
    0x20, 0x00, 0x36, 0x06, 0xFF, 0xFF, 0xFF, 0xFF, 0x40, 0x00, 0x00, 0x07, 0xFE, 0xF5, 0x01, 0xFE,
    0x00, 0x00, 0x0D, 0x39, 0xF6, 0xFE, 0x08, 0xF9, 0x00, 0x00, 0x5F, 0xBA, 0xF2, 0xAF, 0x9F, 0xF2,
    0x00, 0x00, 0xCF, 0x4E, 0xF0, 0x1F, 0xFF, 0x80, 0x00, 0x03, 0xFD, 0x2F, 0xB0, 0x1C, 0xFF, 0x80,
    0x00, 0x0B, 0xF6, 0x8F, 0x75, 0xEF, 0xFF, 0xFC, 0x40, 0x1F, 0xF1, 0xEF, 0x9F, 0xFC, 0x15, 0xFF,
    0xF4, 0x02, 0x60, 0x48, 0x0B, 0x70, 0x00, 0x18, 0x90, 0x00, 0x82, 0x00, 0x00, 0x00, 0x15, 0xAC,
    0x00, 0x06, 0xFF, 0x91, 0x79, 0xCE, 0xFF, 0xFF, 0x70, 0x00, 0x7F, 0xE1, 0xDF, 0xFF, 0xFB, 0x50,
    0x00, 0x00, 0x02, 0x40, 0x34, 0x27, 0xF5, 0x00, 0x00, 0x00, 0x00, 0x00, 0x00, 0x07, 0xF5, 0x00,
    0x00, 0x0C, 0x92, 0x0B, 0xFF, 0xFF, 0xFF, 0xFF, 0xF7, 0x2E, 0xFF, 0x59, 0xDD, 0xDE, 0xFE, 0xDD,
    0xD6, 0x00, 0x9F, 0x10, 0x00, 0x07, 0xF5, 0x00, 0x00, 0x00, 0x01, 0x00, 0x00, 0x07, 0xF5, 0x00,
    0x00, 0x00, 0x04, 0x30, 0x8B, 0xBD, 0xFD, 0xBB, 0x70, 0x00, 0x0D, 0xF1, 0xBF, 0xFF, 0xFF, 0xFF,
    0xA0, 0x00, 0x7F, 0xB0, 0xBF, 0x00, 0x00, 0x2F, 0xA0, 0x02, 0xFF, 0x20, 0xBF, 0x00, 0x00, 0x2F,
    0xA0, 0x0B, 0xF9, 0x00, 0xBF, 0xBB, 0xBB, 0xCF, 0xA0, 0x0C, 0xF1, 0x00, 0xBF, 0xFF, 0xFF, 0xFF,
    0xA0, 0x00, 0x40, 0x00, 0xAD, 0x00, 0x00, 0x2C, 0x80, 0x00, 0x00, 0x00, 0x00, 0x00, 0x00, 0x00,
    0x00, 0x01, 0x92, 0x00, 0x00, 0x1B, 0xB0, 0x00, 0x00, 0x09, 0xFF, 0x70, 0x00, 0x0D, 0xF2, 0x00,
    0x00, 0x00, 0x7F, 0xCD, 0xFF, 0xFF, 0xFF, 0xFF, 0xF2, 0x00, 0x03, 0x29, 0xBC, 0xFF, 0xBB, 0xFB,
    0xB1, 0x01, 0x00, 0x00, 0x0A, 0xF7, 0x06, 0xF8, 0x00, 0x1E, 0xC4, 0x01, 0x9F, 0xE6, 0x68, 0xFF,
    0x50, 0x3D, 0xFF, 0x48, 0xFF, 0xFF, 0xFF, 0xFF, 0xE1, 0x00, 0x6D, 0x04, 0xB9, 0x76, 0x43, 0x28,
    0xC1, 0x00, 0x00, 0x00, 0x7B, 0x0B, 0x83, 0xB5, 0x00, 0x00, 0x07, 0x60, 0xBF, 0x0F, 0xB4, 0xF7,
    0x00, 0x00, 0x1F, 0xF1, 0xBF, 0x0F, 0xB4, 0xF7, 0x00, 0x00, 0x8F, 0x90, 0xDE, 0x0F, 0xB4, 0xF7,
    0x00, 0x02, 0xFF, 0x22, 0xFB, 0x0F, 0xB4, 0xF7, 0xA5, 0x0B, 0xF9, 0x0C, 0xF5, 0x0F, 0xB4, 0xF7,
    0xC9, 0x0D, 0xF1, 0x7F, 0xC0, 0x0F, 0xB2, 0xFF, 0xF6, 0x01, 0x50, 0x07, 0x10, 0x01, 0x10, 0x48,
    0x60, 0x00, 0xA3, 0x00, 0x04, 0xEA, 0x2B, 0x20, 0x00, 0x05, 0xFF, 0x80, 0x04, 0xFB, 0x6F, 0xF4,
    0x00, 0x00, 0x4E, 0xD0, 0x03, 0xFB, 0x04, 0xE3, 0x00, 0x00, 0x02, 0x20, 0x05, 0xFE, 0x8B, 0xDF,
    0x60, 0x00, 0x00, 0x0C, 0xFF, 0xFF, 0xFF, 0xFE, 0x70, 0x1E, 0xA1, 0x0B, 0xDB, 0xFF, 0x53, 0x00,
    0x00, 0x3D, 0xFE, 0x10, 0x00, 0xFF, 0x02, 0x46, 0x90, 0x00, 0x9A, 0x04, 0x69, 0xFF, 0xFF, 0xFF,
    0xF2, 0x00, 0x00, 0x1F, 0xFF, 0xFF, 0xEC, 0x9B, 0x70, 0x00, 0x0A, 0x1A, 0x85, 0x9F, 0x90, 0x3F,
    0xF1, 0x00, 0x4F, 0xA0, 0x00, 0x3F, 0xD5, 0xFF, 0x50, 0x00, 0xBF, 0x40, 0x00, 0x0E, 0xFF, 0xF7,
    0x40, 0x02, 0xFE, 0x00, 0x01, 0x7F, 0xFF, 0x42, 0xF6, 0x0A, 0xF7, 0x05, 0xBF, 0xFF, 0xFF, 0x56,
    0xF5, 0x0F, 0xF1, 0x0E, 0xFE, 0x92, 0x6F, 0xFF, 0xF1, 0x02, 0x60, 0x03, 0x60, 0x00, 0x06, 0xDD,
    0x60, 0x01, 0x91, 0x00, 0x00, 0x00, 0x00, 0x04, 0xA0, 0x0B, 0xFE, 0x7F, 0xFF, 0xFF, 0x93, 0x47,
    0xF0, 0x01, 0xAF, 0x8F, 0x96, 0x6F, 0x9A, 0xC7, 0xF0, 0x00, 0x04, 0x2F, 0x5A, 0x3E, 0x9A, 0xC7,
    0xF0, 0x01, 0x00, 0x1F, 0x5F, 0x5E, 0x9A, 0xC7, 0xF0, 0x1E, 0xB2, 0x1F, 0x5F, 0x5E, 0x9A, 0xC7,
    0xF0, 0x3D, 0xFE, 0x2F, 0x5F, 0x5E, 0x9A, 0xC7, 0xF0, 0x00, 0x96, 0x1F, 0x5F, 0x5E, 0x9A, 0xC7,
    0xF0, 0x00, 0x00, 0x1F, 0x5F, 0x5E, 0x9A, 0xC7, 0xF0, 0x00, 0x33, 0x1F, 0x5F, 0x5E, 0x9A, 0xC7,
    0xF0, 0x00, 0xAF, 0x4F, 0x6F, 0x5E, 0x9A, 0xC7, 0xF0, 0x00, 0xFE, 0x2F, 0x8F, 0x3E, 0x9A, 0xC7,
    0xF0, 0x05, 0xF9, 0x03, 0x9F, 0x53, 0x12, 0x27, 0xF0, 0x0C, 0xF3, 0x02, 0xFA, 0xEC, 0x00, 0x07,
    0xF0, 0x1F, 0xE0, 0x6F, 0xD0, 0x3F, 0x84, 0x8D, 0xF0, 0x04, 0x60, 0x5A, 0x10, 0x07, 0x53, 0xFE,
    0x70, 0x00, 0x10, 0x01, 0x85, 0x00, 0x00, 0x0A, 0xE0, 0x0A, 0xE1, 0x02, 0xFD, 0x00, 0x01, 0x0B,
    0xF0, 0x06, 0xFC, 0x00, 0xAD, 0x10, 0x4F, 0x5B, 0xF0, 0x00, 0x9A, 0xDF, 0xFF, 0xFF, 0x7F, 0x5B,
    0xF0, 0x00, 0x00, 0x9B, 0xBD, 0xFD, 0x6F, 0x5B, 0xF0, 0x0A, 0x30, 0x03, 0x08, 0xF3, 0x4F, 0x5B,
    0xF0, 0x4F, 0xF4, 0x7F, 0x4B, 0xF0, 0x4F, 0x5B, 0xF0, 0x04, 0xF8, 0x2F, 0xEE, 0xC0, 0x4F, 0x5B,
    0xF0, 0x00, 0x20, 0x07, 0xFF, 0x80, 0x4F, 0x5B, 0xF0, 0x00, 0x21, 0x00, 0xDF, 0x50, 0x4F, 0x5B,
    0xF0, 0x00, 0x9E, 0x10, 0xDF, 0xB0, 0x4F, 0x5B, 0xF0, 0x00, 0xFD, 0x06, 0xFF, 0xF3, 0x4F, 0x5B,
    0xF0, 0x06, 0xF8, 0x1D, 0xF7, 0xFA, 0x26, 0x2B, 0xF0, 0x0D, 0xF2, 0xCF, 0x80, 0xED, 0x00, 0x0B,
    0xF0, 0x1D, 0xB4, 0xFC, 0x00, 0x30, 0x05, 0xAF, 0xE0, 0x00, 0x20, 0x61, 0x00, 0x00, 0x03, 0xFE,
    0x60, 0x00, 0x00, 0x00, 0x00, 0x00, 0x00, 0x00, 0x00, 0x00, 0x91, 0x00, 0x21, 0x09, 0xF5, 0x04,
    0x20, 0x08, 0xFF, 0x54, 0xFA, 0x09, 0xF5, 0x0E, 0xF2, 0x00, 0x9F, 0xE1, 0xEF, 0x29, 0xF5, 0x5F,
    0xB0, 0x00, 0x06, 0x40, 0x7F, 0x89, 0xF5, 0xCF, 0x30, 0x00, 0x00, 0x00, 0x16, 0x09, 0xF5, 0x15,
    0x00, 0x1D, 0x91, 0x00, 0xFF, 0xFF, 0xFF, 0xFF, 0x90, 0x3D, 0xFE, 0x20, 0xFF, 0xCC, 0xCC, 0xDF,
    0x90, 0x00, 0x9D, 0x00, 0xFD, 0x00, 0x00, 0x3F, 0x90, 0x00, 0x01, 0x00, 0xFF, 0xFF, 0xFF, 0xFF,
    0x90, 0x00, 0x06, 0x20, 0xFF, 0x99, 0x99, 0xBF, 0x90, 0x00, 0x0E, 0xE0, 0xFD, 0x00, 0x00, 0x3F,
    0x90, 0x00, 0x6F, 0x90, 0xFF, 0xFF, 0xFF, 0xFF, 0x90, 0x00, 0xEF, 0x30, 0xFF, 0x99, 0x99, 0xBF,
    0x90, 0x07, 0xFC, 0x00, 0xFD, 0x00, 0x00, 0x4F, 0x90, 0x0E, 0xF4, 0x00, 0xFD, 0x00, 0x3C, 0xDF,
    0x80, 0x03, 0xA0, 0x00, 0xFD, 0x00, 0x0F, 0xFC, 0x20, 0x00, 0x00, 0x00, 0x00, 0x00, 0x00, 0x00,
    0x00, 0x01, 0x70, 0x00, 0x00, 0x00, 0x00, 0x00, 0x00, 0x0A, 0xFD, 0x3D, 0xFF, 0xFF, 0xFF, 0xFF,
    0xF0, 0x02, 0xBF, 0x5D, 0xFA, 0xAA, 0xAA, 0xAE, 0xF0, 0x00, 0x05, 0x0D, 0xD4, 0x61, 0x08, 0x2C,
    0xF0, 0x00, 0x00, 0x04, 0x5E, 0xF2, 0x4F, 0xE5, 0x40, 0x1D, 0x70, 0x02, 0xDF, 0x70, 0x06, 0xFD,
    0x00, 0x4F, 0xFC, 0x0D, 0xF9, 0x05, 0x50, 0x9F, 0x80, 0x01, 0xBA, 0x02, 0x70, 0x0F, 0xF0, 0x08,
    0x10, 0x00, 0x01, 0x09, 0xBB, 0xBF, 0xFB, 0xBB, 0xA0, 0x00, 0x0A, 0x0D, 0xFF, 0xFF, 0xFF, 0xFF,
    0xF0, 0x00, 0x6F, 0x60, 0x05, 0xFF, 0xFF, 0x60, 0x00, 0x00, 0xDF, 0x10, 0x3F, 0xEF, 0xFE, 0xF3,
    0x00, 0x05, 0xF9, 0x04, 0xEF, 0x4F, 0xF4, 0xFE, 0x40, 0x0D, 0xF2, 0x8F, 0xF7, 0x0F, 0xF0, 0x8F,
    0xF3, 0x1E, 0xB0, 0x3E, 0x50, 0x0F, 0xF0, 0x08, 0xA0, 0x03, 0x30, 0x00, 0x00, 0x0C, 0xC0, 0x00,
    0x00, 0x00, 0x00, 0x00, 0x00, 0x00, 0x00, 0x00, 0x00, 0x00, 0x70, 0x00, 0x00, 0x1F, 0xD0, 0x00,
    0x00, 0x09, 0xFE, 0x4D, 0xFF, 0xFF, 0xFF, 0xFF, 0xB0, 0x00, 0x8F, 0x75, 0x55, 0x6F, 0xE5, 0x55,
    0x40, 0x00, 0x03, 0x01, 0x44, 0x5F, 0xD4, 0x44, 0x10, 0x06, 0x10, 0x06, 0xFF, 0xFF, 0xFF, 0xFF,
    0x40, 0x5F, 0xF7, 0x25, 0x55, 0x6F, 0xE5, 0x55, 0x52, 0x0A, 0xFF, 0x8F, 0xFF, 0xFF, 0xFF, 0xFF,
    0xF5, 0x00, 0x87, 0x01, 0x66, 0x66, 0x66, 0x66, 0x00, 0x00, 0x00, 0x04, 0xFF, 0xFF, 0xFF, 0xFF,
    0x10, 0x00, 0x0B, 0x24, 0xFA, 0x44, 0x44, 0xCF, 0x10, 0x00, 0x5F, 0xA4, 0xFF, 0xFF, 0xFF, 0xFF,
    0x10, 0x00, 0xCF, 0x44, 0xF7, 0x00, 0x00, 0xBF, 0x10, 0x03, 0xFE, 0x04, 0xFF, 0xFF, 0xFF, 0xFF,
    0x10, 0x0A, 0xF8, 0x04, 0xFA, 0x55, 0x55, 0xCF, 0x10, 0x0C, 0xF2, 0x04, 0xF7, 0x00, 0x59, 0xEF,
    0x00, 0x00, 0x50, 0x04, 0xF7, 0x00, 0x4F, 0xE8, 0x00, 0x00, 0x00, 0x00, 0x00, 0x00, 0x00, 0x00,
    0x00, 0x00, 0x50, 0x00, 0x00, 0x1B, 0xD0, 0x00, 0x00, 0x07, 0xFC, 0x10, 0x00, 0x0E, 0xF3, 0x00,
    0x00, 0x00, 0x8F, 0x9F, 0xFF, 0xFF, 0xFF, 0xFF, 0xF3, 0x00, 0x05, 0x1F, 0xE9, 0x99, 0x99, 0x9D,
    0xF3, 0x01, 0x00, 0x0F, 0xE9, 0x99, 0x99, 0x9D, 0xF3, 0x2E, 0xB2, 0x00, 0x9F, 0xFF, 0xFF, 0xF9,
    0x00, 0x2C, 0xFF, 0x30, 0x66, 0x66, 0x66, 0x66, 0x00, 0x00, 0x6A, 0x00, 0xFF, 0xFF, 0xFF, 0xFF,
    0x00, 0x00, 0x00, 0x00, 0xFB, 0x00, 0x00, 0xCF, 0x00, 0x00, 0x09, 0x60, 0xFF, 0xFF, 0xFF, 0xFF,
    0x00, 0x00, 0x1F, 0xF1, 0xFC, 0x44, 0x44, 0xDF, 0x00, 0x00, 0x8F, 0x90, 0xFD, 0x66, 0x66, 0xDF,
    0x00, 0x00, 0xEF, 0x30, 0xFF, 0xFF, 0xFF, 0xFF, 0x00, 0x07, 0xFC, 0x00, 0x00, 0x00, 0x00, 0x00,
    0x00, 0x0C, 0xF4, 0x5F, 0xFF, 0xFF, 0xFF, 0xFF, 0xF7, 0x00, 0x70, 0x4B, 0xBB, 0xBB, 0xBB, 0xBB,
    0xB5, 0x00, 0x91, 0x00, 0x00, 0x00, 0x00, 0x00, 0x00, 0x08, 0xFF, 0x6B, 0xFF, 0xFF, 0xFF, 0xFF,
    0xF5, 0x00, 0x7F, 0x7B, 0xFC, 0xBB, 0xED, 0xBB, 0xB3, 0x00, 0x01, 0x0B, 0xF2, 0x00, 0xFF, 0x20,
    0x00, 0x04, 0x00, 0x0B, 0xF6, 0xFF, 0xFF, 0xFF, 0xD0, 0x3F, 0xE5, 0x0B, 0xF6, 0xFA, 0x66, 0x6F,
    0xD0, 0x1B, 0xFE, 0x0B, 0xF6, 0xF9, 0x44, 0x4E, 0xD0, 0x00, 0x85, 0x0C, 0xF5, 0xFF, 0xFF, 0xFF,
    0xD0, 0x00, 0x00, 0x0D, 0xF4, 0xF6, 0x00, 0x0E, 0xD0, 0x00, 0x25, 0x0F, 0xE4, 0xFF, 0xFF, 0xFF,
    0xD0, 0x00, 0x9F, 0x6F, 0xC1, 0x66, 0xDF, 0x76, 0x50, 0x00, 0xEF, 0x6F, 0x93, 0xC4, 0xBF, 0x4D,
    0x70, 0x05, 0xFA, 0x9F, 0x5A, 0xF4, 0xBF, 0x2F, 0xE0, 0x0C, 0xF6, 0xFF, 0x5F, 0xC0, 0xBF, 0x1A,
    0xF6, 0x3F, 0xE7, 0xFA, 0x4E, 0x6A, 0xEF, 0x03, 0xC4, 0x04, 0x61, 0xA2, 0x00, 0x1F, 0xE8, 0x00,
    0x00, 0x00, 0x00, 0x00, 0x00, 0x00, 0x00, 0x00, 0x00, 0x00, 0x00, 0x00, 0x00, 0x00, 0x00, 0x00,
    0x00, 0x00, 0x00, 0x00, 0x0F, 0xE0, 0x00, 0x00, 0x00, 0x00, 0x00, 0x00, 0x0F, 0xFC, 0xCC, 0xCC,
    0x80, 0x00, 0x00, 0x00, 0x0F, 0xFF, 0xFF, 0xFF, 0xA0, 0x00, 0x00, 0x00, 0x0F, 0xE0, 0x00, 0x00,
    0x00, 0x00, 0x00, 0x00, 0x0F, 0xE0, 0x00, 0x00, 0x00, 0x00, 0x8F, 0xFF, 0xFF, 0xFF, 0xFF, 0xF9,
    0x00, 0x00, 0x8F, 0xDC, 0xCC, 0xCC, 0xCD, 0xF9, 0x00, 0x00, 0x8F, 0x40, 0x00, 0x00, 0x05, 0xF9,
    0x00, 0x00, 0x8F, 0x40, 0x00, 0x00, 0x05, 0xF9, 0x00, 0x00, 0x8F, 0xDC, 0xCC, 0xCC, 0xCD, 0xF9,
    0x00, 0x00, 0x8F, 0xFF, 0xFF, 0xFF, 0xFF, 0xF9, 0x00, 0x00, 0x20, 0x00, 0x00, 0x00, 0x00, 0x13,
    0x00, 0x00, 0xEF, 0x1A, 0xD0, 0x6F, 0x61, 0xFE, 0x10, 0x06, 0xFB, 0x0B, 0xF2, 0x2F, 0xC0, 0x9F,
    0xA0, 0x2F, 0xF3, 0x0A, 0xF4, 0x0D, 0xF2, 0x1F, 0xF2, 0x18, 0x80, 0x07, 0xB3, 0x07, 0x81, 0x07,
    0x81, 0x00, 0x4C, 0x30, 0x00, 0x13, 0x46, 0x9D, 0x30, 0x00, 0x5F, 0x40, 0x0F, 0xFF, 0xFF, 0xFF,
    0x70, 0x00, 0x5F, 0x40, 0x1F, 0xD7, 0x65, 0x20, 0x00, 0x03, 0x5F, 0x5C, 0x5F, 0x90, 0x9A, 0x00,
    0x00, 0x1F, 0x8F, 0x8F, 0x7F, 0x70, 0xEF, 0x00, 0x00, 0x2F, 0x6F, 0xBE, 0x6F, 0x50, 0xEF, 0x00,
    0x00, 0x5F, 0x5F, 0xB9, 0xBF, 0xCB, 0xFF, 0xBB, 0xB2, 0x8C, 0x5F, 0x30, 0x9F, 0xFF, 0xFF, 0xFF,
    0xF3, 0x02, 0x6F, 0x20, 0x10, 0x00, 0xEF, 0x00, 0x00, 0x00, 0x9F, 0x20, 0x02, 0x40, 0xEF, 0x17,
    0x00, 0x00, 0xBF, 0xC0, 0x09, 0xF3, 0xEF, 0x7F, 0x60, 0x00, 0xFF, 0xF8, 0x0E, 0xD0, 0xEF, 0x1F,
    0xD0, 0x06, 0xF7, 0xCD, 0x8F, 0x70, 0xEF, 0x0B, 0xF2, 0x1E, 0xF1, 0x21, 0xEE, 0x00, 0xEF, 0x07,
    0xF6, 0x5F, 0x70, 0x00, 0x34, 0x7D, 0xFE, 0x02, 0x60, 0x05, 0x00, 0x00, 0x00, 0x4F, 0xD6, 0x00,
    0x00, 0x00, 0x0E, 0xB0, 0x00, 0x5F, 0x70, 0x00, 0x00, 0x00, 0x0F, 0xC0, 0x00, 0x5F, 0x60, 0x00,
    0x00, 0x1B, 0xBF, 0xFB, 0x79, 0xCF, 0xC9, 0x95, 0x00, 0x1F, 0xFF, 0xFF, 0xBF, 0xFF, 0xFF, 0xF9,
    0x00, 0x00, 0x0F, 0xC0, 0x00, 0x7F, 0x42, 0xF8, 0x00, 0x00, 0x0F, 0xEA, 0x52, 0x9F, 0x22, 0xF8,
    0x00, 0x3A, 0xEF, 0xFF, 0xAF, 0xFF, 0x03, 0xF8, 0x00, 0x4F, 0xFF, 0xE5, 0x3C, 0xFF, 0x42, 0xF8,
    0x00, 0x17, 0x3F, 0xC0, 0x07, 0xFF, 0xF9, 0xF8, 0x71, 0x00, 0x0F, 0xC0, 0x3F, 0xF6, 0xF6, 0xFA,
    0xE9, 0x09, 0xFF, 0xA1, 0xEF, 0x70, 0x20, 0xAF, 0xF5, 0x04, 0xA8, 0x10, 0x67, 0x00, 0x00, 0x19,
    0x70, 0x00, 0xCB, 0x14, 0x70, 0x38, 0x41, 0xBD, 0x00, 0x04, 0xFD, 0x0A, 0xF2, 0x4F, 0xB0, 0xBF,
    0x80, 0x0E, 0xF5, 0x08, 0xF5, 0x0F, 0xF0, 0x2F, 0xF1, 0x2B, 0xB0, 0x06, 0xC4, 0x09, 0x91, 0x09,
    0xA2, 0x00, 0x00, 0x00, 0x00, 0x00, 0x00, 0x00, 0x00, 0x00, 0x00, 0x00, 0x00, 0x00, 0x00, 0x00,
    0x00, 0x00, 0x05, 0xE6, 0x00, 0x00, 0x7B, 0x48, 0x00, 0x00, 0x0B, 0xFA, 0x77, 0x20, 0xAF, 0x8F,
    0x90, 0x00, 0x3F, 0xFF, 0xFF, 0x90, 0xAF, 0x2B, 0xB0, 0x00, 0xCF, 0x50, 0x8F, 0xEC, 0xEF, 0xDD,
    0xC1, 0x08, 0xF9, 0xDE, 0xEF, 0xDF, 0xFF, 0xFF, 0xF2, 0x6F, 0xD1, 0x3D, 0xF9, 0x00, 0xDF, 0x60,
    0x00, 0x1B, 0x7F, 0x6D, 0xF3, 0x02, 0xFF, 0xD0, 0x00, 0x00, 0x1B, 0xFF, 0xA0, 0x09, 0xFF, 0xF4,
    0x00, 0x00, 0x0A, 0xFE, 0x10, 0x5F, 0xE6, 0xFD, 0x00, 0x04, 0xDF, 0xE2, 0x06, 0xFF, 0x50, 0xCF,
    0xC1, 0x0C, 0xFD, 0x20, 0x6F, 0xF8, 0x00, 0x2E, 0xE1, 0x01, 0x80, 0x00, 0x0A, 0x50, 0x00, 0x04,
    0x40, 0x00, 0xEE, 0x16, 0xA0, 0x4B, 0x51, 0xEE, 0x10, 0x07, 0xFA, 0x0A, 0xF3, 0x3F, 0xB0, 0x9F,
    0x90, 0x2F, 0xF2, 0x08, 0xF5, 0x0F, 0xF0, 0x1F, 0xF2, 0x2B, 0x90, 0x06, 0xB3, 0x08, 0x81, 0x09,
    0x91, 0x00, 0x00, 0x00, 0x00, 0x00, 0x00, 0x00, 0x00, 0x0C, 0xFF, 0xFF, 0x8F, 0xFF, 0xFF, 0xFF,
    0xF1, 0x0C, 0xFB, 0xDF, 0x7A, 0xAF, 0xFA, 0xAF, 0xF0, 0x0C, 0xF0, 0x6F, 0x50, 0x5F, 0xA0, 0x0F,
    0xE0, 0x0C, 0xF0, 0x6F, 0x65, 0xEF, 0x2D, 0xFF, 0xA0, 0x0C, 0xFF, 0xFF, 0x8F, 0xE3, 0x04, 0x75,
    0x00, 0x0C, 0xFB, 0xDF, 0x5A, 0x98, 0x88, 0x88, 0x50, 0x0C, 0xF0, 0x6F, 0x5A, 0xFF, 0xFF, 0xFF,
    0x90, 0x0C, 0xF0, 0x6F, 0x5A, 0xF1, 0x00, 0x4F, 0x90, 0x0C, 0xFF, 0xFF, 0x5A, 0xF1, 0x00, 0x4F,
    0x90, 0x0C, 0xFB, 0xBB, 0x4A, 0xFF, 0xFF, 0xFF, 0x90, 0x06, 0x90, 0x00, 0x06, 0x88, 0x88, 0x8B,
    0x50, 0x00, 0xDE, 0x28, 0xB0, 0x3C, 0x70, 0xDF, 0x20, 0x05, 0xFC, 0x0B, 0xF2, 0x1F, 0xD0, 0x8F,
    0xA0, 0x1E, 0xF4, 0x09, 0xF4, 0x0D, 0xF1, 0x1F, 0xF2, 0x2B, 0xB0, 0x07, 0xC3, 0x09, 0xA2, 0x08,
    0x92, 0x00, 0x00, 0x00, 0x00, 0x00, 0x00, 0x00, 0x00, 0x00, 0x4A, 0x60, 0x00, 0x7F, 0x90, 0x00,
    0x00, 0x00, 0x6F, 0x90, 0x00, 0x7F, 0x90, 0x00, 0x00, 0x00, 0x6F, 0x90, 0x00, 0x7F, 0x90, 0x00,
    0x00, 0x00, 0x6F, 0x90, 0x00, 0x7F, 0x90, 0x00, 0x00, 0x00, 0x6F, 0xFF, 0xFF, 0xFF, 0xFF, 0xFF,
    0x60, 0x00, 0x7F, 0xFF, 0xFF, 0xFF, 0xFF, 0xFF, 0x60, 0x00, 0x7F, 0x90, 0x00, 0x00, 0x00, 0x00,
    0x00, 0x00, 0x7F, 0x80, 0x00, 0x00, 0x00, 0x00, 0x00, 0x00, 0x8F, 0x80, 0x00, 0x00, 0x00, 0x00,
    0x00, 0x00, 0xAF, 0xFF, 0xFF, 0xFF, 0xFF, 0x80, 0x00, 0x00, 0xCF, 0xFF, 0xFF, 0xFF, 0xFF, 0x80,
    0x00, 0x01, 0xFF, 0x20, 0x00, 0x00, 0x9F, 0x80, 0x00, 0x06, 0xFD, 0x00, 0x00, 0x00, 0x9F, 0x80,
    0x00, 0x0E, 0xF8, 0x00, 0x00, 0x00, 0x9F, 0x80, 0x00, 0x6F, 0xE0, 0x00, 0x00, 0x00, 0x9F, 0x80,
    0x00, 0x0A, 0x40, 0x00, 0x00, 0x00, 0x9F, 0x80, 0x00, 0x00, 0x00, 0x00, 0x00, 0x00, 0x00, 0x00,
    0x00, 0x04, 0x81, 0xBF, 0x00, 0x01, 0x24, 0x7A, 0x70, 0x08, 0xF2, 0xBF, 0x05, 0xFF, 0xFF, 0xFF,
    0xF2, 0x08, 0xF2, 0xBF, 0x05, 0xFE, 0xCA, 0x86, 0x30, 0x08, 0xF2, 0xBF, 0x05, 0xF7, 0x00, 0x00,
    0x00, 0x08, 0xFB, 0xEF, 0xA7, 0xF7, 0x00, 0x00, 0x00, 0x08, 0xFF, 0xFF, 0xF7, 0xFF, 0xFF, 0xFF,
    0xE1, 0x08, 0xF2, 0x00, 0x06, 0xFF, 0xFB, 0xBF, 0xE0, 0x09, 0xF2, 0x00, 0x06, 0xFF, 0xF0, 0x1F,
    0xB0, 0x09, 0xFB, 0xAA, 0x36, 0xFA, 0xF6, 0x6F, 0x80, 0x0A, 0xFF, 0xFF, 0x47, 0xF5, 0xEB, 0xBF,
    0x40, 0x0B, 0xF0, 0x6F, 0x48, 0xF4, 0x8F, 0xFD, 0x00, 0x0C, 0xE0, 0x6F, 0x4A, 0xF2, 0x2F, 0xF7,
    0x00, 0x0F, 0xC0, 0x6F, 0x4D, 0xF0, 0x5F, 0xF6, 0x00, 0x3F, 0x90, 0x6F, 0x7F, 0xC6, 0xFF, 0xFF,
    0x50, 0x7F, 0x40, 0x6F, 0xDF, 0xDF, 0xF6, 0x4F, 0xF4, 0x1A, 0x00, 0x6D, 0x7D, 0x2B, 0x50, 0x04,
    0x90, 0x00, 0x00, 0x00, 0x00, 0x00, 0x00, 0x00, 0x00, 0x00, 0x0B, 0xF0, 0x00, 0xB9, 0x00, 0x00,
    0x00, 0x0B, 0x9B, 0xF0, 0x02, 0xFC, 0x00, 0x00, 0x00, 0x0F, 0xAB, 0xF0, 0x06, 0xF8, 0x00, 0x00,
    0x00, 0x1F, 0xEF, 0xFD, 0x5A, 0xFF, 0xFF, 0xFF, 0xF6, 0x3F, 0xFF, 0xFF, 0x7F, 0xEE, 0xFD, 0xFF,
    0xF6, 0x7F, 0x1B, 0xF0, 0x9F, 0x6B, 0xD4, 0xFC, 0xF5, 0x9E, 0x0B, 0xF3, 0xFD, 0x2F, 0x88, 0xF9,
    0xF4, 0x04, 0x0B, 0xF4, 0xA3, 0x9F, 0x2D, 0xD8, 0xF4, 0x01, 0x5D, 0xFF, 0xA1, 0xEC, 0x3F, 0x89,
    0xF3, 0x6F, 0xFF, 0xFB, 0x5A, 0xF4, 0x9F, 0x3A, 0xF2, 0x4F, 0xBD, 0xF0, 0x7F, 0xB1, 0xFD, 0x0C,
    0xF1, 0x01, 0x0B, 0xF0, 0x7E, 0x19, 0xF5, 0x0D, 0xF0, 0x00, 0x0B, 0xF0, 0x00, 0x3F, 0xD0, 0x0F,
    0xD0, 0x00, 0x0B, 0xF0, 0x03, 0xEF, 0x40, 0x6F, 0xB0, 0x00, 0x0B, 0xF0, 0x0C, 0xF6, 0x3F, 0xFF,
    0x60, 0x00, 0x0B, 0xF0, 0x00, 0x50, 0x0C, 0xC8, 0x00, 0x00, 0x00, 0x00, 0x00, 0x00, 0x00, 0x00,
    0x00, 0x00, 0x0D, 0xF0, 0x00, 0x00, 0xEE, 0x00, 0x00, 0x0A, 0x5D, 0xF0, 0x07, 0xBB, 0xFF, 0xBB,
    0x90, 0x0E, 0x9D, 0xF0, 0x0A, 0xFF, 0xFF, 0xFF, 0xC0, 0x0F, 0xEF, 0xFD, 0x30, 0x00, 0xEE, 0x00,
    0x00, 0x2F, 0xFF, 0xFF, 0x30, 0x00, 0xEE, 0x00, 0x00, 0x4F, 0x3D, 0xF6, 0xBF, 0xFF, 0xFF, 0xFF,
    0xF7, 0x7F, 0x0D, 0xF0, 0x7C, 0xCC, 0xCC, 0xFF, 0xC6, 0x28, 0x0D, 0xF0, 0x00, 0x00, 0x00, 0xFB,
    0x00, 0x00, 0x0D, 0xFC, 0x7B, 0xBB, 0xBC, 0xFE, 0xB3, 0x3B, 0xFF, 0xFF, 0x9F, 0xFF, 0xFF, 0xFF,
    0xF5, 0x3F, 0xFF, 0xF1, 0x03, 0xC2, 0x00, 0xFB, 0x00, 0x06, 0x1D, 0xF0, 0x05, 0xFC, 0x00, 0xFB,
    0x00, 0x00, 0x0D, 0xF0, 0x00, 0xAF, 0x50, 0xFB, 0x00, 0x00, 0x0D, 0xF0, 0x00, 0x17, 0x01, 0xFB,
    0x00, 0x00, 0x0D, 0xF0, 0x00, 0x02, 0xFF, 0xFA, 0x00, 0x00, 0x0C, 0xE0, 0x00, 0x00, 0xBD, 0xA2,
    0x00, 0x00, 0x06, 0xF7, 0x00, 0x0C, 0xE0, 0x23, 0x00, 0x00, 0x06, 0xF7, 0x00, 0x0D, 0xF1, 0xFE,
    0x00, 0x05, 0x26, 0xF7, 0x00, 0x0D, 0xF0, 0x8F, 0x80, 0x4F, 0xB7, 0xF7, 0x00, 0x0D, 0xF0, 0x0F,
    0xC0, 0x0C, 0xFC, 0xF7, 0x00, 0x0D, 0xF0, 0x03, 0x00, 0x03, 0xFF, 0xF9, 0xFF, 0xFF, 0xFF, 0xFF,
    0xF4, 0x00, 0x57, 0xF9, 0xEE, 0xEF, 0xFE, 0xEE, 0xE4, 0x00, 0x06, 0xF7, 0x00, 0x1F, 0xF7, 0x00,
    0x00, 0x00, 0x1C, 0xF7, 0x00, 0x3F, 0xFC, 0x00, 0x00, 0x02, 0xDF, 0xF7, 0x00, 0x8F, 0xFF, 0x20,
    0x00, 0x3F, 0xFD, 0xF7, 0x00, 0xDF, 0x8F, 0xA0, 0x00, 0x2F, 0x77, 0xF7, 0x05, 0xFC, 0x0D, 0xF3,
    0x00, 0x03, 0x06, 0xF7, 0x0D, 0xF5, 0x05, 0xFD, 0x00, 0x00, 0x06, 0xF7, 0xAF, 0xD0, 0x00, 0xDF,
    0xC1, 0x00, 0x06, 0xFE, 0xFF, 0x20, 0x00, 0x2F, 0xF7, 0x00, 0x06, 0xF8, 0xB4, 0x00, 0x00, 0x03,
    0x90, 0x05, 0x10, 0x50, 0x00, 0x07, 0xE5, 0x00, 0x00, 0x3F, 0xD4, 0xFD, 0x00, 0x08, 0xF6, 0x00,
    0x00, 0x08, 0xFF, 0xF6, 0x00, 0x08, 0xF6, 0x00, 0x00, 0x00, 0xEF, 0xC0, 0x8A, 0xAD, 0xFC, 0xAA,
    0x70, 0x09, 0xFF, 0x90, 0xCF, 0xFF, 0xFF, 0xFF, 0xB0, 0x6F, 0xEE, 0xE0, 0xCF, 0x18, 0xF6, 0x3F,
    0xB0, 0x09, 0x2A, 0xF2, 0xCF, 0x18, 0xF6, 0x3F, 0xB0, 0x00, 0x0C, 0xF4, 0xCF, 0x18, 0xF6, 0x3F,
    0xB0, 0x00, 0x8F, 0xF5, 0xCF, 0xAD, 0xFC, 0xBF, 0xB0, 0x07, 0xFF, 0xF5, 0xCF, 0xFF, 0xFF, 0xFF,
    0xB0, 0x6F, 0xE9, 0xF5, 0x00, 0x08, 0xF6, 0x48, 0x00, 0x1C, 0x38, 0xF4, 0x00, 0x08, 0xF6, 0xCF,
    0x40, 0x00, 0x09, 0xF3, 0x00, 0x08, 0xF7, 0x8F, 0xA0, 0x00, 0x0D, 0xF5, 0x9B, 0xCF, 0xFF, 0xFF,
    0xF0, 0x0E, 0xFF, 0xB7, 0xFF, 0xFF, 0xFE, 0xCE, 0xF5, 0x09, 0xCA, 0x13, 0x76, 0x42, 0x00, 0x06,
    0xA3, 0x08, 0x31, 0x91, 0x39, 0x99, 0x99, 0x96, 0x00, 0x3F, 0xEB, 0xF7, 0x5F, 0xFF, 0xFF, 0xFD,
    0x10, 0x08, 0xFF, 0xD0, 0x00, 0x00, 0x9F, 0xC1, 0x00, 0x02, 0xFF, 0x50, 0x00, 0x06, 0xFC, 0x00,
    0x00, 0x1E, 0xFF, 0x74, 0x99, 0x9C, 0xFC, 0x99, 0x93, 0x6F, 0xBF, 0xB7, 0xFF, 0xFF, 0xFF, 0xFF,
    0xF5, 0x05, 0x0E, 0xF0, 0x00, 0x06, 0xF7, 0x00, 0x00, 0x00, 0x2F, 0xF0, 0x03, 0x9C, 0xF6, 0x00,
    0x00, 0x00, 0xCF, 0xF1, 0x00, 0xEF, 0xB1, 0x00, 0x00, 0x0A, 0xFF, 0xF1, 0x78, 0x88, 0x88, 0x88,
    0x50, 0x7F, 0xCB, 0xF1, 0xFF, 0xFF, 0xFF, 0xFF, 0x90, 0x0A, 0x1B, 0xF0, 0xF9, 0x8D, 0x4F, 0x2F,
    0x90, 0x00, 0x0C, 0xF0, 0xF9, 0x8D, 0x4F, 0x2F, 0x90, 0x00, 0x0F, 0xD0, 0xF9, 0x8D, 0x4F, 0x2F,
    0x90, 0x0B, 0xEF, 0x9F, 0xFF, 0xFF, 0xFF, 0xFF, 0xF7, 0x0B, 0xEB, 0x1A, 0xAA, 0xAA, 0xAA, 0xAA,
    0xA5, 0x00, 0x00, 0x00, 0x00, 0x00, 0x00, 0x00, 0x00, 0x5F, 0xFF, 0xFF, 0x7F, 0xFF, 0xFF, 0xFF,
    0x90, 0x4C, 0xDF, 0xEC, 0x6F, 0xEA, 0xAA, 0xCF, 0x90, 0x00, 0x5F, 0x70, 0x2F, 0xA0, 0x42, 0x4F,
    0x90, 0x00, 0x5F, 0x70, 0x2F, 0xA3, 0xF8, 0x4F, 0x90, 0x00, 0x5F, 0x70, 0x2F, 0xA3, 0xF8, 0x4F,
    0x90, 0x1F, 0xFF, 0xFF, 0x2F, 0xA3, 0xF8, 0x4F, 0x90, 0x1C, 0xDF, 0xEC, 0x2F, 0xA4, 0xF6, 0x4F,
    0x90, 0x00, 0x5F, 0x70, 0x2F, 0xA6, 0xF5, 0x4F, 0x90, 0x00, 0x5F, 0x70, 0x2C, 0x8A, 0xF6, 0x4C,
    0x70, 0x00, 0x5F, 0x71, 0x10, 0x0E, 0xFF, 0x30, 0x00, 0x00, 0x8F, 0xFF, 0x60, 0x9F, 0xFF, 0x30,
    0x60, 0x7F, 0xFF, 0xFC, 0x45, 0xFD, 0x9F, 0x30, 0xF7, 0x6E, 0xA5, 0x10, 0x6F, 0xF3, 0x8F, 0x42,
    0xF6, 0x00, 0x00, 0x07, 0xFF, 0x50, 0x6F, 0xFF, 0xF1, 0x00, 0x00, 0x00, 0xA2, 0x00, 0x04, 0x66,
    0x20, 0x6F, 0xFF, 0xFD, 0x8F, 0xFF, 0xFF, 0xFF, 0xE0, 0x5C, 0xEF, 0xDA, 0x8F, 0xBA, 0xFC, 0x9F,
    0xE0, 0x00, 0xAF, 0x20, 0x8F, 0x31, 0xF7, 0x0F, 0xE0, 0x00, 0xAF, 0x20, 0x8F, 0xFF, 0xFF, 0xFF,
    0xE0, 0x00, 0xAF, 0x20, 0x8F, 0xA9, 0xFC, 0x8F, 0xE0, 0x4F, 0xFF, 0xF9, 0x8F, 0x31, 0xF7, 0x0F,
    0xE0, 0x3C, 0xEF, 0xC7, 0x8F, 0xFF, 0xFF, 0xFF, 0xE0, 0x00, 0xAF, 0x20, 0x5A, 0xAC, 0xFE, 0xAA,
    0x90, 0x00, 0xAF, 0x20, 0x00, 0x04, 0xFA, 0x00, 0x00, 0x00, 0xAF, 0x21, 0x7B, 0xBC, 0xFE, 0xBB,
    0xB0, 0x00, 0xBF, 0xED, 0x9F, 0xFF, 0xFF, 0xFF, 0xF0, 0x6E, 0xFF, 0xFE, 0x00, 0x04, 0xFA, 0x00,
    0x00, 0x6F, 0xFD, 0x60, 0x00, 0x04, 0xFA, 0x00, 0x00, 0x38, 0x30, 0x0B, 0xFF, 0xFF, 0xFF, 0xFF,
    0xF9, 0x00, 0x00, 0x08, 0xBB, 0xBB, 0xBB, 0xBB, 0xB7, 0x00, 0x08, 0x71, 0x0F, 0xF0, 0x00, 0x00,
    0x00, 0x00, 0x1F, 0xF1, 0x0F, 0xF0, 0x00, 0x00, 0x00, 0x00, 0x7F, 0xB0, 0x0F, 0xF0, 0x00, 0x00,
    0x00, 0x00, 0xDF, 0xED, 0xDF, 0xFD, 0xDD, 0xDD, 0x60, 0x06, 0xFF, 0xFF, 0xFF, 0xFF, 0xFF, 0xFF,
    0x70, 0x1E, 0xF6, 0x00, 0x0F, 0xF0, 0x00, 0x00, 0x00, 0x3E, 0xD0, 0x00, 0x0F, 0xF0, 0x00, 0x00,
    0x00, 0x01, 0x30, 0x00, 0x0F, 0xF0, 0x00, 0x00, 0x00, 0x00, 0x4D, 0xDD, 0xDF, 0xFD, 0xDD, 0xDB,
    0x00, 0x00, 0x5F, 0xFF, 0xFF, 0xFF, 0xFF, 0xFD, 0x00, 0x00, 0x00, 0x00, 0x0F, 0xF0, 0x00, 0x00,
    0x00, 0x00, 0x00, 0x00, 0x0F, 0xF0, 0x00, 0x00, 0x00, 0x00, 0x00, 0x00, 0x0F, 0xF0, 0x00, 0x00,
    0x00, 0x00, 0x00, 0x00, 0x0F, 0xF0, 0x00, 0x00, 0x00, 0x2F, 0xFF, 0xFF, 0xFF, 0xFF, 0xFF, 0xFF,
    0xF4, 0x2D, 0xDD, 0xDD, 0xDD, 0xDD, 0xDD, 0xDD, 0xD3, 0x00, 0x9D, 0xDD, 0xDD, 0xDD, 0xDD, 0xDD,
    0x50, 0x00, 0xBF, 0xFF, 0xFF, 0xFF, 0xFF, 0xFF, 0x60, 0x00, 0xBF, 0x20, 0x0C, 0xF1, 0x00, 0x7F,
    0x60, 0x00, 0xBF, 0x20, 0x0C, 0xF1, 0x00, 0x7F, 0x60, 0x00, 0xBF, 0xDC, 0xCF, 0xFC, 0xCC, 0xEF,
    0x60, 0x00, 0xBF, 0xFF, 0xFF, 0xFF, 0xFF, 0xFF, 0x60, 0x00, 0xCF, 0x20, 0x0C, 0xF1, 0x00, 0x7F,
    0x60, 0x00, 0xDF, 0x10, 0x0C, 0xF1, 0x00, 0x7F, 0x60, 0x00, 0xEF, 0xDC, 0xCF, 0xFD, 0xCC, 0xEF,
    0x60, 0x00, 0xFF, 0xFF, 0xFF, 0xFF, 0xFF, 0xFF, 0x60, 0x02, 0xFC, 0x00, 0x0C, 0xF1, 0x00, 0x7F,
    0x60, 0x06, 0xF8, 0x00, 0x0C, 0xF1, 0x00, 0x7F, 0x60, 0x0D, 0xF4, 0x00, 0x0C, 0xF2, 0x00, 0x8F,
    0x60, 0x6F, 0xC0, 0x00, 0x0C, 0xF2, 0xFF, 0xFF, 0x40, 0x0A, 0x30, 0x00, 0x09, 0xB1, 0x8C, 0xB6,
    0x00, 0x00, 0x00, 0x00, 0x00, 0x00, 0x00, 0x00, 0x00, 0x00, 0x00, 0x01, 0xFE, 0x00, 0x00, 0x00,
    0x00, 0x00, 0x01, 0xFE, 0x00, 0x00, 0x00, 0x00, 0x00, 0x01, 0xFE, 0x00, 0x00, 0x00, 0x5E, 0xEE,
    0xEE, 0xFF, 0xEE, 0xEE, 0xE6, 0x6F, 0xFF, 0xFF, 0xFF, 0xFF, 0xFF, 0xF7, 0x6F, 0x80, 0x01, 0xFE,
    0x00, 0x09, 0xF7, 0x6F, 0x80, 0x01, 0xFE, 0x00, 0x09, 0xF7, 0x6F, 0x80, 0x01, 0xFE, 0x00, 0x09,
    0xF7, 0x6F, 0xED, 0xDD, 0xFF, 0xDD, 0xDF, 0xF7, 0x6F, 0xFF, 0xFF, 0xFF, 0xFF, 0xFF, 0xF7, 0x6F,
    0x80, 0x01, 0xFE, 0x00, 0x09, 0xF7, 0x6F, 0x80, 0x01, 0xFE, 0x00, 0x09, 0xF7, 0x6F, 0x80, 0x01,
    0xFE, 0x00, 0x09, 0xF7, 0x6F, 0xFD, 0xDE, 0xFF, 0xDD, 0xDF, 0xF7, 0x6F, 0xFF, 0xFF, 0xFF, 0xFF,
    0xFF, 0xF7, 0x6F, 0x80, 0x00, 0x00, 0x00, 0x08, 0xF6, 0x00, 0x00, 0x02, 0xFE, 0x00, 0x00, 0x00,
    0x00, 0x00, 0x00, 0x02, 0xFE, 0x00, 0x00, 0x00, 0x00, 0x3D, 0xDD, 0xDE, 0xFF, 0xDD, 0xDD, 0xD0,
    0x00, 0x3F, 0xFF, 0xFF, 0xFF, 0xFF, 0xFF, 0xF0, 0x00, 0x3F, 0xB0, 0x02, 0xFE, 0x00, 0x0E, 0xF0,
    0x00, 0x3F, 0xB0, 0x02, 0xFE, 0x00, 0x0E, 0xF0, 0x00, 0x3F, 0xEB, 0xBC, 0xFF, 0xBB, 0xBF, 0xF0,
    0x00, 0x3F, 0xFF, 0xFF, 0xFF, 0xFF, 0xFF, 0xF0, 0x00, 0x3F, 0xB0, 0x02, 0xFE, 0x00, 0x0E, 0xF0,
    0x00, 0x3F, 0xB0, 0x02, 0xFE, 0x00, 0x0E, 0xF0, 0x00, 0x3F, 0xFF, 0xFF, 0xFF, 0xFF, 0xFF, 0xF0,
    0x00, 0x3F, 0xFE, 0xEE, 0xFF, 0xEE, 0xEE, 0xE1, 0x00, 0x3D, 0xA0, 0x02, 0xFE, 0x00, 0x00, 0x6F,
    0x50, 0x00, 0x00, 0x01, 0xFF, 0x10, 0x00, 0xAF, 0x60, 0x00, 0x00, 0x00, 0xEF, 0xFF, 0xFF, 0xFF,
    0x10, 0x00, 0x00, 0x00, 0x4C, 0xEE, 0xEE, 0xD5, 0x00, 0xFF, 0xFF, 0xFF, 0xFF, 0xFF, 0xFF, 0xFF,
    0x00, 0xCC, 0xCC, 0xCC, 0xCC, 0xCC, 0xCC, 0xCC, 0x00, 0x00, 0x00, 0x00, 0x00, 0x00, 0x00, 0x00,
    0x00, 0x00, 0x07, 0x88, 0x88, 0x88, 0x70, 0x00, 0x00, 0x67, 0x1D, 0xFF, 0xFF, 0xFF, 0xC1, 0x87,
    0x00, 0xCF, 0x2D, 0xB0, 0xEC, 0x0D, 0xC1, 0xFC, 0x00, 0xCF, 0x2D, 0xD7, 0xFD, 0x7E, 0xC1, 0xFC,
    0x00, 0xCF, 0x2D, 0xFF, 0xFF, 0xFF, 0xC1, 0xFC, 0x00, 0xCF, 0x2D, 0xB0, 0xEC, 0x0D, 0xC1, 0xFC,
    0x00, 0xCF, 0x2D, 0xE8, 0xFE, 0x8E, 0xC1, 0xFC, 0x00, 0xCF, 0x2D, 0xFF, 0xFF, 0xFF, 0xC1, 0xFC,
    0x00, 0xCF, 0x20, 0x00, 0x00, 0x00, 0x01, 0xFC, 0x00, 0xCF, 0xDC, 0xCC, 0xCC, 0xCC, 0xCC, 0xFC,
    0x00, 0xCF, 0xFF, 0xFF, 0xFF, 0xFF, 0xFF, 0xFC, 0x00, 0x00, 0x00, 0x00, 0x00, 0x00, 0x01, 0xDB,
    0x00, 0x00, 0x68, 0x88, 0x88, 0x88, 0x88, 0x86, 0x00, 0x00, 0xAF, 0xFF, 0xFF, 0xFF, 0xFF, 0xFC,
    0x00, 0x00, 0xAF, 0x30, 0x0F, 0xF0, 0x03, 0xFC, 0x00, 0x00, 0xAF, 0x86, 0x6F, 0xF6, 0x68, 0xFC,
    0x00, 0x00, 0xAF, 0xFF, 0xFF, 0xFF, 0xFF, 0xFC, 0x00, 0x00, 0xAF, 0x30, 0x0F, 0xF0, 0x03, 0xFC,
    0x00, 0x00, 0xAF, 0xA8, 0x8F, 0xF8, 0x8A, 0xFC, 0x00, 0x00, 0xAF, 0xFF, 0xFF, 0xFF, 0xFF, 0xFC,
    0x00, 0x00, 0x01, 0xBF, 0xB0, 0x0A, 0xFC, 0x20, 0x00, 0x01, 0x7E, 0xFC, 0x00, 0x00, 0xBF, 0xF8,
    0x20, 0x3F, 0xFF, 0xCF, 0xA0, 0x06, 0xFE, 0xFF, 0xF4, 0x09, 0xA2, 0x5F, 0xA0, 0x06, 0xF8, 0x19,
    0x90, 0x00, 0x00, 0xAF, 0x70, 0x06, 0xF8, 0x00, 0x00, 0x00, 0x08, 0xFF, 0x20, 0x06, 0xF8, 0x00,
    0x00, 0x01, 0xDF, 0xF6, 0x00, 0x06, 0xF8, 0x00, 0x00, 0x00, 0x6D, 0x40, 0x00, 0x06, 0xE8, 0x00,
    0x00, 0x00, 0x00, 0x00, 0x00, 0x00, 0x00, 0x00, 0x00, 0x00, 0x00, 0x00, 0x00, 0x00, 0x00, 0x00,
    0x00, 0x04, 0xB9, 0x00, 0x00, 0x00, 0x00, 0x2B, 0xFF, 0xFD, 0x2F, 0xFF, 0xFF, 0xFE, 0x4F, 0xD6,
    0x20, 0x0A, 0xDF, 0xBA, 0xFD, 0x4F, 0x93, 0xC5, 0x00, 0xBF, 0x20, 0xFC, 0x4F, 0x91, 0xFE, 0x00,
    0xFE, 0x01, 0xFB, 0x6F, 0xDD, 0xFF, 0x59, 0xF8, 0x04, 0xF9, 0xCF, 0xFE, 0xBF, 0xFF, 0xD3, 0xFF,
    0xF6, 0x38, 0x30, 0x01, 0x6B, 0x10, 0x9A, 0x70, 0x03, 0x77, 0x77, 0x88, 0x77, 0x77, 0x50, 0x07,
    0xFF, 0xFF, 0xFF, 0xFF, 0xFF, 0xA0, 0x07, 0xF7, 0x00, 0xDF, 0x00, 0x5F, 0xA0, 0x07, 0xFF, 0xFF,
    0xFF, 0xFF, 0xFF, 0xA0, 0x07, 0xFB, 0x66, 0xEF, 0x66, 0x9F, 0xA0, 0x07, 0xF7, 0x00, 0xDF, 0x00,
    0x5F, 0xA0, 0x07, 0xFF, 0xFF, 0xFF, 0xFF, 0xFF, 0xA0, 0x07, 0xFC, 0x88, 0x88, 0x88, 0xBF, 0xA0,
    0x00, 0x00, 0x00, 0x00, 0x00, 0x00, 0x00, 0x00, 0x00, 0x00, 0x00, 0x00, 0x00, 0x00, 0x00, 0x00,
    0x00, 0x00, 0x00, 0xC9, 0x10, 0x00, 0x00, 0xEF, 0xFF, 0xFA, 0x05, 0xFE, 0x00, 0x00, 0x00, 0xED,
    0xEC, 0xEA, 0x1D, 0xFF, 0xFF, 0xF9, 0x00, 0xE7, 0xC6, 0xCA, 0xBF, 0xE9, 0x9D, 0xF7, 0x00, 0xE7,
    0xC6, 0xCF, 0xFF, 0xF3, 0x2F, 0xF1, 0x00, 0xE7, 0xC6, 0xCE, 0xF6, 0xFD, 0xDF, 0x60, 0x00, 0xEF,
    0xFF, 0xFA, 0x20, 0x7F, 0xFA, 0x00, 0x00, 0xEC, 0xEC, 0xEA, 0x05, 0xEF, 0xFF, 0x50, 0x00, 0xE7,
    0xC6, 0xCC, 0xAF, 0xFC, 0xAF, 0xFC, 0x50, 0xE7, 0xC6, 0xCF, 0xFF, 0x80, 0x06, 0xFF, 0x50, 0xE7,
    0xC6, 0xCB, 0xBF, 0xFF, 0xFF, 0xFA, 0x00, 0xEF, 0xFF, 0xFA, 0x6F, 0xCA, 0xAC, 0xF8, 0x00, 0xED,
    0xAA, 0xA7, 0x6F, 0x60, 0x04, 0xF8, 0x00, 0xE7, 0x00, 0x00, 0x6F, 0x60, 0x04, 0xF8, 0x00, 0x52,
    0x00, 0x00, 0x6F, 0xFF, 0xFF, 0xF8, 0x00, 0x00, 0x00, 0x00, 0x6F, 0xCA, 0xAC, 0xF8, 0x00, 0x00,
    0x00, 0x00, 0x01, 0x00, 0x00, 0x10, 0x00, 0x00, 0x00, 0x06, 0xDA, 0x00, 0x00, 0x00, 0x00, 0x00,
    0x0A, 0xFC, 0x00, 0x00, 0x00, 0x00, 0x00, 0x0E, 0xF6, 0x00, 0x00, 0x00, 0x0F, 0xFF, 0xFF, 0xFF,
    0xFF, 0xFF, 0xF1, 0x0F, 0xFF, 0xFF, 0xFF, 0xFF, 0xFF, 0xF1, 0x0F, 0xE0, 0x00, 0x00, 0x00, 0x0F,
    0xF1, 0x0F, 0xE0, 0x00, 0x00, 0x00, 0x0F, 0xF1, 0x0F, 0xE0, 0x00, 0x00, 0x00, 0x0F, 0xF1, 0x0F,
    0xFF, 0xFF, 0xFF, 0xFF, 0xFF, 0xF1, 0x0F, 0xFE, 0xEE, 0xEE, 0xEE, 0xEF, 0xF1, 0x0F, 0xE0, 0x00,
    0x00, 0x00, 0x0F, 0xF1, 0x0F, 0xE0, 0x00, 0x00, 0x00, 0x0F, 0xF1, 0x0F, 0xE0, 0x00, 0x00, 0x00,
    0x0F, 0xF1, 0x0F, 0xFF, 0xFF, 0xFF, 0xFF, 0xFF, 0xF1, 0x0F, 0xFE, 0xEE, 0xEE, 0xEE, 0xEF, 0xF1,
    0x0F, 0xE0, 0x00, 0x00, 0x00, 0x0F, 0xF1, 0x0F, 0xFF, 0xFF, 0xFF, 0xFF, 0xFF, 0xFF, 0xF0, 0x0D,
    0xDD, 0xDD, 0xEF, 0xFE, 0xDD, 0xDD, 0xD0, 0x00, 0x00, 0x00, 0x5F, 0xD0, 0x00, 0x00, 0x00, 0x00,
    0x00, 0x00, 0x7F, 0x90, 0x00, 0x00, 0x00, 0x00, 0x7F, 0xFF, 0xFF, 0xFF, 0xFF, 0xF9, 0x00, 0x00,
    0x7F, 0xEC, 0xCC, 0xCC, 0xCD, 0xF9, 0x00, 0x00, 0x7F, 0x70, 0x00, 0x00, 0x06, 0xF9, 0x00, 0x00,
    0x7F, 0x70, 0x00, 0x00, 0x06, 0xF9, 0x00, 0x00, 0x7F, 0xFF, 0xFF, 0xFF, 0xFF, 0xF9, 0x00, 0x00,
    0x7F, 0xDB, 0xBB, 0xBB, 0xBD, 0xF9, 0x00, 0x00, 0x7F, 0x70, 0x00, 0x00, 0x06, 0xF9, 0x00, 0x00,
    0x7F, 0x70, 0x00, 0x00, 0x06, 0xF9, 0x00, 0x00, 0x7F, 0xEC, 0xCC, 0xCC, 0xCD, 0xF9, 0x00, 0x00,
    0x7F, 0xFF, 0xFF, 0xFF, 0xFF, 0xF9, 0x00, 0x00, 0x7F, 0x70, 0x00, 0x00, 0x06, 0xF9, 0x00, 0x00,
    0x9C, 0x40, 0x00, 0xA9, 0x10, 0x00, 0x00, 0x00, 0xCF, 0x20, 0x01, 0xFF, 0x00, 0x00, 0x00, 0x00,
    0xED, 0x00, 0x05, 0xFB, 0x00, 0x00, 0x00, 0xDF, 0xFF, 0xFF, 0x2A, 0xFF, 0xFF, 0xFF, 0x10, 0xDF,
    0xAA, 0xDF, 0x6F, 0xFC, 0xCC, 0xEF, 0x10, 0xDE, 0x00, 0x8F, 0xDF, 0x60, 0x00, 0xBF, 0x00, 0xDE,
    0x00, 0x8F, 0xAD, 0x10, 0x00, 0xCF, 0x00, 0xDF, 0xAA, 0xDF, 0x23, 0xE9, 0x00, 0xCF, 0x00, 0xDF,
    0xFF, 0xFF, 0x20, 0xDF, 0x40, 0xDE, 0x00, 0xDE, 0x00, 0x8F, 0x20, 0x3F, 0xD0, 0xEE, 0x00, 0xDE,
    0x00, 0x8F, 0x20, 0x0B, 0xE2, 0xFD, 0x00, 0xDE, 0x00, 0x8F, 0x20, 0x01, 0x10, 0xFB, 0x00, 0xDF,
    0xAA, 0xDF, 0x20, 0x00, 0x03, 0xFA, 0x00, 0xDF, 0xFF, 0xFF, 0x20, 0x00, 0x09, 0xF7, 0x00, 0xDE,
    0x00, 0x00, 0x00, 0x6F, 0xFF, 0xF2, 0x00, 0x55, 0x00, 0x00, 0x00, 0x1C, 0xCB, 0x50, 0x00, 0x00,
    0x01, 0xAA, 0x00, 0x00, 0xAB, 0x20, 0x00, 0x00, 0x00, 0xEF, 0x20, 0x01, 0xFE, 0x00, 0x00, 0x02,
    0x77, 0xCF, 0x97, 0x7A, 0xFC, 0x77, 0x10, 0x04, 0xFF, 0xFF, 0xFF, 0xFF, 0xFF, 0xFF, 0x30, 0x00,
    0x37, 0x77, 0x7F, 0xF7, 0x77, 0x73, 0x00, 0x00, 0x6F, 0xFF, 0xFF, 0xFF, 0xFF, 0xF6, 0x00, 0x00,
    0x00, 0x00, 0x0F, 0xF0, 0x00, 0x00, 0x00, 0x07, 0x77, 0x77, 0x7F, 0xF7, 0x77, 0x77, 0x70, 0x0F,
    0xFF, 0xFF, 0xFF, 0xFF, 0xFF, 0xFF, 0xF0, 0x00, 0x00, 0x00, 0x00, 0x00, 0x00, 0x00, 0x00, 0x00,
    0xAF, 0xFF, 0xFF, 0xFF, 0xFF, 0xFB, 0x00, 0x00, 0xAF, 0xAC, 0xFB, 0xBF, 0xCA, 0xFB, 0x00, 0x00,
    0xAF, 0x27, 0xF4, 0x4F, 0x62, 0xFB, 0x00, 0x00, 0xAF, 0x27, 0xF4, 0x4F, 0x62, 0xFB, 0x00, 0x5F,
    0xFF, 0xFF, 0xFF, 0xFF, 0xFF, 0xFF, 0xF5, 0x3A, 0xAA, 0xAA, 0xAA, 0xAA, 0xAA, 0xAA, 0xA3, 0xBF,
    0xFF, 0xFF, 0xFF, 0xFF, 0xFA, 0xBF, 0xED, 0xDD, 0xDD, 0xDE, 0xFA, 0xBF, 0x20, 0x00, 0x00, 0x06,
    0xFA, 0xBF, 0x20, 0x00, 0x00, 0x06, 0xFA, 0xBF, 0xFF, 0xFF, 0xFF, 0xFF, 0xFA, 0xBF, 0xDD, 0xDD,
    0xDD, 0xDE, 0xFA, 0xBF, 0x20, 0x00, 0x00, 0x06, 0xFA, 0xBF, 0x20, 0x00, 0x00, 0x06, 0xFA, 0xBF,
    0xFF, 0xFF, 0xFF, 0xFF, 0xFA, 0xBF, 0xDD, 0xDD, 0xDD, 0xDE, 0xFA, 0xBF, 0x20, 0x00, 0x00, 0x06,
    0xFA, 0xBF, 0x20, 0x00, 0x00, 0x06, 0xFA, 0xBF, 0xFF, 0xFF, 0xFF, 0xFF, 0xFA, 0xBF, 0xED, 0xDD,
    0xDD, 0xDE, 0xFA, 0xAD, 0x20, 0x00, 0x00, 0x05, 0xD9, 0x00, 0x00, 0x00, 0x00, 0x00, 0x00, 0x00,
    0x00, 0x00, 0x00, 0x00, 0x1F, 0xD0, 0x00, 0x00, 0x00, 0x0A, 0xBB, 0xBB, 0xBF, 0xFB, 0xBB, 0xBB,
    0xA0, 0x0E, 0xFF, 0xFF, 0xFF, 0xFF, 0xFF, 0xFF, 0xE0, 0x00, 0x00, 0x00, 0x6F, 0x70, 0x00, 0x00,
    0x00, 0x00, 0x3F, 0xFF, 0xFF, 0xFF, 0xFF, 0xF4, 0x00, 0x00, 0x3F, 0xD9, 0x99, 0x99, 0x9D, 0xF4,
    0x00, 0x00, 0x3F, 0xC6, 0x66, 0x66, 0x6C, 0xF4, 0x00, 0x00, 0x3F, 0xFF, 0xFF, 0xFF, 0xFF, 0xF4,
    0x00, 0x00, 0x3F, 0x90, 0x00, 0x00, 0x0A, 0xF4, 0x00, 0x00, 0x3F, 0xFF, 0xFF, 0xFF, 0xFF, 0xF4,
    0x00, 0x00, 0x3F, 0xC6, 0x66, 0x66, 0x6C, 0xF4, 0x00, 0x00, 0x3F, 0xFF, 0xFF, 0xFF, 0xFF, 0xF4,
    0x00, 0x00, 0x3F, 0xC6, 0x66, 0x66, 0x6C, 0xF4, 0x00, 0x00, 0x3F, 0x90, 0x00, 0x00, 0x0A, 0xF4,
    0x00, 0x5F, 0xFF, 0xFF, 0xFF, 0xFF, 0xFF, 0xFF, 0xF5, 0x3B, 0xBB, 0xBB, 0xBB, 0xBB, 0xBB, 0xBB,
    0xB4, 0x00, 0x0F, 0xD0, 0x00, 0x00, 0x00, 0x00, 0x00, 0x00, 0x0F, 0xD0, 0x08, 0xFF, 0xFF, 0xFF,
    0xF0, 0x00, 0x0F, 0xD0, 0x08, 0xFE, 0xDD, 0xDF, 0xF0, 0x00, 0x0F, 0xD0, 0x08, 0xF4, 0x00, 0x0F,
    0xF0, 0x4F, 0xFF, 0xFF, 0xD8, 0xF4, 0x00, 0x0F, 0xF0, 0x3C, 0xDF, 0xFC, 0xB8, 0xFF, 0xFF, 0xFF,
    0xF0, 0x00, 0x7F, 0xE0, 0x08, 0xFD, 0xBB, 0xBF, 0xF0, 0x00, 0xDF, 0xF8, 0x08, 0xF4, 0x00, 0x0F,
    0xF0, 0x03, 0xFF, 0xFF, 0x68, 0xF4, 0x00, 0x0F, 0xF0, 0x0C, 0xEF, 0xDC, 0xE9, 0xFF, 0xFF, 0xFF,
    0xF0, 0x5F, 0x8F, 0xD3, 0x48, 0xFC, 0xBB, 0xBF, 0xF0, 0x8F, 0x1F, 0xD0, 0x08, 0xF4, 0x00, 0x0F,
    0xF0, 0x17, 0x0F, 0xD0, 0x08, 0xF4, 0x00, 0x0F, 0xF0, 0x00, 0x0F, 0xD0, 0x08, 0xFF, 0xFF, 0xFF,
    0xF0, 0x00, 0x0F, 0xD0, 0x08, 0xFD, 0xBB, 0xBF, 0xF0, 0x00, 0x0F, 0xD0, 0x07, 0xC3, 0x00, 0x0A,
    0xA0, 0x00, 0x66, 0x67, 0x78, 0x89, 0xAC, 0xE7, 0x00, 0x00, 0xFF, 0xFF, 0xFF, 0xED, 0xCA, 0x86,
    0x00, 0x00, 0x00, 0x00, 0xFF, 0x10, 0x00, 0x00, 0x00, 0x00, 0xFF, 0xFF, 0xFF, 0xFF, 0xFF, 0xFF,
    0x30, 0x00, 0x77, 0x7D, 0xFA, 0x77, 0x77, 0x77, 0x10, 0x18, 0x88, 0x8E, 0xFA, 0x88, 0x88, 0x88,
    0x81, 0x2F, 0xFF, 0xFF, 0xFF, 0xFF, 0xFF, 0xFF, 0xF2, 0x00, 0x02, 0xFF, 0x96, 0x66, 0x66, 0x64,
    0x00, 0x00, 0x1D, 0xFF, 0xFF, 0xFF, 0xFF, 0xF9, 0x00, 0x02, 0xCF, 0xFE, 0x22, 0x22, 0x27, 0xF9,
    0x00, 0x4F, 0xFC, 0xFF, 0xFF, 0xFF, 0xFF, 0xF9, 0x00, 0x2F, 0xA0, 0xEE, 0x22, 0x22, 0x27, 0xF9,
    0x00, 0x02, 0x00, 0xEF, 0xFF, 0xFF, 0xFF, 0xF9, 0x00, 0x00, 0x00, 0xED, 0x00, 0x00, 0x04, 0xF9,
    0x00, 0x00, 0x00, 0xEF, 0xFF, 0xFF, 0xFF, 0xF9, 0x00, 0x00, 0x00, 0xEE, 0x77, 0x77, 0x7A, 0xF9,
    0x00, 0x00, 0x00, 0x00, 0x00, 0x00, 0x00, 0x00, 0x00, 0x0F, 0xFF, 0xFE, 0x3F, 0xFF, 0xFF, 0xFF,
    0xC0, 0x0F, 0xEA, 0xFE, 0x3F, 0xEB, 0xBB, 0xCF, 0xC0, 0x0F, 0xB0, 0xEE, 0x3F, 0x90, 0x00, 0x1F,
    0xC0, 0x0F, 0xE9, 0xFE, 0x3F, 0xEB, 0xBB, 0xCF, 0xC0, 0x0F, 0xFF, 0xFE, 0x3F, 0xFF, 0xFF, 0xFF,
    0xC0, 0x0F, 0xB0, 0xEE, 0x3F, 0x90, 0x9F, 0x40, 0x00, 0x0F, 0xB0, 0xEE, 0x3F, 0x90, 0x8F, 0x40,
    0x00, 0x0F, 0xFF, 0xFE, 0x3F, 0xFF, 0xFF, 0xFF, 0xF5, 0x0F, 0xE9, 0xFE, 0x3F, 0xEC, 0xDF, 0xEC,
    0xC4, 0x0F, 0xB0, 0xEE, 0x3F, 0x90, 0x3F, 0x90, 0x00, 0x0F, 0xEA, 0xFE, 0x3F, 0x90, 0x1F, 0xB0,
    0x00, 0x0F, 0xFF, 0xFE, 0x3F, 0x90, 0x0E, 0xF0, 0xC5, 0x0F, 0xB0, 0x00, 0x7F, 0xDC, 0xD9, 0xF5,
    0xF8, 0x08, 0x50, 0x01, 0xFF, 0xFF, 0xC2, 0xFF, 0xF5, 0x00, 0x00, 0x00, 0xAA, 0x61, 0x00, 0x4B,
    0x90, 0x00, 0x00, 0x00, 0x00, 0x00, 0x00, 0x00, 0x00, 0x00, 0x00, 0x00, 0x00, 0x00, 0x00, 0x00,
    0x00, 0x00, 0x01, 0xBC, 0x00, 0x00, 0xAB, 0x30, 0x00, 0x00, 0x00, 0xDF, 0x50, 0x03, 0xFE, 0x10,
    0x00, 0x05, 0xFF, 0xFF, 0xFF, 0xFF, 0xFF, 0xFF, 0x70, 0x02, 0x77, 0x77, 0xCF, 0xB7, 0x77, 0x77,
    0x30, 0x00, 0x9F, 0xFF, 0xFF, 0xFF, 0xFF, 0xF9, 0x00, 0x00, 0x36, 0x6A, 0xFC, 0x66, 0x66, 0x64,
    0x00, 0x07, 0x77, 0x7C, 0xFC, 0x77, 0x77, 0x77, 0x70, 0x1F, 0xFF, 0xFF, 0xFF, 0xFF, 0xFF, 0xFF,
    0xF1, 0x00, 0x02, 0xFF, 0xA5, 0x55, 0x55, 0x54, 0x00, 0x00, 0x1E, 0xFF, 0xFF, 0xFF, 0xFF, 0xFB,
    0x00, 0x03, 0xDF, 0xFF, 0x76, 0x66, 0x69, 0xFB, 0x00, 0x5F, 0xFC, 0xDF, 0xAA, 0xAA, 0xAB, 0xFB,
    0x00, 0x1D, 0xA0, 0xCF, 0xBA, 0xAA, 0xAC, 0xFB, 0x00, 0x01, 0x00, 0xCF, 0x76, 0x66, 0x69, 0xFB,
    0x00, 0x00, 0x00, 0xCF, 0xFF, 0xFF, 0xFF, 0xFB, 0x00, 0x00, 0x00, 0xBE, 0x65, 0x55, 0x58, 0xEA,
    0x00, 0x00, 0x00, 0x00, 0x00, 0x00, 0x00, 0x00, 0x00, 0x01, 0xE9, 0x00, 0x00, 0x00, 0x00, 0x00,
    0x00, 0x05, 0xFA, 0x00, 0x00, 0x5C, 0xCC, 0xCC, 0x80, 0x09, 0xFE, 0xCC, 0xC9, 0x6F, 0xFF, 0xFF,
    0xB0, 0x0F, 0xFF, 0xFF, 0xFB, 0x6F, 0x60, 0x3F, 0xB0, 0x7F, 0xB6, 0xF7, 0x00, 0x6F, 0x60, 0x3F,
    0xB0, 0x4F, 0x56, 0xF7, 0x00, 0x6F, 0x60, 0x3F, 0xB0, 0x02, 0x06, 0xF7, 0x00, 0x6F, 0x60, 0x3F,
    0xB0, 0x6F, 0xFF, 0xFF, 0xFF, 0x8F, 0x60, 0x3F, 0xB0, 0x5C, 0xCE, 0xFE, 0xCC, 0x8F, 0x60, 0x3F,
    0xB0, 0x00, 0x0B, 0xF6, 0x00, 0x6F, 0x60, 0x3F, 0xB0, 0x00, 0x0F, 0xFF, 0x40, 0x6F, 0x60, 0x3F,
    0xB0, 0x00, 0x6F, 0xCF, 0xF3, 0x6F, 0x60, 0x3F, 0xB0, 0x01, 0xEF, 0x36, 0xFE, 0x8F, 0xEC, 0xDF,
    0xB0, 0x1D, 0xFB, 0x00, 0xAB, 0x6F, 0xFF, 0xFF, 0xB0, 0x5F, 0xD1, 0x00, 0x11, 0x6F, 0x60, 0x3F,
    0xB0, 0x07, 0x20, 0x00, 0x00, 0x26, 0x20, 0x01, 0x10, 0x00, 0x00, 0x00, 0x00, 0x00, 0x00, 0x00,
    0x00, 0x4F, 0xFF, 0xFF, 0x7F, 0xFF, 0xFF, 0xFF, 0x00, 0x3B, 0xEF, 0xCB, 0x5B, 0xBB, 0xBB, 0xFE,
    0x00, 0x00, 0xCF, 0x00, 0x02, 0x83, 0x00, 0xFD, 0x00, 0x01, 0xFB, 0x00, 0x04, 0xF7, 0x02, 0xFB,
    0x00, 0x05, 0xF7, 0x00, 0x06, 0xF6, 0x03, 0xF9, 0x00, 0x0B, 0xFF, 0xFF, 0x17, 0xF4, 0x05, 0xF8,
    0x00, 0x4F, 0xFC, 0xDF, 0x19, 0xFB, 0x9C, 0xFC, 0x91, 0x9F, 0xF4, 0x8F, 0x1B, 0xFF, 0xFF, 0xFF,
    0xF1, 0x4F, 0xF4, 0x8F, 0x10, 0x00, 0x00, 0x0C, 0xF0, 0x08, 0xF4, 0x8F, 0x10, 0x00, 0x00, 0x0E,
    0xF0, 0x05, 0xF4, 0x8F, 0x6F, 0xFF, 0xFF, 0x6F, 0xD0, 0x05, 0xFF, 0xFF, 0x5B, 0xBB, 0xBB, 0x6F,
    0xB0, 0x05, 0xFC, 0xAA, 0x10, 0x00, 0x00, 0x6F, 0x80, 0x05, 0xF4, 0x00, 0x00, 0x00, 0x7A, 0xEF,
    0x40, 0x01, 0x41, 0x00, 0x00, 0x00, 0x7F, 0xF9, 0x00, 0x00, 0x00, 0x00, 0x00, 0x00, 0x00, 0x00,
    0x00, 0x6F, 0xFF, 0xFF, 0xAF, 0xFF, 0xFF, 0xFF, 0xF5, 0x5B, 0xEF, 0xCB, 0x7B, 0xBB, 0xFF, 0xBB,
    0xB4, 0x00, 0xCF, 0x00, 0x06, 0x66, 0xFE, 0x66, 0x60, 0x01, 0xFC, 0x00, 0x1F, 0xFF, 0xFF, 0xFF,
    0xF0, 0x05, 0xF8, 0x00, 0x1F, 0x90, 0xFD, 0x0B, 0xF0, 0x0C, 0xFF, 0xFF, 0x6F, 0xFF, 0xFF, 0xFF,
    0xF0, 0x4F, 0xFC, 0xCF, 0x6F, 0xB5, 0xFE, 0x5D, 0xF0, 0x8F, 0xF3, 0x4F, 0x6F, 0xC6, 0xFE, 0x6D,
    0xF0, 0x4F, 0xF3, 0x4F, 0x6F, 0xFF, 0xFF, 0xFF, 0xF0, 0x1B, 0xF3, 0x4F, 0x55, 0x43, 0xFA, 0x00,
    0x00, 0x05, 0xF3, 0x4F, 0x5E, 0xE7, 0xF7, 0x00, 0x00, 0x05, 0xFB, 0xCF, 0x47, 0xFF, 0xF2, 0x00,
    0x00, 0x05, 0xFF, 0xFF, 0x42, 0xEF, 0xF8, 0x30, 0x00, 0x05, 0xF3, 0x00, 0xAF, 0xFB, 0xEF, 0xFF,
    0xC4, 0x01, 0x30, 0x00, 0x6C, 0x50, 0x05, 0xAD, 0xD0, 0x00, 0x00, 0x00, 0x00, 0x00, 0x00, 0x00,
    0x00, 0x00, 0x00, 0x00, 0x00, 0xAA, 0x00, 0x00, 0x00, 0x4F, 0xFF, 0xFF, 0x53, 0xFE, 0x88, 0x82,
    0x00, 0x3B, 0xEF, 0xCB, 0x4B, 0xFF, 0xFF, 0xFB, 0x00, 0x00, 0xCF, 0x00, 0x7F, 0xA0, 0x0E, 0xF2,
    0x00, 0x00, 0xFB, 0x05, 0xFF, 0xB9, 0xBF, 0xD9, 0x90, 0x05, 0xF7, 0x02, 0xEF, 0xFF, 0xFF, 0xFF,
    0xF0, 0x0B, 0xFF, 0xFF, 0x1F, 0xB0, 0xEB, 0x0C, 0xF0, 0x4F, 0xFC, 0xDF, 0x0F, 0xD7, 0xFD, 0x7E,
    0xF0, 0x8F, 0xF4, 0x9F, 0x0F, 0xFF, 0xFF, 0xFF, 0xF0, 0x4F, 0xF4, 0x9F, 0x1F, 0xB0, 0xEB, 0x0C,
    0xF0, 0x09, 0xF4, 0x9F, 0x2F, 0xE9, 0xFE, 0x9E, 0xF0, 0x04, 0xF4, 0x9F, 0x3F, 0xFF, 0xFF, 0xFF,
    0xF0, 0x04, 0xFC, 0xDF, 0x7F, 0x50, 0xEB, 0x0C, 0xF0, 0x04, 0xFF, 0xFF, 0xCF, 0x10, 0xEC, 0x0D,
    0xF0, 0x04, 0xF4, 0x05, 0xFB, 0x00, 0xEC, 0xEF, 0xE0, 0x01, 0x31, 0x00, 0x82, 0x00, 0x00, 0x79,
    0x30, 0x00, 0x9E, 0xEE, 0xEE, 0xEE, 0xEE, 0xE9, 0x00, 0x00, 0xAF, 0xFF, 0xFF, 0xFF, 0xFF, 0xFA,
    0x00, 0x00, 0x00, 0x00, 0x00, 0x00, 0x00, 0x00, 0x00, 0x00, 0x00, 0x00, 0x00, 0x00, 0x00, 0x00,
    0x00, 0x2E, 0xEE, 0xEE, 0xEE, 0xEE, 0xEE, 0xEE, 0xE2, 0x2F, 0xFF, 0xFF, 0xFF, 0xFF, 0xFF, 0xFF,
    0xF2, 0x00, 0x00, 0x00, 0x0F, 0xF1, 0x00, 0x00, 0x00, 0x00, 0x08, 0x40, 0x0F, 0xF1, 0x04, 0x70,
    0x00, 0x00, 0x5F, 0xE0, 0x0F, 0xF1, 0x1F, 0xF3, 0x00, 0x00, 0xCF, 0x70, 0x0F, 0xF1, 0x08, 0xFC,
    0x00, 0x05, 0xFF, 0x10, 0x0F, 0xF1, 0x01, 0xFF, 0x40, 0x2F, 0xF8, 0x00, 0x0F, 0xF1, 0x00, 0x9F,
    0xB0, 0x4F, 0xD0, 0x00, 0x1F, 0xF1, 0x00, 0x2F, 0xE1, 0x01, 0x20, 0x9F, 0xFF, 0xF0, 0x00, 0x05,
    0x00, 0x00, 0x00, 0x3F, 0xFC, 0x50, 0x00, 0x00, 0x00, 0x00, 0x00, 0x00, 0x00, 0x00, 0x00, 0x00,
    0x00, 0x00, 0x5E, 0x50, 0x00, 0x00, 0xEE, 0x00, 0x00, 0x00, 0x2E, 0xE0, 0x00, 0x00, 0xEF, 0x00,
    0x00, 0x3B, 0xBE, 0xCB, 0x40, 0x00, 0xEF, 0x00, 0x00, 0x4F, 0xFF, 0xFF, 0x80, 0x00, 0xEF, 0x00,
    0x00, 0x00, 0x00, 0xDF, 0x20, 0x00, 0xEF, 0x00, 0x00, 0x00, 0x05, 0xFB, 0x1D, 0xDD, 0xFF, 0xDD,
    0xD1, 0x00, 0x1E, 0xF3, 0x1F, 0xFF, 0xFF, 0xFF, 0xF1, 0x01, 0xDF, 0xF6, 0x00, 0x00, 0xEF, 0x00,
    0x00, 0x3D, 0xFF, 0xFF, 0x60, 0x00, 0xEF, 0x00, 0x00, 0x8F, 0xDF, 0xCE, 0xB0, 0x00, 0xEF, 0x00,
    0x00, 0x28, 0x3F, 0xA4, 0x10, 0x00, 0xEF, 0x00, 0x00, 0x00, 0x2F, 0xA0, 0x00, 0x00, 0xEF, 0x00,
    0x00, 0x00, 0x2F, 0xA0, 0x00, 0x00, 0xEF, 0x00, 0x00, 0x00, 0x2F, 0xA0, 0xAD, 0xDD, 0xFF, 0xED,
    0xD6, 0x00, 0x2F, 0xA0, 0xCF, 0xFF, 0xFF, 0xFF, 0xF7, 0x00, 0x2B, 0x80, 0x00, 0x00, 0x00, 0x00,
    0x00, 0x00, 0x02, 0x7B, 0x10, 0x00, 0xEF, 0x00, 0x00, 0x3C, 0xFF, 0xFF, 0x90, 0x00, 0xEF, 0x00,
    0x00, 0x0D, 0xBF, 0xE5, 0x00, 0x00, 0xEF, 0x00, 0x00, 0x00, 0x1F, 0xC0, 0x1D, 0xDD, 0xFF, 0xDD,
    0xD3, 0x00, 0x1F, 0xC0, 0x1F, 0xFF, 0xFF, 0xFF, 0xF3, 0x7F, 0xFF, 0xFF, 0xAF, 0xB0, 0xEF, 0x0A,
    0xF3, 0x5C, 0xDF, 0xFC, 0x8F, 0xB0, 0xEF, 0x0A, 0xF3, 0x00, 0xAF, 0xF2, 0x1F, 0xB0, 0xEF, 0x0A,
    0xF3, 0x00, 0xFF, 0xFD, 0x2F, 0xB0, 0xEF, 0x0A, 0xF3, 0x07, 0xFF, 0xFF, 0xBF, 0xFF, 0xFF, 0xFF,
    0xF3, 0x1F, 0xDF, 0xCB, 0x6F, 0xFD, 0xFF, 0xDF, 0xF3, 0x9F, 0x6F, 0xC0, 0x1D, 0x90, 0xEF, 0x07,
    0xB2, 0x4B, 0x1F, 0xC0, 0x00, 0x00, 0xEF, 0x00, 0x00, 0x01, 0x1F, 0xC0, 0x00, 0x00, 0xEF, 0x00,
    0x00, 0x00, 0x1F, 0xC0, 0x00, 0x00, 0xEF, 0x00, 0x00, 0x00, 0x1F, 0xC0, 0x00, 0x00, 0xEF, 0x00,
    0x00, 0x00, 0x00, 0x00, 0x00, 0x00, 0x00, 0x00, 0x00, 0x00, 0x00, 0x00, 0x00, 0x00, 0x00, 0x00,
    0x00, 0x00, 0x04, 0xAA, 0x00, 0x07, 0xE7, 0x00, 0x00, 0x1C, 0xFF, 0xFE, 0x30, 0x6F, 0xFA, 0x89,
    0x30, 0x0B, 0xBF, 0xA0, 0x1B, 0xFF, 0xFF, 0xFF, 0x80, 0x00, 0x2F, 0x90, 0xDF, 0xD3, 0x03, 0xFE,
    0x10, 0x00, 0x2F, 0x90, 0x4B, 0x8F, 0x7E, 0xF6, 0x00, 0x7F, 0xFF, 0xFF, 0x60, 0x4F, 0xFF, 0x60,
    0x00, 0x5C, 0xFF, 0xEC, 0x89, 0xEF, 0xFC, 0x30, 0x00, 0x00, 0xEF, 0xD0, 0x9F, 0xFA, 0xFF, 0x50,
    0x00, 0x04, 0xFF, 0xFB, 0x16, 0x2C, 0xFF, 0xFF, 0xE4, 0x0A, 0xFF, 0xEF, 0x52, 0xCF, 0xC9, 0xAF,
    0xF1, 0x3F, 0xAF, 0x9A, 0x7F, 0xFA, 0x30, 0x9F, 0x90, 0x9F, 0x4F, 0x90, 0x2D, 0x5C, 0xFB, 0xFE,
    0x10, 0x39, 0x2F, 0x90, 0x00, 0x02, 0xFF, 0xE2, 0x00, 0x00, 0x2F, 0x90, 0x00, 0x6E, 0xFE, 0x30,
    0x00, 0x00, 0x2F, 0x90, 0xBF, 0xFF, 0x80, 0x00, 0x00, 0x00, 0x2F, 0x90, 0x8D, 0x71, 0x00, 0x00,
    0x00, 0x00, 0x00, 0x00, 0x00, 0x00, 0x00, 0x00, 0x00, 0x00, 0x00, 0x35, 0x00, 0x00, 0x00, 0x00,
    0x00, 0x15, 0x8D, 0xFF, 0x5A, 0xFF, 0xFF, 0xFF, 0xB0, 0x5F, 0xFF, 0xE6, 0x1A, 0xFA, 0x99, 0xAF,
    0xB0, 0x05, 0x3F, 0xC0, 0x0A, 0xF1, 0x00, 0x2F, 0xB0, 0x00, 0x0F, 0xC0, 0x0A, 0xF1, 0x00, 0x2F,
    0xB0, 0x5F, 0xFF, 0xFF, 0x8A, 0xFF, 0xFF, 0xFF, 0xB0, 0x4C, 0xDF, 0xFC, 0x66, 0x99, 0x99, 0x99,
    0x70, 0x00, 0xAF, 0xF3, 0x1A, 0xAA, 0xAA, 0xAA, 0xA1, 0x02, 0xFF, 0xFF, 0x6F, 0xFF, 0xFF, 0xFF,
    0xF2, 0x0A, 0xFF, 0xDE, 0xA0, 0x00, 0xFE, 0x00, 0x00, 0x5F, 0x9F, 0xC5, 0x17, 0x99, 0xFF, 0x99,
    0x70, 0x7F, 0x2F, 0xC0, 0x0C, 0xFF, 0xFF, 0xFF, 0xC0, 0x08, 0x0F, 0xC0, 0x00, 0x00, 0xFE, 0x00,
    0x00, 0x00, 0x0F, 0xC0, 0x00, 0x00, 0xFE, 0x00, 0x00, 0x00, 0x0F, 0xC0, 0xCF, 0xFF, 0xFF, 0xFF,
    0xF7, 0x00, 0x0F, 0xC0, 0x8A, 0xAA, 0xAA, 0xAA, 0xA5, 0x00, 0x00, 0x00, 0x00, 0x00, 0x00, 0x00,
    0x00, 0x00, 0x00, 0x00, 0x00, 0x00, 0x00, 0x00, 0x00, 0x00, 0x00, 0x00, 0x4D, 0xB0, 0x00, 0x00,
    0x00, 0x00, 0x00, 0x00, 0x3F, 0xF2, 0x00, 0x00, 0x00, 0x0F, 0xFF, 0xFF, 0xFF, 0xFF, 0xFF, 0xFF,
    0xF0, 0x0F, 0xFB, 0xBB, 0xBB, 0xBB, 0xBB, 0xBF, 0xF0, 0x0F, 0xD0, 0x02, 0x20, 0x03, 0x30, 0x0F,
    0xF0, 0x0F, 0xD0, 0x7F, 0xE1, 0x1E, 0xFA, 0x2A, 0xB0, 0x00, 0x6D, 0xFE, 0x40, 0x05, 0xEF, 0xF9,
    0x10, 0x0A, 0xFF, 0x91, 0x00, 0x00, 0x19, 0xFF, 0xA0, 0x03, 0xFD, 0xBB, 0xBB, 0xBB, 0xBB, 0xFC,
    0x10, 0x00, 0x1E, 0xFF, 0xFF, 0xFF, 0xFF, 0xF0, 0x00, 0x00, 0x00, 0x00, 0x1F, 0xF0, 0x00, 0x00,
    0x00, 0x00, 0x00, 0x00, 0x1F, 0xF0, 0x00, 0x00, 0x00, 0x00, 0x00, 0x00, 0x1F, 0xF0, 0x00, 0x00,
    0x00, 0x0A, 0xBB, 0xBB, 0xCF, 0xFB, 0xBB, 0xBB, 0xB0, 0x0E, 0xFF, 0xFF, 0xFF, 0xFF, 0xFF, 0xFF,
    0xF0, 0x00, 0x00, 0x00, 0x00, 0x10, 0x00, 0x00, 0x00, 0x00, 0x00, 0x00, 0x3E, 0xE0, 0x00, 0x00,
    0x00, 0x0A, 0xAA, 0xAA, 0xAF, 0xFC, 0xAA, 0xAA, 0xA0, 0x0F, 0xFF, 0xFF, 0xFF, 0xFF, 0xFF, 0xFF,
    0xE0, 0x0F, 0xF0, 0x07, 0x40, 0x03, 0x70, 0x1F, 0xE0, 0x0F, 0xF1, 0xBF, 0xC0, 0x0D, 0xFE, 0x6B,
    0xA0, 0x01, 0x8F, 0xFA, 0x00, 0x01, 0x9F, 0xFB, 0x10, 0x01, 0xEE, 0x60, 0x0B, 0xA1, 0x84, 0xDD,
    0x00, 0x00, 0x31, 0x00, 0x2F, 0xD4, 0xFC, 0x11, 0x00, 0x00, 0x00, 0x00, 0x3F, 0xC0, 0x9F, 0x40,
    0x00, 0x2F, 0xFF, 0xFF, 0xFF, 0xFF, 0xFF, 0xFF, 0xF2, 0x1B, 0xBB, 0xBB, 0xFF, 0xFD, 0xBB, 0xBB,
    0xB1, 0x00, 0x00, 0x04, 0xFF, 0xFD, 0x00, 0x00, 0x00, 0x00, 0x00, 0x4F, 0xF7, 0x7F, 0xD2, 0x00,
    0x00, 0x01, 0x5C, 0xFF, 0xA0, 0x0A, 0xFF, 0xA5, 0x20, 0x1E, 0xFF, 0xE6, 0x00, 0x00, 0x7E, 0xFF,
    0xF3, 0x07, 0xA5, 0x00, 0x00, 0x00, 0x00, 0x6A, 0x90, 0x00, 0x00, 0x00, 0x00, 0x10, 0x00, 0x00,
    0x00, 0x00, 0x00, 0x00, 0x4E, 0xC0, 0x00, 0x00, 0x00, 0x07, 0x77, 0x77, 0x9F, 0xF8, 0x77, 0x77,
    0x70, 0x0F, 0xFF, 0xFF, 0xFF, 0xFF, 0xFF, 0xFF, 0xF0, 0x0F, 0xF0, 0x17, 0x30, 0x05, 0x61, 0x0F,
    0xF0, 0x07, 0x98, 0xFF, 0xA0, 0x0C, 0xFF, 0xB9, 0x40, 0x08, 0xFF, 0xCD, 0x60, 0x00, 0x39, 0xFF,
    0x60, 0x01, 0x93, 0x6F, 0xE1, 0x00, 0x00, 0x17, 0x00, 0x00, 0x02, 0xFF, 0xFF, 0xFF, 0xFF, 0xFF,
    0xF0, 0x00, 0x1D, 0xFB, 0xDF, 0xB9, 0x99, 0x99, 0x90, 0x02, 0xDF, 0xC0, 0x9F, 0x60, 0x00, 0x00,
    0x00, 0x0D, 0xFE, 0x10, 0x9F, 0xFF, 0xFF, 0xFF, 0x00, 0x02, 0xB1, 0x00, 0x9F, 0xB8, 0x88, 0x88,
    0x00, 0x00, 0x00, 0x00, 0x9F, 0xB8, 0x88, 0x88, 0x20, 0x00, 0x00, 0x00, 0x9F, 0xFF, 0xFF, 0xFF,
    0x40, 0x00, 0x00, 0x00, 0x9F, 0x60, 0x00, 0x00, 0x00, 0x00, 0x00, 0x00, 0x9F, 0x60, 0x00, 0x00,
    0x00, 0x00, 0x00, 0x00, 0x00, 0x00, 0x00, 0x00, 0x00, 0x00, 0x00, 0x00, 0x5E, 0xA0, 0x00, 0x00,
    0x00, 0x00, 0x00, 0x00, 0x2F, 0xF0, 0x00, 0x00, 0x00, 0x00, 0x00, 0x00, 0x0E, 0xC1, 0x00, 0x00,
    0x00, 0x08, 0xEE, 0xEE, 0xEF, 0xEE, 0xEE, 0xEE, 0x90, 0x09, 0xFF, 0xFF, 0xFF, 0xFF, 0xFF, 0xFF,
    0x90, 0x00, 0x00, 0x43, 0x00, 0x00, 0x24, 0x10, 0x00, 0x00, 0x07, 0xF9, 0x00, 0x00, 0x9F, 0xA0,
    0x00, 0x00, 0x03, 0xFD, 0x00, 0x00, 0xCF, 0x60, 0x00, 0x00, 0x00, 0xFF, 0x10, 0x00, 0xFF, 0x10,
    0x00, 0x00, 0x00, 0xCF, 0x50, 0x04, 0xFD, 0x00, 0x00, 0x00, 0x00, 0x9F, 0x80, 0x08, 0xF8, 0x00,
    0x00, 0x00, 0x00, 0x6F, 0xB0, 0x0D, 0xF2, 0x00, 0x00, 0x00, 0x00, 0x27, 0x20, 0x3F, 0xD0, 0x00,
    0x00, 0x4E, 0xEE, 0xEE, 0xEE, 0xFF, 0xFE, 0xEE, 0xE4, 0x4F, 0xFF, 0xFF, 0xFF, 0xFF, 0xFF, 0xFF,
    0xF4, 0x00, 0x00, 0x00, 0x1A, 0xB0, 0x00, 0x00, 0x00, 0x02, 0x88, 0x88, 0x8F, 0xF9, 0x88, 0x88,
    0x20, 0x04, 0xFF, 0xFF, 0xFF, 0xFF, 0xFF, 0xFF, 0x40, 0x00, 0x00, 0xBD, 0x00, 0x00, 0xDB, 0x00,
    0x00, 0x19, 0x99, 0xEF, 0xB9, 0x9A, 0xFE, 0x99, 0x91, 0x2F, 0xFF, 0xFF, 0xFF, 0xFF, 0xFF, 0xFF,
    0xF1, 0x00, 0x24, 0x44, 0x44, 0x44, 0x44, 0x42, 0x00, 0x00, 0x8F, 0xFF, 0xFF, 0xFF, 0xFF, 0xF7,
    0x00, 0x00, 0x8F, 0x40, 0x00, 0x00, 0x06, 0xF7, 0x00, 0x00, 0x8F, 0xFF, 0xFF, 0xFF, 0xFF, 0xF7,
    0x00, 0x00, 0x8F, 0x73, 0x33, 0x33, 0x38, 0xF7, 0x00, 0x00, 0x8F, 0xFF, 0xFF, 0xFF, 0xFF, 0xF7,
    0x00, 0x00, 0x25, 0x6F, 0xF5, 0x6F, 0xE5, 0x53, 0x00, 0x00, 0x04, 0xDF, 0xA0, 0x1F, 0xE0, 0x04,
    0xE5, 0x2E, 0xFF, 0xFB, 0x00, 0x0E, 0xFF, 0xFF, 0xF3, 0x0A, 0xB8, 0x20, 0x00, 0x03, 0x89, 0x98,
    0x50, 0x00, 0x00, 0x00, 0x00, 0x10, 0x00, 0x00, 0x00, 0x00, 0x00, 0x00, 0x2F, 0xE0, 0x00, 0x00,
    0x00, 0x03, 0xFF, 0xFF, 0xFF, 0xFF, 0xFF, 0xFF, 0x40, 0x01, 0x88, 0xDF, 0x88, 0x88, 0xFE, 0x88,
    0x20, 0x00, 0x00, 0xDF, 0x30, 0x03, 0xFE, 0x00, 0x00, 0x3F, 0xFF, 0xFF, 0xFF, 0xFF, 0xFF, 0xFF,
    0xF3, 0x18, 0x88, 0x88, 0x88, 0x88, 0x88, 0x88, 0x81, 0x00, 0x24, 0x44, 0x44, 0x44, 0x44, 0x42,
    0x00, 0x00, 0x9F, 0xFF, 0xFF, 0xFF, 0xFF, 0xF9, 0x00, 0x00, 0x9F, 0x62, 0x22, 0x22, 0x27, 0xF9,
    0x00, 0x00, 0x9F, 0xFF, 0xFF, 0xFF, 0xFF, 0xF9, 0x00, 0x00, 0x9F, 0x97, 0x77, 0x77, 0x7A, 0xF9,
    0x00, 0x00, 0x7C, 0xCC, 0xDF, 0xFC, 0xCC, 0xC7, 0x00, 0x28, 0x88, 0x88, 0x8F, 0xF8, 0x88, 0x88,
    0x82, 0x4F, 0xFF, 0xFF, 0xFF, 0xFF, 0xFF, 0xFF, 0xF4, 0x00, 0x00, 0x00, 0x0F, 0xF0, 0x00, 0x00,
    0x00, 0x00, 0x00, 0x00, 0x0F, 0xF0, 0x00, 0x00, 0x00, 0x00, 0x59, 0x00, 0x00, 0x04, 0xE7, 0x00,
    0x00, 0x00, 0x9F, 0x40, 0x8F, 0x34, 0xF8, 0x0E, 0xE0, 0x00, 0x3F, 0x70, 0x8F, 0x34, 0xF8, 0x0E,
    0xE0, 0x5F, 0xFF, 0xFF, 0x9F, 0xBC, 0xFD, 0xAF, 0xE0, 0x4C, 0xCC, 0xCC, 0x9F, 0xFF, 0xFF, 0xFF,
    0xE0, 0x06, 0x40, 0x85, 0x00, 0x00, 0x00, 0x00, 0x00, 0x0E, 0x90, 0xFB, 0xFF, 0xFF, 0xFF, 0xFF,
    0xF6, 0x0C, 0xB0, 0xF8, 0xBB, 0xBD, 0xFD, 0xBB, 0xB4, 0x0A, 0xD2, 0xF5, 0x00, 0x0A, 0xF5, 0x00,
    0x00, 0x09, 0xE4, 0xF2, 0xBF, 0xFF, 0xFF, 0xFF, 0xF1, 0x08, 0xF6, 0xF0, 0xBF, 0xBF, 0xBF, 0xDD,
    0xF1, 0x03, 0x69, 0xFA, 0xBF, 0x3F, 0x3E, 0x89, 0xF1, 0x5C, 0xFF, 0xFF, 0xCF, 0x3F, 0x3E, 0x89,
    0xF1, 0x5F, 0xFC, 0x83, 0xBF, 0x3F, 0x3E, 0x89, 0xF1, 0x14, 0x00, 0x00, 0xBF, 0x3F, 0x3E, 0x9A,
    0xF1, 0x00, 0x00, 0x00, 0xBF, 0x3F, 0x3E, 0xDF, 0xD0, 0x00, 0x00, 0x00, 0x11, 0x00, 0x00, 0x01,
    0x00, 0x00, 0x00, 0x00, 0x00, 0x00, 0x00, 0x00, 0x00, 0x00, 0x8E, 0x50, 0x00, 0x0E, 0xB0, 0x00,
    0x00, 0x00, 0xEF, 0xB9, 0x96, 0x6F, 0xE9, 0x99, 0x91, 0x07, 0xFF, 0xFF, 0xFC, 0xEF, 0xFF, 0xFF,
    0xF2, 0x2F, 0xF4, 0xFC, 0x0B, 0xF9, 0x2F, 0xE0, 0x00, 0x4F, 0x80, 0xBF, 0x29, 0xE0, 0x0A, 0xB1,
    0x00, 0x02, 0x05, 0xE6, 0x00, 0x10, 0x07, 0xC3, 0x00, 0x00, 0x0E, 0xF5, 0x00, 0x00, 0x09, 0xF4,
    0x00, 0x00, 0x7F, 0xD5, 0xFF, 0xFF, 0xFF, 0xFF, 0xF2, 0x05, 0xFF, 0xB3, 0xBB, 0xBB, 0xBE, 0xFD,
    0xB1, 0x4F, 0xFF, 0xB0, 0x07, 0x00, 0x09, 0xF4, 0x00, 0x1E, 0xBF, 0xB0, 0x9F, 0x80, 0x09, 0xF4,
    0x00, 0x03, 0x1F, 0xB0, 0x1E, 0xF3, 0x09, 0xF4, 0x00, 0x00, 0x1F, 0xB0, 0x06, 0xF6, 0x09, 0xF4,
    0x00, 0x00, 0x1F, 0xB0, 0x00, 0x20, 0x09, 0xF4, 0x00, 0x00, 0x1F, 0xB0, 0x00, 0x2F, 0xFF, 0xF2,
    0x00, 0x00, 0x1D, 0xA0, 0x00, 0x0B, 0xDB, 0x60, 0x00, 0x00, 0x00, 0x00, 0x00, 0x00, 0x00, 0x00,
    0x00, 0x00, 0x2E, 0x80, 0x00, 0x09, 0xC3, 0x00, 0x00, 0x00, 0x9F, 0xB5, 0x55, 0x1F, 0xF8, 0x66,
    0x62, 0x02, 0xFF, 0xFF, 0xFF, 0xAF, 0xFF, 0xFF, 0xF6, 0x0D, 0xF5, 0x9F, 0x53, 0xFF, 0x29, 0xF7,
    0x00, 0x2B, 0xA0, 0x3D, 0x52, 0xB7, 0x01, 0xD6, 0x00, 0x00, 0xFF, 0xFF, 0xFF, 0xFF, 0xFF, 0xFD,
    0x00, 0x00, 0x99, 0x99, 0xAF, 0xE9, 0x99, 0xFD, 0x00, 0x00, 0x48, 0x88, 0x9F, 0xE8, 0x89, 0xFD,
    0x00, 0x00, 0x8F, 0xFF, 0xFF, 0xFF, 0xFF, 0xFD, 0x00, 0x00, 0xAF, 0x20, 0x1F, 0xC0, 0x00, 0x00,
    0x00, 0x00, 0xDF, 0xFF, 0xFF, 0xFF, 0xFF, 0xFF, 0x90, 0x00, 0x99, 0x9F, 0xFF, 0xE9, 0x99, 0xCF,
    0x80, 0x00, 0x02, 0xCF, 0xDF, 0xC0, 0x00, 0x8F, 0x60, 0x03, 0x9F, 0xF9, 0x2F, 0xC0, 0x9A, 0xFF,
    0x30, 0x0D, 0xFE, 0x50, 0x1F, 0xC0, 0x9F, 0xFA, 0x00, 0x03, 0x80, 0x00, 0x1E, 0xA0, 0x00, 0x00,
    0x00, 0x00, 0x00, 0x00, 0x00, 0x00, 0x00, 0x00, 0x00, 0x00, 0x7D, 0x50, 0x00, 0x0D, 0xB0, 0x00,
    0x00, 0x00, 0xEF, 0xB9, 0x97, 0x5F, 0xF9, 0x99, 0x92, 0x09, 0xFF, 0xFF, 0xFE, 0xEF, 0xFF, 0xFF,
    0xF3, 0x6F, 0xE5, 0xFA, 0x0B, 0xF8, 0x3F, 0xD0, 0x00, 0x0A, 0x30, 0x94, 0x0D, 0xF0, 0x08, 0x60,
    0x00, 0x00, 0xBF, 0xFF, 0xFF, 0xFF, 0xFF, 0xFD, 0x00, 0x00, 0x69, 0x99, 0x9F, 0xF9, 0x99, 0x97,
    0x00, 0x39, 0x99, 0x99, 0x9F, 0xF9, 0x99, 0x99, 0x93, 0x4F, 0xFF, 0xFF, 0xFF, 0xFF, 0xFF, 0xFF,
    0xF5, 0x00, 0x00, 0x00, 0x00, 0x00, 0xDF, 0x10, 0x00, 0x07, 0x99, 0x99, 0x99, 0x99, 0xFF, 0xA9,
    0x80, 0x0B, 0xFF, 0xFF, 0xFF, 0xFF, 0xFF, 0xFF, 0xD0, 0x00, 0x04, 0xFC, 0x10, 0x00, 0xDF, 0x10,
    0x00, 0x00, 0x00, 0xCF, 0xC0, 0x00, 0xDF, 0x10, 0x00, 0x00, 0x00, 0x0D, 0xC2, 0xCC, 0xFF, 0x00,
    0x00, 0x00, 0x00, 0x01, 0x00, 0xBF, 0xD7, 0x00, 0x00, 0x00, 0x00, 0x00, 0x00, 0x00, 0x00, 0x00,
    0x00, 0x00, 0x7E, 0x60, 0x00, 0x0E, 0xC0, 0x00, 0x00, 0x00, 0xEF, 0xB9, 0x97, 0x6F, 0xF9, 0x99,
    0x92, 0x0A, 0xFF, 0xFF, 0xFD, 0xFF, 0xFF, 0xFF, 0xF4, 0x5F, 0xE4, 0xFC, 0x0C, 0xF9, 0x1F, 0xD0,
    0x00, 0x08, 0x40, 0xC9, 0x0D, 0xF3, 0x09, 0x91, 0x00, 0x0F, 0xFF, 0xFF, 0xFF, 0xFF, 0xFF, 0xFF,
    0xF0, 0x0A, 0xAA, 0xAA, 0xAF, 0xFB, 0xAA, 0xAA, 0xA0, 0x00, 0x99, 0x99, 0x9F, 0xFB, 0x99, 0x99,
    0x10, 0x00, 0xFF, 0xFF, 0xFF, 0xFF, 0xFF, 0xFF, 0x20, 0x00, 0xFF, 0x10, 0x0D, 0xF3, 0x00, 0xCF,
    0x20, 0x00, 0xFF, 0x10, 0x2F, 0xF5, 0x27, 0xEF, 0x20, 0x00, 0xFF, 0x14, 0xEF, 0xFF, 0x9E, 0xDA,
    0x00, 0x00, 0x04, 0xBF, 0xEF, 0xFD, 0xFE, 0x70, 0x00, 0x17, 0xCF, 0xFB, 0x1D, 0xF3, 0x7F, 0xFF,
    0xC4, 0x0D, 0xFC, 0x50, 0x0D, 0xF3, 0x02, 0x9F, 0xE1, 0x03, 0x30, 0x00, 0x0D, 0xF3, 0x00, 0x01,
    0x20, 0x00, 0x00, 0x00, 0x00, 0x00, 0x00, 0x00, 0x00, 0x00, 0x7E, 0x50, 0x00, 0x0E, 0xB0, 0x00,
    0x00, 0x00, 0xDF, 0xA8, 0x85, 0x7F, 0xE8, 0x88, 0x80, 0x05, 0xFF, 0xFF, 0xFD, 0xFF, 0xFF, 0xFF,
    0xF0, 0x1E, 0xF5, 0xFC, 0x06, 0xF6, 0x1F, 0xE0, 0x00, 0x4E, 0x80, 0xBC, 0x5F, 0xF3, 0x07, 0xE5,
    0x00, 0x01, 0x00, 0x09, 0xFE, 0xEE, 0x40, 0x00, 0x00, 0x00, 0x07, 0xEF, 0xC1, 0x1C, 0xFC, 0x50,
    0x00, 0x29, 0xEF, 0xFF, 0x99, 0x99, 0xFF, 0xFF, 0xA2, 0x1E, 0xD7, 0x7F, 0xFF, 0xFF, 0xF5, 0x8E,
    0xD0, 0x01, 0x02, 0x10, 0x17, 0x20, 0x03, 0x61, 0x10, 0x00, 0x3F, 0xB0, 0x2F, 0xA0, 0x0A, 0xF3,
    0x00, 0x00, 0x0C, 0xF3, 0x0C, 0xF1, 0x0F, 0xD0, 0x00, 0x00, 0x04, 0xF8, 0x06, 0xF4, 0x7F, 0x60,
    0x00, 0x00, 0x00, 0x40, 0x00, 0x10, 0xEF, 0x10, 0x00, 0x0F, 0xFF, 0xFF, 0xFF, 0xFF, 0xFF, 0xFF,
    0xF0, 0x0B, 0xBB, 0xBB, 0xBB, 0xBB, 0xBB, 0xBB, 0xB0, 0x00, 0x00, 0x00, 0x00, 0x00, 0x00, 0x00,
    0x00, 0x00, 0x4E, 0x70, 0x00, 0x0A, 0xB2, 0x00, 0x00, 0x00, 0xBF, 0xC8, 0x88, 0x1F, 0xF9, 0x88,
    0x81, 0x05, 0xFF, 0xFF, 0xFF, 0x9F, 0xFF, 0xFF, 0xF3, 0x3F, 0xF3, 0xAF, 0x43, 0xFE, 0x0A, 0xF5,
    0x00, 0x09, 0x66, 0x3B, 0x30, 0x64, 0x02, 0xD5, 0x00, 0x00, 0x7F, 0xB5, 0xFF, 0xFF, 0xFF, 0xFF,
    0xA0, 0x02, 0x5E, 0xF6, 0xBB, 0xBB, 0xBB, 0xCF, 0xA0, 0x09, 0xF7, 0x30, 0x00, 0x00, 0x00, 0x3F,
    0xA0, 0x09, 0xF4, 0x0E, 0xFF, 0xFF, 0xF1, 0x3F, 0xA0, 0x09, 0xF4, 0x0E, 0xD6, 0x6C, 0xF1, 0x3F,
    0xA0, 0x09, 0xF4, 0x0E, 0xFF, 0xFF, 0xF1, 0x3F, 0xA0, 0x09, 0xF4, 0x0E, 0xC4, 0x4B, 0xF1, 0x3F,
    0xA0, 0x09, 0xF4, 0x0E, 0xD6, 0x6C, 0xF1, 0x3F, 0xA0, 0x09, 0xF4, 0x0E, 0xFF, 0xFF, 0xF1, 0x4F,
    0xA0, 0x09, 0xF4, 0x00, 0x00, 0x00, 0x3F, 0xFF, 0x80, 0x09, 0xF4, 0x00, 0x00, 0x00, 0x08, 0x96,
    0x00, 0x00, 0x00, 0x00, 0x00, 0x01, 0x00, 0x00, 0x00, 0x00, 0xBF, 0x30, 0x00, 0x0D, 0xF1, 0x00,
    0x00, 0x03, 0xFF, 0xFF, 0xFE, 0x4F, 0xFF, 0xFF, 0xF3, 0x0D, 0xF7, 0xEF, 0x65, 0xEF, 0x6E, 0xF7,
    0x51, 0x4F, 0xB0, 0x6F, 0x52, 0x67, 0x04, 0xF7, 0x00, 0x02, 0x10, 0x01, 0x1F, 0xD0, 0x00, 0x20,
    0x00, 0x0D, 0xFF, 0xFF, 0xFF, 0xFF, 0xFF, 0xFF, 0xE0, 0x0D, 0xF7, 0x77, 0x77, 0x77, 0x77, 0x7F,
    0xE0, 0x09, 0xBE, 0xFF, 0xFF, 0xFF, 0xFF, 0xFB, 0xA0, 0x00, 0x0E, 0xF6, 0x66, 0x66, 0x6F, 0xE0,
    0x00, 0x00, 0x0E, 0xF6, 0x55, 0x55, 0x5F, 0xE0, 0x00, 0x00, 0x0E, 0xFF, 0xFF, 0xFF, 0xFF, 0xE0,
    0x00, 0x00, 0x0E, 0xF6, 0x66, 0x66, 0x66, 0x64, 0x00, 0x00, 0x0E, 0xFF, 0xFF, 0xFF, 0xFF, 0xFB,
    0x00, 0x00, 0x0E, 0xF0, 0x00, 0x00, 0x02, 0xFB, 0x00, 0x00, 0x0E, 0xFF, 0xFF, 0xFF, 0xFF, 0xFB,
    0x00, 0x00, 0x0D, 0xF7, 0x66, 0x66, 0x68, 0xEB, 0x00, 0x00, 0x00, 0x00, 0x00, 0x00, 0x00, 0x00,
    0x00, 0x00, 0x4D, 0x60, 0x00, 0x0A, 0xA2, 0x00, 0x00, 0x00, 0xCF, 0xC8, 0x88, 0x2F, 0xF9, 0x88,
    0x81, 0x06, 0xFF, 0xFF, 0xFF, 0xBF, 0xFF, 0xFF, 0xF3, 0x4F, 0xF2, 0x8F, 0x54, 0xFE, 0x1C, 0xE0,
    0x00, 0x09, 0x6E, 0xF7, 0x10, 0x5F, 0x82, 0xFB, 0x00, 0x0F, 0xFF, 0xFF, 0xD9, 0xFF, 0xFF, 0xFF,
    0xF0, 0x05, 0x5E, 0xF5, 0x43, 0x7F, 0xB6, 0xFC, 0x50, 0x0C, 0xFF, 0xFF, 0x90, 0x3F, 0x80, 0xFB,
    0x00, 0x04, 0x5E, 0xF5, 0x3E, 0xFF, 0xFF, 0xFF, 0xF2, 0x15, 0x5E, 0xF5, 0x57, 0x66, 0x66, 0x66,
    0x61, 0x4F, 0xFF, 0xFF, 0xF1, 0xDF, 0xFF, 0xFF, 0x50, 0x00, 0x8F, 0xFB, 0x00, 0xDE, 0x33, 0x9F,
    0x50, 0x03, 0xFF, 0xFF, 0xC1, 0xDF, 0xFF, 0xFF, 0x50, 0x3F, 0xDE, 0xE6, 0xF2, 0xDE, 0x22, 0x8F,
    0x50, 0x4E, 0x1E, 0xE0, 0x20, 0xDF, 0xFF, 0xFF, 0x50, 0x01, 0x0E, 0xE0, 0x00, 0xBC, 0x33, 0x7C,
    0x40, 0x00, 0x00, 0x00, 0x00, 0x00, 0x00, 0x00, 0x00, 0x00, 0x05, 0x50, 0x0F, 0xE0, 0x07, 0x72,
    0x00, 0x00, 0x2F, 0xF3, 0x0F, 0xE0, 0x2F, 0xF3, 0x00, 0x00, 0x07, 0xFB, 0x0F, 0xE0, 0xAF, 0x60,
    0x00, 0x0B, 0xBC, 0xFC, 0xBF, 0xFB, 0xCF, 0xCB, 0xB0, 0x0F, 0xFF, 0xFF, 0xFF, 0xFF, 0xFF, 0xFF,
    0xF0, 0x00, 0x00, 0x5E, 0xFF, 0xFF, 0xD5, 0x00, 0x00, 0x00, 0x3A, 0xFF, 0x6F, 0xFA, 0xFF, 0xD5,
    0x00, 0x2D, 0xFF, 0xE3, 0x0F, 0xE0, 0x3B, 0xFF, 0xC0, 0x0A, 0xE7, 0x00, 0x0A, 0x90, 0x00, 0x4C,
    0x80, 0x00, 0x00, 0x00, 0x2F, 0xD0, 0x00, 0x00, 0x00, 0x1F, 0xFF, 0xFF, 0xFF, 0xFF, 0xFF, 0xFF,
    0xF2, 0x1C, 0xCC, 0xCC, 0xFF, 0xFF, 0xCC, 0xCC, 0xC2, 0x00, 0x00, 0x1B, 0xFE, 0xDF, 0x90, 0x00,
    0x00, 0x01, 0x49, 0xFF, 0xF3, 0x2E, 0xFE, 0x84, 0x10, 0x3F, 0xFF, 0xFB, 0x20, 0x01, 0xBF, 0xFF,
    0xF4, 0x0B, 0xC8, 0x20, 0x00, 0x00, 0x03, 0x8C, 0x90, 0x00, 0x00, 0x00, 0x00, 0x00, 0x00, 0x00,
    0x00, 0x00, 0x00, 0x00, 0x02, 0x46, 0x9C, 0xD1, 0x00, 0x04, 0xBD, 0xEF, 0xFF, 0xFF, 0xFF, 0xF9,
    0x00, 0x03, 0xFF, 0xFF, 0xFF, 0x97, 0x52, 0x00, 0x00, 0x00, 0x00, 0x2D, 0xF4, 0x00, 0x98, 0x00,
    0x00, 0x00, 0x05, 0xEF, 0x30, 0x1B, 0xFE, 0x20, 0x00, 0x00, 0x7F, 0xFF, 0xFF, 0xFF, 0xB1, 0x00,
    0x00, 0x00, 0x3C, 0xAA, 0xFF, 0xE6, 0x2A, 0x10, 0x00, 0x00, 0x01, 0x8F, 0xF8, 0x10, 0x5F, 0xD1,
    0x00, 0x02, 0xAF, 0xFF, 0xEE, 0xFF, 0xFF, 0xFD, 0x00, 0x01, 0xFF, 0xFE, 0xCF, 0xF8, 0x65, 0x9F,
    0x90, 0x00, 0x43, 0x20, 0x0E, 0xF0, 0x04, 0x0A, 0x20, 0x00, 0x0D, 0xF7, 0x0E, 0xF0, 0xBF, 0x90,
    0x00, 0x01, 0xCF, 0xD1, 0x0E, 0xF0, 0x3E, 0xFB, 0x00, 0x1E, 0xFE, 0x20, 0x0E, 0xF0, 0x02, 0xEF,
    0xB0, 0x06, 0xC1, 0x2F, 0xFF, 0xE0, 0x00, 0x2D, 0x50, 0x00, 0x00, 0x0A, 0xDA, 0x40, 0x00, 0x00,
    0x00, 0x00, 0x00, 0x00, 0x0F, 0xF0, 0x00, 0x00, 0x00, 0x08, 0xAA, 0xAA, 0xAF, 0xFA, 0xAA, 0xAA,
    0x80, 0x0D, 0xFF, 0xFF, 0xFF, 0xFF, 0xFF, 0xFF, 0xD0, 0x00, 0x00, 0x00, 0x0F, 0xF0, 0x00, 0x00,
    0x00, 0x2F, 0xFF, 0xFF, 0xFF, 0xFF, 0xFF, 0xFF, 0xF3, 0x2F, 0xD9, 0x9A, 0xFF, 0xB9, 0x99, 0x9D,
    0xF3, 0x2F, 0xA0, 0x2C, 0xF9, 0x02, 0xB3, 0x0A, 0xF3, 0x15, 0x49, 0xFF, 0x74, 0x7F, 0xF9, 0x03,
    0x51, 0x00, 0x1F, 0xFF, 0xFF, 0xFC, 0x49, 0x30, 0x00, 0x00, 0x05, 0x9F, 0xFA, 0x30, 0x3F, 0xF4,
    0x00, 0x03, 0xCF, 0xFF, 0xFE, 0xFF, 0xFF, 0xFF, 0x30, 0x03, 0xFD, 0xB9, 0x8C, 0xF7, 0x43, 0x4F,
    0xB0, 0x00, 0x05, 0xD5, 0x09, 0xF4, 0x6E, 0x54, 0x00, 0x00, 0x8F, 0xF5, 0x09, 0xF4, 0x7F, 0xFA,
    0x00, 0x1D, 0xFE, 0x4A, 0xBF, 0xF2, 0x02, 0xDF, 0xD0, 0x04, 0x91, 0x08, 0xFE, 0x90, 0x00, 0x09,
    0x40, 0x00, 0x00, 0x8B, 0x1A, 0xAA, 0xAA, 0xAA, 0x30, 0x07, 0xD2, 0xCE, 0x2F, 0xFF, 0xFF, 0xFF,
    0x40, 0x08, 0xF2, 0xCE, 0x00, 0xDE, 0x15, 0xFD, 0x00, 0x08, 0xF2, 0xCE, 0x00, 0x4F, 0xDF, 0xF3,
    0x00, 0x08, 0xF2, 0xCE, 0x00, 0x3E, 0xFF, 0xA1, 0x00, 0x08, 0xF2, 0xCF, 0x5E, 0xFF, 0xDF, 0xFF,
    0xC1, 0x00, 0x00, 0xAF, 0xEF, 0xA4, 0x03, 0xCF, 0x90, 0x00, 0x06, 0xFF, 0x60, 0x3E, 0x90, 0x02,
    0x10, 0x00, 0x6F, 0xFF, 0xFF, 0xFF, 0xB3, 0x00, 0x00, 0x00, 0x1B, 0xBF, 0xFF, 0xD4, 0x4F, 0xA0,
    0x00, 0x00, 0x39, 0xFF, 0xFB, 0x66, 0x7F, 0xFC, 0x00, 0x03, 0xFF, 0xFF, 0xFF, 0xFF, 0xFF, 0xEF,
    0xB0, 0x00, 0xA9, 0xC6, 0x4B, 0xF5, 0x04, 0x08, 0x30, 0x00, 0x4E, 0xF9, 0x0A, 0xF4, 0x9F, 0xD4,
    0x00, 0x1C, 0xFF, 0x77, 0x9E, 0xF3, 0x07, 0xFF, 0x90, 0x05, 0xA2, 0x06, 0xFE, 0xA0, 0x00, 0x2B,
    0x40, 0x00, 0x00, 0x00, 0x00, 0x00, 0x00, 0x00, 0x00, 0x00, 0x0C, 0x60, 0x00, 0x00, 0x00, 0x00,
    0x00, 0x00, 0x4F, 0xC0, 0x7C, 0xCC, 0xCC, 0xC9, 0x00, 0x00, 0xAF, 0x40, 0x9F, 0xFF, 0xFF, 0xF7,
    0x00, 0x02, 0xFC, 0x13, 0x00, 0xFD, 0x0A, 0xF3, 0x00, 0x0B, 0xF2, 0x8F, 0x52, 0xFB, 0x0E, 0xF0,
    0x00, 0x7F, 0xEC, 0xFD, 0x03, 0xFA, 0x2F, 0xEA, 0x80, 0x5F, 0xEF, 0xF3, 0x05, 0xFA, 0x7F, 0xFF,
    0xF0, 0x01, 0x6F, 0x80, 0x06, 0xFF, 0x00, 0x2F, 0xB0, 0x02, 0xFF, 0x8C, 0x28, 0xFF, 0x60, 0x9F,
    0x60, 0x3E, 0xFF, 0xFF, 0x2C, 0xFF, 0xE1, 0xEF, 0x10, 0x6F, 0xFA, 0x40, 0x0F, 0xE8, 0xFD, 0xFA,
    0x00, 0x16, 0x00, 0x6D, 0x8F, 0x90, 0xEF, 0xF2, 0x00, 0x03, 0x9F, 0xFF, 0xFF, 0x50, 0xCF, 0xF4,
    0x00, 0x4F, 0xFF, 0xA6, 0xFE, 0x2C, 0xFF, 0xFF, 0x70, 0x1F, 0x81, 0x0C, 0xF8, 0xEF, 0xD1, 0x6F,
    0xF5, 0x00, 0x00, 0x02, 0xC0, 0x3B, 0x10, 0x03, 0x90, 0x00, 0x00, 0x00, 0x00, 0x00, 0x00, 0x00,
    0x00, 0x00, 0x00, 0x00, 0x00, 0x00, 0x00, 0x00, 0x00, 0x00, 0x08, 0x70, 0x00, 0x0D, 0xF2, 0x92,
    0x00, 0x00, 0x0F, 0xF1, 0x00, 0x0D, 0xF6, 0xFF, 0x20, 0x00, 0x6F, 0x90, 0x00, 0x0C, 0xF1, 0x3B,
    0x20, 0x00, 0xDF, 0x24, 0x02, 0x4D, 0xFD, 0xFF, 0xA0, 0x07, 0xF7, 0x4F, 0x8F, 0xFF, 0xFF, 0xEB,
    0x70, 0x3F, 0xFB, 0xEF, 0x29, 0x9C, 0xF4, 0x00, 0x00, 0x1F, 0xFF, 0xF7, 0x00, 0x08, 0xF9, 0x8B,
    0xE0, 0x04, 0x4F, 0xC0, 0x28, 0xBF, 0xFF, 0xFF, 0xE2, 0x00, 0xCF, 0x33, 0x6F, 0xFF, 0xFC, 0x55,
    0x20, 0x1B, 0xFF, 0xFF, 0x55, 0x12, 0xFC, 0x1E, 0xF2, 0x1F, 0xFE, 0xB8, 0x10, 0x00, 0xEF, 0xCF,
    0x80, 0x05, 0x20, 0x03, 0x10, 0x00, 0xBF, 0xFA, 0x00, 0x00, 0x49, 0xEF, 0x50, 0x08, 0xFF, 0xC0,
    0x60, 0x2F, 0xFF, 0xE9, 0x48, 0xEF, 0xFF, 0xF3, 0xE7, 0x0E, 0xA4, 0x00, 0xAF, 0xF8, 0x17, 0xFF,
    0xF4, 0x00, 0x00, 0x00, 0x17, 0x00, 0x00, 0x8D, 0x90, 0x00, 0x09, 0x70, 0x00, 0x00, 0x00, 0x00,
    0x00, 0x00, 0x0F, 0xF1, 0x06, 0xFF, 0xFF, 0xFF, 0x20, 0x00, 0x6F, 0x80, 0x06, 0xFD, 0xBB, 0xEF,
    0x20, 0x00, 0xDF, 0x12, 0x06, 0xF6, 0x00, 0xBF, 0x20, 0x05, 0xF7, 0x2F, 0x76, 0xF6, 0x00, 0xBF,
    0x20, 0x2E, 0xF8, 0xCF, 0x46, 0xFD, 0xBB, 0xEF, 0x20, 0x3F, 0xFF, 0xFA, 0x06, 0xFF, 0xFF, 0xFF,
    0x20, 0x05, 0x4E, 0xD1, 0x06, 0xF6, 0x00, 0xBF, 0x20, 0x00, 0xCF, 0x44, 0x36, 0xF6, 0x00, 0xBF,
    0x20, 0x1C, 0xFF, 0xFF, 0x86, 0xFC, 0xAA, 0xEF, 0x20, 0x1F, 0xEA, 0x74, 0x16, 0xFF, 0xFF, 0xFF,
    0x20, 0x02, 0x00, 0x01, 0x16, 0xF6, 0x00, 0xBF, 0x20, 0x00, 0x48, 0xDF, 0x56, 0xF6, 0x00, 0xBF,
    0x20, 0x2F, 0xFF, 0xFE, 0x46, 0xF6, 0x00, 0xBF, 0x20, 0x1F, 0xC8, 0x30, 0xCF, 0xFF, 0xFF, 0xFF,
    0xF7, 0x00, 0x00, 0x00, 0x9B, 0xBB, 0xBB, 0xBB, 0xB5, 0x00, 0x0B, 0x50, 0x00, 0x2C, 0x80, 0x00,
    0x00, 0x00, 0x3F, 0xD0, 0x00, 0x9F, 0xA0, 0x00, 0x00, 0x00, 0x9F, 0x60, 0x02, 0xFF, 0xFF, 0xFF,
    0x80, 0x01, 0xFE, 0x10, 0x1D, 0xFE, 0xAA, 0xFF, 0x60, 0x09, 0xF6, 0x6C, 0xCF, 0xFF, 0x35, 0xFD,
    0x00, 0x5F, 0xE6, 0xEF, 0xBD, 0x5F, 0xEF, 0xF3, 0x00, 0x7F, 0xFF, 0xF7, 0x01, 0x0A, 0xFF, 0x80,
    0x00, 0x17, 0x8F, 0xB0, 0x02, 0xBF, 0xFF, 0xF9, 0x10, 0x01, 0xEE, 0x10, 0xAF, 0xFD, 0x35, 0xFF,
    0xF7, 0x1C, 0xFE, 0xDF, 0x6E, 0x75, 0x82, 0x19, 0xE1, 0x5F, 0xFF, 0xEB, 0x00, 0x0B, 0xFF, 0x91,
    0x00, 0x08, 0x41, 0x00, 0x00, 0x00, 0x4D, 0xE1, 0x00, 0x00, 0x14, 0x7A, 0x54, 0xEA, 0x40, 0x20,
    0x00, 0x6E, 0xFF, 0xFF, 0x76, 0xDF, 0xFE, 0x81, 0x00, 0x6F, 0xD9, 0x62, 0x00, 0x02, 0x8F, 0xFF,
    0x20, 0x00, 0x00, 0x00, 0x00, 0x00, 0x00, 0x79, 0x00, 0x00, 0x0C, 0x50, 0x00, 0x00, 0x00, 0x00,
    0x00, 0x00, 0x4F, 0xC0, 0x3F, 0xFF, 0xFF, 0xFF, 0x60, 0x00, 0xAF, 0x40, 0x2B, 0xBB, 0xBD, 0xFF,
    0x40, 0x02, 0xFC, 0x03, 0x00, 0x00, 0x0D, 0xFB, 0x00, 0x0A, 0xF3, 0x5F, 0x70, 0x01, 0xCF, 0xD1,
    0x00, 0x6F, 0xE9, 0xEF, 0x40, 0x5E, 0xFF, 0xB2, 0x00, 0x7F, 0xFF, 0xFA, 0x5C, 0xFF, 0xCE, 0xFF,
    0x90, 0x27, 0x7F, 0xE1, 0xEF, 0xF6, 0x00, 0x8F, 0xF6, 0x01, 0xDF, 0x41, 0x57, 0x00, 0x00, 0x02,
    0x90, 0x2C, 0xFF, 0xEF, 0x3F, 0xFF, 0xFF, 0xFF, 0xA0, 0x6F, 0xFF, 0xD9, 0x2B, 0xBC, 0xFE, 0xBB,
    0x80, 0x19, 0x40, 0x00, 0x00, 0x03, 0xFB, 0x00, 0x00, 0x00, 0x04, 0x8C, 0x00, 0x03, 0xFB, 0x00,
    0x00, 0x4C, 0xFF, 0xFF, 0x10, 0x03, 0xFB, 0x00, 0x00, 0x5F, 0xEA, 0x62, 0xFF, 0xFF, 0xFF, 0xFF,
    0xF7, 0x13, 0x00, 0x00, 0xCC, 0xCC, 0xCC, 0xCC, 0xC6, 0x00, 0x0C, 0x60, 0x00, 0x00, 0xFE, 0x00,
    0x00, 0x00, 0x5F, 0xE0, 0x00, 0x00, 0xFF, 0x00, 0x00, 0x00, 0xCF, 0x60, 0x5D, 0xDD, 0xFF, 0xDD,
    0xD3, 0x03, 0xFD, 0x06, 0x6F, 0xFF, 0xFF, 0xFF, 0xF4, 0x0C, 0xF5, 0x6F, 0x90, 0x00, 0xFF, 0x00,
    0x00, 0x8F, 0xFA, 0xEF, 0x40, 0x00, 0xFF, 0x00, 0x00, 0x6F, 0xFF, 0xF9, 0x0F, 0xFF, 0xFF, 0xFF,
    0xE0, 0x03, 0x7F, 0xC0, 0x0D, 0xDD, 0xDD, 0xDD, 0xC0, 0x04, 0xFF, 0x56, 0x30, 0x00, 0x00, 0x00,
    0x00, 0x5F, 0xFF, 0xFF, 0x87, 0xBB, 0xBB, 0xBB, 0x70, 0x3F, 0xFB, 0x85, 0x19, 0xFF, 0xFF, 0xFF,
    0x90, 0x03, 0x00, 0x00, 0x09, 0xF4, 0x00, 0x5F, 0x90, 0x01, 0x36, 0x9C, 0x99, 0xF4, 0x00, 0x5F,
    0x90, 0x7F, 0xFF, 0xFF, 0xA9, 0xFC, 0xBB, 0xDF, 0x90, 0x6E, 0xB7, 0x41, 0x09, 0xFF, 0xFF, 0xFF,
    0x90, 0x00, 0x00, 0x00, 0x08, 0xD3, 0x00, 0x4C, 0x70, 0x00, 0x00, 0x00, 0x00, 0x00, 0x00, 0x00,
    0x00, 0x00, 0x0C, 0x60, 0x00, 0x05, 0xD5, 0x00, 0x00, 0x00, 0x5F, 0xC0, 0x00, 0x0C, 0xFC, 0x00,
    0x00, 0x00, 0xCF, 0x40, 0x00, 0x5F, 0xFF, 0x70, 0x00, 0x04, 0xFB, 0x36, 0x01, 0xEF, 0x4E, 0xF3,
    0x00, 0x0D, 0xF2, 0xCF, 0x5D, 0xF9, 0x04, 0xFF, 0x40, 0x9F, 0xFF, 0xFE, 0xDF, 0xFC, 0xBB, 0xFF,
    0xF5, 0x4E, 0xCF, 0xF3, 0xBC, 0xFF, 0xFF, 0xFA, 0xB0, 0x00, 0x8F, 0x90, 0x10, 0x00, 0x00, 0x00,
    0x00, 0x01, 0xFE, 0x11, 0x00, 0x00, 0x00, 0x00, 0x00, 0x1C, 0xFE, 0xEF, 0x2F, 0xFF, 0xFF, 0xFF,
    0x00, 0x5F, 0xFF, 0xC9, 0x1F, 0xFA, 0xAA, 0xFF, 0x00, 0x07, 0x30, 0x00, 0x0F, 0xE0, 0x00, 0xFF,
    0x00, 0x00, 0x25, 0x9C, 0x2F, 0xE0, 0x00, 0xFF, 0x00, 0x5F, 0xFF, 0xFE, 0x3F, 0xFA, 0xAA, 0xFF,
    0x00, 0x4F, 0xB7, 0x20, 0x0F, 0xFF, 0xFF, 0xFF, 0x00, 0x00, 0x00, 0x00, 0x0E, 0xD0, 0x00, 0xEE,
    0x00, 0x00, 0x00, 0x00, 0x00, 0x01, 0x00, 0x00, 0x00, 0x00, 0x0D, 0x80, 0x00, 0x8F, 0x50, 0x00,
    0x00, 0x00, 0x5F, 0xC0, 0x02, 0xFF, 0xCB, 0xBB, 0x50, 0x00, 0xCF, 0x40, 0x0C, 0xFF, 0xFF, 0xFF,
    0x90, 0x05, 0xFA, 0x35, 0xAF, 0xF7, 0x01, 0xEF, 0x10, 0x1E, 0xF2, 0xBF, 0xFE, 0xEF, 0x3C, 0xF7,
    0x00, 0x9F, 0xFF, 0xFC, 0x42, 0x3F, 0xFF, 0xA0, 0x00, 0x4F, 0xEF, 0xF2, 0x02, 0x9F, 0xFF, 0xB3,
    0x00, 0x01, 0x8F, 0x61, 0xCF, 0xFF, 0xCF, 0xFF, 0xD4, 0x04, 0xFF, 0xBF, 0xFF, 0xD4, 0x01, 0x9F,
    0xF2, 0x4F, 0xFF, 0xFF, 0xDF, 0xBA, 0xAA, 0xAD, 0x80, 0x4F, 0xFF, 0xC8, 0x1E, 0xFF, 0xFF, 0xFF,
    0x40, 0x07, 0x40, 0x18, 0x0E, 0xD0, 0x00, 0x8F, 0x40, 0x00, 0x4A, 0xFF, 0x2E, 0xD0, 0x00, 0x8F,
    0x40, 0x4E, 0xFF, 0xF9, 0x1E, 0xFA, 0xAA, 0xDF, 0x40, 0x4F, 0xC6, 0x00, 0x0E, 0xFF, 0xFF, 0xFF,
    0x40, 0x02, 0x00, 0x00, 0x0C, 0xC0, 0x00, 0x7D, 0x40, 0x00, 0x00, 0x00, 0x00, 0x00, 0x00, 0x00,
    0x00, 0x00, 0x1E, 0x70, 0x00, 0x06, 0xE4, 0x00, 0x00, 0x00, 0x7F, 0xC0, 0x00, 0x05, 0xFB, 0x00,
    0x00, 0x00, 0xDF, 0x50, 0x7B, 0xBB, 0xFD, 0xBB, 0xB3, 0x04, 0xFC, 0x32, 0xAF, 0xFF, 0xFF, 0xFF,
    0xF4, 0x0D, 0xF3, 0xBF, 0x40, 0x7F, 0xC0, 0x54, 0x00, 0x8F, 0xFD, 0xFD, 0x03, 0xFF, 0x11, 0xFE,
    0x00, 0x5F, 0xFF, 0xF3, 0x5E, 0xFB, 0x89, 0xEF, 0x90, 0x04, 0x8F, 0x90, 0xDF, 0xFF, 0xFF, 0xFF,
    0xF1, 0x03, 0xFF, 0x68, 0x7A, 0xD9, 0x38, 0x56, 0xB2, 0x3E, 0xFF, 0xFF, 0x03, 0xFA, 0x1F, 0xC0,
    0x00, 0x4F, 0xFC, 0x84, 0x04, 0xF9, 0x1F, 0xC0, 0x00, 0x05, 0x00, 0x17, 0x07, 0xF7, 0x1F, 0xC0,
    0x30, 0x00, 0x5B, 0xFF, 0x3D, 0xF3, 0x1F, 0xC1, 0xF7, 0x4F, 0xFF, 0xD7, 0xAF, 0xD0, 0x1F, 0xC2,
    0xF6, 0x3F, 0xA4, 0x09, 0xFF, 0x30, 0x0F, 0xFF, 0xF3, 0x01, 0x00, 0x01, 0xC3, 0x00, 0x04, 0x99,
    0x60, 0x00, 0x00, 0x00, 0x00, 0x00, 0x00, 0x00, 0x00, 0x00, 0x00, 0x00, 0x00, 0x00, 0x00, 0x00,
    0x00, 0x00, 0x2E, 0x50, 0x35, 0x00, 0x0D, 0x70, 0x00, 0x00, 0x7F, 0x90, 0xAF, 0x47, 0x0F, 0x83,
    0x70, 0x00, 0xCF, 0x20, 0xAF, 0x5F, 0x1F, 0x88, 0xE0, 0x03, 0xFB, 0x10, 0xAF, 0x1F, 0x5F, 0x8D,
    0x80, 0x0B, 0xF2, 0x9D, 0xCF, 0x1A, 0x5F, 0x9C, 0x10, 0x6F, 0xD8, 0xFB, 0xAF, 0x79, 0x9F, 0xC9,
    0x92, 0x6F, 0xFF, 0xF2, 0xAF, 0xBF, 0xFF, 0xFF, 0xF4, 0x03, 0x7F, 0x60, 0xAF, 0x10, 0xCF, 0xF3,
    0x00, 0x03, 0xFC, 0x24, 0xAF, 0x14, 0xFF, 0xFE, 0x10, 0x3E, 0xFF, 0xFC, 0xAF, 0x2E, 0xBF, 0x9E,
    0xC0, 0x4F, 0xFB, 0x84, 0xAF, 0x9F, 0x3F, 0x85, 0xF2, 0x03, 0x00, 0x00, 0xAF, 0x36, 0x0F, 0x80,
    0x30, 0x03, 0x6A, 0xDE, 0xAF, 0x10, 0x0F, 0x80, 0x00, 0x6F, 0xFF, 0xC8, 0xAF, 0xAA, 0xAA, 0xAA,
    0xA5, 0x39, 0x51, 0x00, 0xAF, 0xFF, 0xFF, 0xFF, 0xF7, 0x00, 0x0B, 0x50, 0x00, 0x0D, 0xD0, 0x00,
    0x00, 0x00, 0x4F, 0xA0, 0x00, 0x0E, 0xE0, 0x0A, 0xB1, 0x00, 0xAF, 0x30, 0x3F, 0xFF, 0xFF, 0xEF,
    0xC0, 0x01, 0xFC, 0x01, 0x2A, 0xAF, 0xFA, 0xFF, 0x40, 0x09, 0xF3, 0x6E, 0x30, 0x0E, 0xE6, 0xFB,
    0x00, 0x5F, 0xD8, 0xED, 0xBA, 0xAF, 0xFF, 0xFC, 0xA5, 0x6F, 0xFF, 0xF3, 0xEF, 0xFF, 0xFF, 0xFF,
    0xF8, 0x15, 0x5F, 0x90, 0x00, 0x5F, 0xF7, 0x00, 0x00, 0x00, 0xDE, 0x10, 0x08, 0xFF, 0xE9, 0x88,
    0x60, 0x0A, 0xFE, 0xED, 0xEF, 0xFF, 0xFF, 0xFF, 0xB0, 0x5F, 0xFE, 0xB6, 0xCC, 0xF9, 0x00, 0x2F,
    0xB0, 0x06, 0x10, 0x00, 0x03, 0xFF, 0xFF, 0xFF, 0xB0, 0x01, 0x47, 0xBE, 0x53, 0xFC, 0x77, 0x8F,
    0xB0, 0x5F, 0xFF, 0xEA, 0x33, 0xFD, 0x99, 0xAF, 0xB0, 0x3C, 0x73, 0x00, 0x03, 0xFF, 0xFF, 0xFF,
    0xB0, 0x00, 0x00, 0x00, 0x02, 0xC7, 0x00, 0x1A, 0x80, 0x00, 0x0B, 0x50, 0x00, 0x05, 0xF8, 0x00,
    0x00, 0x00, 0x3F, 0xA0, 0x09, 0x9B, 0xFC, 0x99, 0x30, 0x00, 0xAF, 0x30, 0x0F, 0xFF, 0xFF, 0xFF,
    0x50, 0x01, 0xFB, 0x21, 0x00, 0x05, 0xF8, 0x00, 0x00, 0x09, 0xF2, 0xBE, 0xAF, 0xFF, 0xFF, 0xFF,
    0xF2, 0x4F, 0xD9, 0xF8, 0x69, 0x99, 0x99, 0x9E, 0xE0, 0x5F, 0xFF, 0xE0, 0x00, 0x50, 0x11, 0x0F,
    0xA0, 0x04, 0x6F, 0x50, 0x05, 0xF8, 0xFD, 0x1C, 0x50, 0x01, 0xEE, 0x66, 0x6B, 0x68, 0xFD, 0x00,
    0x00, 0x1C, 0xFF, 0xFA, 0x1A, 0xC1, 0xFB, 0x00, 0x00, 0x4F, 0xFA, 0x51, 0xEF, 0xFF, 0xFF, 0xFF,
    0xF0, 0x06, 0x00, 0x46, 0x9A, 0xAF, 0xFB, 0xAA, 0xA0, 0x02, 0x8E, 0xFD, 0x00, 0x7F, 0xD8, 0xC1,
    0x00, 0x5F, 0xFE, 0x81, 0x08, 0xFF, 0x26, 0xFE, 0x30, 0x2C, 0x60, 0x01, 0xDF, 0xE3, 0x00, 0x4F,
    0xF3, 0x00, 0x00, 0x00, 0x9A, 0x10, 0x00, 0x04, 0xB0, 0x00, 0x00, 0x00, 0x00, 0x00, 0x00, 0x00,
    0x00, 0x00, 0x00, 0x00, 0x00, 0x00, 0x00, 0x00, 0x00, 0x00, 0x0C, 0x60, 0x00, 0x7A, 0x49, 0x70,
    0x00, 0x00, 0x4F, 0xA0, 0x00, 0xEF, 0x3F, 0xF0, 0x00, 0x00, 0xAF, 0x30, 0x04, 0xFB, 0x09, 0xD2,
    0x00, 0x02, 0xFC, 0x13, 0x0B, 0xFF, 0xFF, 0xFF, 0xF4, 0x0A, 0xF3, 0x9F, 0x7F, 0xFC, 0xBF, 0xFB,
    0xB3, 0x5F, 0xE8, 0xFC, 0xDF, 0xF1, 0x0E, 0xD0, 0x00, 0x6F, 0xFF, 0xF3, 0xFF, 0xFB, 0xBF, 0xFB,
    0x90, 0x03, 0x6F, 0x70, 0x6C, 0xFF, 0xFF, 0xFF, 0xD0, 0x02, 0xED, 0x24, 0x0A, 0xF1, 0x0E, 0xD0,
    0x00, 0x2D, 0xFF, 0xFF, 0x2A, 0xF1, 0x0E, 0xD0, 0x00, 0x4F, 0xFD, 0xA6, 0x0A, 0xFF, 0xFF, 0xFF,
    0xE0, 0x06, 0x10, 0x00, 0x0A, 0xFB, 0xBF, 0xFB, 0xA0, 0x00, 0x14, 0x7B, 0x6A, 0xF1, 0x0E, 0xD0,
    0x00, 0x5E, 0xFF, 0xFE, 0x5A, 0xFF, 0xFF, 0xFF, 0xF7, 0x4F, 0xB6, 0x20, 0x0A, 0xFC, 0xCC, 0xCC,
    0xC5, 0x00, 0x00, 0x00, 0x0A, 0xF1, 0x00, 0x00, 0x00, 0x00, 0x00, 0x00, 0x00, 0x00, 0x00, 0x00,
    0x00, 0x00, 0x1D, 0x60, 0x01, 0x23, 0x46, 0x9B, 0x50, 0x00, 0x7F, 0xA0, 0xDF, 0xFF, 0xFF, 0xFE,
    0xA0, 0x00, 0xCF, 0x30, 0x5C, 0x78, 0xE2, 0x2E, 0x80, 0x03, 0xFC, 0x22, 0x1F, 0x95, 0xF3, 0x9F,
    0x30, 0x0B, 0xF3, 0xAF, 0x8E, 0xC9, 0xE9, 0xFE, 0x71, 0x7F, 0xEA, 0xFB, 0xBF, 0xFF, 0xFF, 0xFF,
    0xF2, 0x6F, 0xFF, 0xF1, 0x00, 0xFD, 0x00, 0x00, 0x00, 0x03, 0x7F, 0x75, 0xFF, 0xFF, 0xFF, 0xFF,
    0xF4, 0x03, 0xFD, 0x39, 0x8B, 0xFC, 0x88, 0x88, 0x82, 0x3E, 0xFF, 0xFE, 0x06, 0xFB, 0x55, 0x56,
    0x10, 0x4F, 0xFF, 0xC8, 0x0A, 0xFF, 0xFF, 0xFF, 0x60, 0x07, 0x30, 0x03, 0x0F, 0xFF, 0x30, 0xDF,
    0x00, 0x00, 0x4A, 0xFE, 0x8F, 0xBF, 0xEB, 0xF7, 0x00, 0x6F, 0xFF, 0xC9, 0xFE, 0x07, 0xFF, 0xF4,
    0x00, 0x5F, 0xA3, 0x2F, 0xFA, 0xDF, 0xFD, 0xFF, 0xF7, 0x11, 0x00, 0x08, 0x52, 0xE8, 0x10, 0x39,
    0xD2, 0x00, 0x00, 0x00, 0x00, 0x00, 0x00, 0x00, 0x00, 0x00, 0x00, 0x00, 0x00, 0x00, 0x00, 0x00,
    0x00, 0x00, 0x2E, 0x60, 0x00, 0x07, 0xF3, 0x00, 0x00, 0x00, 0x9F, 0x50, 0x88, 0x8B, 0xFD, 0x88,
    0x83, 0x00, 0xED, 0x01, 0xFF, 0xFF, 0xFF, 0xFF, 0xF5, 0x07, 0xF7, 0x96, 0xFA, 0x00, 0x00, 0x07,
    0xF5, 0x0D, 0xF1, 0xFA, 0x0C, 0x80, 0x00, 0x03, 0x83, 0x5F, 0xD9, 0xF4, 0x1F, 0xBF, 0xFF, 0xFF,
    0xF3, 0x5F, 0xFF, 0xD0, 0x6F, 0x58, 0x9F, 0xE8, 0x81, 0x03, 0x9F, 0x30, 0xEF, 0x36, 0x9F, 0xC7,
    0x70, 0x03, 0xFB, 0x69, 0xFF, 0x3D, 0xFF, 0xFF, 0xF0, 0x2E, 0xFF, 0xFE, 0xFF, 0x3D, 0xC0, 0x0B,
    0xF0, 0x3F, 0xE9, 0x43, 0x7F, 0x3D, 0xE7, 0x7D, 0xF0, 0x03, 0x00, 0x55, 0x5F, 0x3D, 0xFF, 0xFF,
    0xF0, 0x03, 0x9E, 0xFB, 0x5F, 0x3D, 0xC0, 0x0B, 0xF0, 0x5F, 0xFE, 0x81, 0x5F, 0x3D, 0xE7, 0x7D,
    0xF0, 0x2B, 0x50, 0x00, 0x5F, 0x3D, 0xFF, 0xFF, 0xF0, 0x00, 0x00, 0x00, 0x4D, 0x3B, 0xA0, 0x08,
    0xB0, 0xCF, 0xFF, 0xFF, 0xFF, 0xFF, 0xFF, 0xFC, 0xCF, 0xDC, 0xCC, 0xCC, 0xCC, 0xCD, 0xFC, 0xCF,
    0x20, 0x06, 0x30, 0x03, 0x42, 0xFC, 0xCF, 0x20, 0x1F, 0x90, 0x0B, 0xF2, 0xFC, 0xCF, 0xBB, 0x3F,
    0x9D, 0x4D, 0xD1, 0xFC, 0xCF, 0xBF, 0xDF, 0x6E, 0xEF, 0xA1, 0xFC, 0xCF, 0x2C, 0xFF, 0x14, 0xFF,
    0x71, 0xFC, 0xCF, 0x21, 0xFF, 0x20, 0xAF, 0x81, 0xFC, 0xCF, 0x23, 0xFF, 0xC0, 0xDF, 0xF4, 0xFC,
    0xCF, 0x29, 0xFC, 0xF6, 0xFD, 0xFC, 0xFC, 0xCF, 0x5F, 0xC1, 0x6C, 0xF3, 0xC7, 0xFC, 0xCF, 0xEF,
    0x40, 0x8F, 0xB0, 0x01, 0xFC, 0xCF, 0x99, 0x00, 0x5E, 0x10, 0x02, 0xFC, 0xCF, 0x20, 0x00, 0x00,
    0x0E, 0xFF, 0xFA, 0xBE, 0x20, 0x00, 0x00, 0x07, 0xDD, 0x91, 0x01, 0x44, 0x44, 0x44, 0x44, 0x44,
    0x44, 0x10, 0x05, 0xFF, 0xFF, 0xFF, 0xFF, 0xFF, 0xFF, 0x60, 0x05, 0xF8, 0x0B, 0xF0, 0x1F, 0x90,
    0x8F, 0x60, 0x05, 0xFF, 0xFF, 0xFF, 0xFF, 0xFF, 0xFF, 0x60, 0x01, 0x44, 0x44, 0x6F, 0xE4, 0x44,
    0x44, 0x10, 0x0F, 0xFF, 0xFF, 0xFF, 0xFF, 0xFF, 0xFF, 0xC0, 0x06, 0x66, 0x66, 0x9F, 0xB6, 0x66,
    0x66, 0x40, 0x00, 0x4F, 0xFF, 0xFF, 0xFF, 0xFF, 0xF4, 0x00, 0x00, 0x4F, 0x92, 0x22, 0x22, 0x2A,
    0xF4, 0x00, 0x00, 0x4F, 0xFF, 0xFF, 0xFF, 0xFF, 0xF4, 0x00, 0x00, 0x4F, 0x93, 0x33, 0x33, 0x3B,
    0xF4, 0x00, 0x00, 0x4F, 0xDB, 0xBB, 0xBB, 0xBE, 0xF4, 0x00, 0x00, 0x4F, 0xC8, 0x88, 0x88, 0x8D,
    0xF4, 0x00, 0x00, 0x4F, 0xB6, 0x66, 0x66, 0x6C, 0xF4, 0x00, 0x2F, 0xFF, 0xFF, 0xFF, 0xFF, 0xFF,
    0xFF, 0xF3, 0x15, 0x55, 0x55, 0x55, 0x55, 0x55, 0x55, 0x51, 0x02, 0x45, 0x7A, 0xC1, 0x00, 0x00,
    0x00, 0x00, 0x1F, 0xFF, 0xFF, 0xD6, 0xEF, 0xFA, 0xFF, 0xF3, 0x09, 0x97, 0xF3, 0xE4, 0x89, 0xF9,
    0x9C, 0xF3, 0x07, 0xD7, 0xF8, 0xF1, 0x00, 0xF7, 0x05, 0xF3, 0x5F, 0xFF, 0xFF, 0xFB, 0xE4, 0xFB,
    0xF6, 0xF3, 0x26, 0xBF, 0xFF, 0x74, 0xC9, 0xF8, 0xFA, 0xF3, 0x04, 0xFF, 0xFF, 0xE4, 0x7E, 0xF7,
    0xDE, 0xF3, 0x5F, 0xD7, 0xF5, 0xE8, 0x26, 0xF7, 0x48, 0xF3, 0x4E, 0x25, 0xB1, 0x30, 0x05, 0xF7,
    0x0B, 0xF3, 0x0E, 0xFF, 0xFF, 0xF9, 0x5F, 0xF8, 0xAF, 0xF3, 0x0E, 0xB9, 0xF6, 0xFB, 0xFC, 0xFE,
    0xFC, 0xF3, 0x0E, 0x97, 0xF3, 0xE9, 0xC2, 0xF8, 0x75, 0xF3, 0x0E, 0xFF, 0xFF, 0xF9, 0x00, 0xF7,
    0x05, 0xF3, 0x0E, 0xB9, 0xF6, 0xF9, 0x00, 0xF7, 0x05, 0xF3, 0x0E, 0xFF, 0xFF, 0xF9, 0x49, 0xF7,
    0x9C, 0xF2, 0x0D, 0x70, 0x00, 0xE9, 0x4F, 0xC2, 0xCF, 0xA0, 0x00, 0x00, 0x03, 0xFC, 0x00, 0x00,
    0x00, 0x00, 0x00, 0x00, 0x03, 0xFC, 0x00, 0x00, 0x9E, 0x40, 0x00, 0x9B, 0xBC, 0xFF, 0xBB, 0xB7,
    0xFF, 0x30, 0x00, 0xDF, 0xFF, 0xFF, 0xFF, 0xFF, 0xF6, 0x00, 0x00, 0x00, 0x03, 0xFC, 0x01, 0xEF,
    0xA0, 0x00, 0x00, 0x00, 0x03, 0xFC, 0x0C, 0xFD, 0x10, 0x00, 0x4F, 0xFF, 0xFF, 0xFF, 0xFF, 0xFF,
    0xFF, 0xF4, 0x3C, 0xCC, 0xCC, 0xFF, 0xFD, 0xCC, 0xCC, 0xC3, 0x00, 0x00, 0x2B, 0xFF, 0x90, 0x00,
    0x00, 0x00, 0x00, 0x18, 0xFF, 0xF4, 0x02, 0x8E, 0xA0, 0x00, 0x29, 0xFF, 0xFF, 0xD8, 0xDF, 0xFF,
    0xA2, 0x00, 0x3F, 0xFA, 0x6F, 0xFF, 0xEA, 0x50, 0x00, 0x00, 0x05, 0x20, 0x3F, 0xD2, 0x00, 0x00,
    0x2D, 0x50, 0x00, 0x00, 0x2F, 0xE0, 0x00, 0x00, 0x6F, 0x90, 0x00, 0x00, 0x0E, 0xFF, 0xFF, 0xFF,
    0xFF, 0x40, 0x00, 0x00, 0x02, 0x9A, 0xBB, 0xBB, 0xA5, 0x00, 0x00, 0x00, 0x00, 0xFC, 0x00, 0x00,
    0x12, 0x00, 0x00, 0x00, 0x00, 0xFD, 0x00, 0x00, 0xBF, 0x50, 0x00, 0xDF, 0xFF, 0xFF, 0xFF, 0xFC,
    0xFC, 0x00, 0x00, 0x8A, 0xAA, 0xFF, 0xAA, 0xEF, 0xE1, 0x00, 0x00, 0x00, 0x00, 0xFD, 0x06, 0xFF,
    0x30, 0x00, 0x2A, 0xAA, 0xAA, 0xFF, 0xBF, 0xFD, 0xAA, 0xA2, 0x3F, 0xFF, 0xFF, 0xFF, 0xFF, 0xFF,
    0xFF, 0xF3, 0x00, 0x00, 0x19, 0xFF, 0xB1, 0x00, 0x00, 0x00, 0x00, 0x17, 0xFF, 0xFE, 0x99, 0x99,
    0x93, 0x00, 0x3A, 0xFF, 0xFF, 0xFF, 0xFF, 0xFF, 0xF5, 0x00, 0x3F, 0xE9, 0xFD, 0x00, 0x00, 0x0A,
    0xF5, 0x00, 0x03, 0x01, 0xFF, 0xFF, 0xFF, 0xFF, 0xF5, 0x00, 0x00, 0x01, 0xFE, 0x77, 0x77, 0x7C,
    0xF5, 0x00, 0x00, 0x01, 0xFD, 0x00, 0x00, 0x0A, 0xF5, 0x00, 0x00, 0x01, 0xFF, 0xFF, 0xFF, 0xFF,
    0xF5, 0x00, 0x00, 0x01, 0xFE, 0x99, 0x99, 0x9D, 0xF5, 0x00, 0x00, 0x00, 0x00, 0x00, 0x00, 0x00,
    0x00, 0x00, 0x4F, 0xFF, 0xFF, 0xFF, 0xFF, 0xFF, 0xFF, 0xF4, 0x4F, 0xFF, 0xFF, 0xFF, 0xFF, 0xFF,
    0xFF, 0xF4, 0x00, 0x00, 0x00, 0x9F, 0x90, 0x00, 0x00, 0x00, 0x06, 0xCC, 0xCC, 0xFF, 0xDC, 0xCC,
    0xCC, 0x70, 0x08, 0xFF, 0xFF, 0xFF, 0xFF, 0xFF, 0xFF, 0x90, 0x08, 0xF7, 0x0D, 0xF1, 0x2F, 0xC0,
    0x5F, 0x90, 0x08, 0xF7, 0x0D, 0xF1, 0x2F, 0xC0, 0x5F, 0x90, 0x08, 0xF7, 0x0D, 0xF1, 0x2F, 0xC0,
    0x5F, 0x90, 0x08, 0xF7, 0x0D, 0xF1, 0x2F, 0xC0, 0x5F, 0x90, 0x08, 0xF7, 0x0D, 0xF1, 0x2F, 0xC0,
    0x5F, 0x90, 0x08, 0xF7, 0x0D, 0xF1, 0x2F, 0xC0, 0x5F, 0x90, 0x08, 0xF7, 0x0D, 0xF1, 0x2F, 0xC0,
    0x5F, 0x90, 0x08, 0xF7, 0x0D, 0xF1, 0x2F, 0xC0, 0x5F, 0x90, 0x08, 0xF7, 0x0D, 0xF1, 0x2F, 0xDB,
    0xDF, 0x80, 0x08, 0xF7, 0x07, 0x80, 0x04, 0x3C, 0xFC, 0x20, 0x00, 0x00, 0x00, 0x00, 0x00, 0x00,
    0x00, 0x00, 0x00, 0x00, 0x00, 0x00, 0x64, 0x00, 0x57, 0x20, 0x5F, 0xFF, 0xFF, 0xE1, 0xEF, 0x10,
    0xEF, 0x20, 0x3E, 0xFB, 0xCF, 0xB0, 0x6F, 0x76, 0xF9, 0x00, 0x0A, 0xF0, 0x4F, 0x47, 0xBE, 0xBE,
    0xFC, 0xB0, 0x0A, 0xF9, 0xBF, 0x4A, 0xFF, 0xFF, 0xFF, 0xF0, 0x0A, 0xFF, 0xFF, 0x40, 0x00, 0xFE,
    0x00, 0x00, 0x0A, 0xF0, 0x4F, 0x40, 0x00, 0xFE, 0x00, 0x00, 0x0A, 0xF0, 0x4F, 0x40, 0x00, 0xFE,
    0x00, 0x00, 0x0A, 0xFF, 0xFF, 0x4F, 0xFF, 0xFF, 0xFF, 0xF6, 0x0A, 0xF9, 0xBF, 0x4B, 0xBC, 0xFF,
    0xBB, 0xB4, 0x0A, 0xF0, 0x4F, 0x40, 0x05, 0xFF, 0x30, 0x00, 0x0B, 0xF7, 0xBF, 0xF7, 0x0B, 0xFF,
    0xB0, 0x00, 0x7F, 0xFF, 0xFF, 0xD5, 0x4F, 0xED, 0xF4, 0x00, 0x3B, 0x85, 0x7F, 0x42, 0xEF, 0x53,
    0xFF, 0x50, 0x00, 0x00, 0x4F, 0x9F, 0xF9, 0x00, 0x7F, 0xF6, 0x00, 0x00, 0x4F, 0x6D, 0x80, 0x00,
    0x04, 0xA0, 0x00, 0x00, 0x00, 0x00, 0x00, 0x00, 0x00, 0x00, 0x00, 0x00, 0x00, 0x00, 0x00, 0x00,
    0x00, 0x00, 0x00, 0x4E, 0x80, 0x00, 0x3E, 0x90, 0x00, 0x00, 0x00, 0xBF, 0x78, 0xA0, 0x3F, 0xA0,
    0x6B, 0x00, 0x05, 0xFC, 0x0B, 0xF5, 0x3F, 0xDE, 0xFF, 0x70, 0x1F, 0xFD, 0xCE, 0xFC, 0x3F, 0xFE,
    0x82, 0x00, 0x0D, 0xFF, 0xDC, 0xEF, 0x6F, 0xB0, 0x02, 0x60, 0x02, 0x10, 0x00, 0x32, 0x3F, 0xB0,
    0x06, 0xF6, 0x08, 0xFF, 0xFF, 0xF7, 0x1F, 0xFF, 0xFF, 0xF2, 0x08, 0xFA, 0x9B, 0xF7, 0x05, 0xAA,
    0xAA, 0x50, 0x08, 0xF8, 0x6A, 0xF7, 0x3F, 0xA0, 0x01, 0x00, 0x08, 0xFF, 0xFF, 0xF7, 0x3F, 0xA2,
    0x9F, 0x50, 0x08, 0xF3, 0x06, 0xF7, 0x3F, 0xEF, 0xFD, 0x50, 0x08, 0xFF, 0xFF, 0xF7, 0x3F, 0xFA,
    0x40, 0x00, 0x08, 0xF8, 0x6A, 0xF7, 0x3F, 0xA0, 0x01, 0xB3, 0x08, 0xF3, 0x06, 0xF7, 0x3F, 0xB0,
    0x04, 0xF8, 0x08, 0xF3, 0xAD, 0xF6, 0x1F, 0xFF, 0xFF, 0xF3, 0x08, 0xF3, 0xAF, 0xC1, 0x04, 0xAA,
    0xAA, 0x60, 0x00, 0x00, 0x00, 0x00, 0x00, 0x00, 0x00, 0x00, 0x08, 0xBB, 0xBB, 0x10, 0x8E, 0xB8,
    0x30, 0x00, 0x0C, 0xFF, 0xFF, 0x10, 0x6C, 0xFF, 0xF8, 0x00, 0x0C, 0xE0, 0xAF, 0x10, 0x00, 0x29,
    0xF3, 0x00, 0x0C, 0xE0, 0xAF, 0x19, 0xCC, 0xCC, 0x20, 0x00, 0x0C, 0xFB, 0xEF, 0x1B, 0xFF, 0xFF,
    0x02, 0x20, 0x0C, 0xFF, 0xFF, 0x10, 0x00, 0xDF, 0x0D, 0xF3, 0x0C, 0xE0, 0xAF, 0x8C, 0xC8, 0xDF,
    0xBF, 0xC0, 0x0C, 0xE0, 0xAF, 0xAF, 0xFB, 0xDF, 0xFB, 0x00, 0x0C, 0xE0, 0xAF, 0x13, 0xF9, 0xDF,
    0xF1, 0x00, 0x0D, 0xFF, 0xFF, 0x17, 0xF5, 0xDF, 0xF7, 0x00, 0x0E, 0xFC, 0xEF, 0x1C, 0xF1, 0xDF,
    0xEE, 0x00, 0x0F, 0xB0, 0xAF, 0x6F, 0xB0, 0xDF, 0x8F, 0xA0, 0x1F, 0x90, 0xAF, 0xEF, 0x30, 0xDF,
    0x1F, 0xF7, 0x4F, 0x70, 0xAF, 0xB9, 0x00, 0xDF, 0x05, 0xF3, 0x8F, 0x3E, 0xFF, 0x10, 0x9D, 0xFE,
    0x00, 0x20, 0x4C, 0x09, 0xB5, 0x00, 0x6F, 0xD5, 0x00, 0x00, 0x00, 0x00, 0x00, 0x00, 0x00, 0x00,
    0x00, 0x00, 0x00, 0x00, 0x00, 0x00, 0x00, 0x00, 0x00, 0x00, 0x4E, 0xC0, 0x00, 0x00, 0x00, 0x00,
    0x7F, 0xA0, 0x00, 0x00, 0x9D, 0xDD, 0xEF, 0xED, 0xDD, 0xDC, 0xBF, 0xFF, 0xFF, 0xFF, 0xFF, 0xFE,
    0xBF, 0x30, 0x00, 0x00, 0x01, 0xFE, 0xBF, 0x30, 0x00, 0x00, 0x01, 0xFE, 0xBF, 0xFF, 0xFF, 0xFF,
    0xFF, 0xFE, 0xBF, 0xDC, 0xCC, 0xCC, 0xCC, 0xFE, 0xBF, 0x30, 0x00, 0x00, 0x01, 0xFE, 0xBF, 0x30,
    0x00, 0x00, 0x01, 0xFE, 0xBF, 0xFF, 0xFF, 0xFF, 0xFF, 0xFE, 0xBF, 0xDC, 0xCC, 0xCC, 0xCC, 0xFE,
    0xBF, 0x30, 0x00, 0x00, 0x01, 0xFE, 0xBF, 0xDC, 0xCC, 0xCC, 0xCC, 0xFE, 0xBF, 0xFF, 0xFF, 0xFF,
    0xFF, 0xFE, 0xAE, 0x30, 0x00, 0x00, 0x01, 0xED, 0x00, 0x00, 0x00, 0x00, 0x00, 0x00, 0x00, 0x00,
    0x00, 0x00, 0x1E, 0x90, 0x00, 0x00, 0x00, 0x00, 0x00, 0x00, 0xAF, 0xEA, 0xAA, 0xB3, 0x00, 0x00,
    0x00, 0x07, 0xFF, 0xFF, 0xFF, 0xFB, 0x00, 0x00, 0x00, 0x7F, 0xF2, 0x00, 0x4F, 0xE1, 0x00, 0x00,
    0x09, 0xFF, 0x60, 0x01, 0xEF, 0x50, 0x00, 0x00, 0x6F, 0xFF, 0xFF, 0xFF, 0xFF, 0xFF, 0xFE, 0x00,
    0x0E, 0xEF, 0xDC, 0xCF, 0xFC, 0xCC, 0xFE, 0x00, 0x01, 0x9F, 0x30, 0x0C, 0xF1, 0x00, 0xFE, 0x00,
    0x00, 0x9F, 0x30, 0x0C, 0xF1, 0x00, 0xFE, 0x00, 0x00, 0x9F, 0xFF, 0xFF, 0xFF, 0xFF, 0xFE, 0x00,
    0x00, 0x9F, 0xDD, 0xDD, 0xDD, 0xDD, 0xFE, 0x00, 0x00, 0x9F, 0x30, 0x00, 0x00, 0x00, 0x68, 0x20,
    0x00, 0x9F, 0x30, 0x00, 0x00, 0x00, 0x07, 0xF5, 0x00, 0x8F, 0x70, 0x00, 0x00, 0x00, 0x1D, 0xF3,
    0x00, 0x4F, 0xFF, 0xFF, 0xFF, 0xFF, 0xFF, 0xD0, 0x00, 0x04, 0x9B, 0xBB, 0xBB, 0xBB, 0xA8, 0x10,
    0x00, 0x00, 0xBE, 0x20, 0x02, 0xEC, 0x00, 0x00, 0x00, 0x00, 0xCF, 0x30, 0x02, 0xFE, 0x00, 0x00,
    0x3F, 0xFF, 0xFF, 0xFF, 0xFF, 0xFF, 0xFF, 0xF3, 0x2D, 0xDD, 0xFF, 0xED, 0xDD, 0xFF, 0xDD, 0xD3,
    0x00, 0x00, 0xCF, 0x30, 0x02, 0xFE, 0x00, 0x00, 0x00, 0x00, 0x46, 0x10, 0x00, 0x65, 0x00, 0x00,
    0x06, 0xDD, 0xDD, 0xDD, 0xDD, 0xDD, 0xDC, 0x00, 0x07, 0xFF, 0xFF, 0xFF, 0xFF, 0xFF, 0xFF, 0x00,
    0x00, 0x00, 0x0B, 0xF5, 0x00, 0x00, 0xFF, 0x00, 0x00, 0x00, 0x0B, 0xF5, 0x00, 0x00, 0xFF, 0x00,
    0x00, 0x00, 0x0B, 0xF5, 0x00, 0x00, 0xFF, 0x00, 0x00, 0x00, 0x0B, 0xF5, 0x00, 0x01, 0xFF, 0x00,
    0x00, 0x00, 0x0B, 0xF5, 0x0B, 0xFF, 0xFD, 0x00, 0x00, 0x00, 0x0B, 0xF5, 0x06, 0xFF, 0xC4, 0x00,
    0x00, 0x00, 0x0B, 0xF5, 0x00, 0x00, 0x00, 0x00, 0x00, 0x00, 0x0A, 0xF5, 0x00, 0x00, 0x00, 0x00,
    0x00, 0x00, 0xEF, 0x00, 0x00, 0xFD, 0x00, 0x00, 0x0B, 0xBB, 0xFF, 0xBB, 0xBB, 0xFF, 0xBB, 0xB0,
    0x0F, 0xFF, 0xFF, 0xFF, 0xFF, 0xFF, 0xFF, 0xF0, 0x00, 0x00, 0xEF, 0x00, 0x00, 0xFD, 0x00, 0x00,
    0x00, 0x00, 0xBC, 0x1F, 0xE0, 0xCA, 0x00, 0x00, 0x00, 0x7A, 0xAA, 0xAF, 0xFA, 0xAA, 0xA8, 0x00,
    0x00, 0xAF, 0xFF, 0xFF, 0xFF, 0xFF, 0xFC, 0x00, 0x00, 0xAF, 0x20, 0x1F, 0xE0, 0x02, 0xFC, 0x00,
    0x00, 0xAF, 0x20, 0x1F, 0xE0, 0x02, 0xFC, 0x00, 0x2C, 0xEF, 0xCC, 0xCF, 0xFC, 0xCC, 0xFF, 0xC2,
    0x3F, 0xFF, 0xFF, 0xFF, 0xFF, 0xFF, 0xFF, 0xF3, 0x00, 0x00, 0x02, 0xFF, 0xFE, 0x20, 0x00, 0x00,
    0x00, 0x00, 0x5E, 0xFB, 0x8F, 0xE5, 0x00, 0x00, 0x02, 0x6D, 0xFF, 0xC1, 0x0A, 0xFF, 0xD7, 0x30,
    0x4F, 0xFF, 0xE7, 0x00, 0x00, 0x7F, 0xFF, 0xF4, 0x0A, 0xB6, 0x00, 0x00, 0x00, 0x01, 0x7B, 0xA0,
    0x00, 0x00, 0x9F, 0x50, 0x04, 0xFA, 0x00, 0x00, 0x1F, 0xFF, 0xFF, 0xFF, 0xFF, 0xFF, 0xFF, 0xF2,
    0x1A, 0xAA, 0xEF, 0xCA, 0xAC, 0xFE, 0xAA, 0xA1, 0x00, 0x00, 0x7C, 0x40, 0x05, 0xDC, 0xA3, 0x00,
    0x06, 0xAB, 0xCD, 0xDF, 0xFF, 0xFF, 0xFE, 0x10, 0x07, 0xFE, 0xED, 0xCC, 0xB9, 0x86, 0x83, 0x00,
    0x00, 0x5A, 0x00, 0x5E, 0x60, 0x00, 0xEF, 0x30, 0x00, 0xBF, 0x50, 0x3F, 0xC0, 0x06, 0xFA, 0x00,
    0x00, 0x2F, 0xC0, 0x0E, 0xA0, 0x0E, 0xF1, 0x00, 0x00, 0x05, 0x00, 0x0F, 0xF0, 0x02, 0x40, 0x00,
    0x1F, 0xFF, 0xFF, 0xFF, 0xFF, 0xFF, 0xFF, 0xF2, 0x1A, 0xAA, 0xBF, 0xFF, 0xFF, 0xEA, 0xAA, 0xA1,
    0x00, 0x04, 0xDF, 0xDF, 0xFD, 0xFB, 0x20, 0x00, 0x27, 0xDF, 0xFA, 0x1F, 0xF1, 0xBF, 0xFC, 0x71,
    0x3F, 0xFD, 0x50, 0x0F, 0xF0, 0x06, 0xDF, 0xE1, 0x05, 0x40, 0x00, 0x0F, 0xF0, 0x00, 0x04, 0x30,
    0x00, 0x00, 0x9F, 0x40, 0x05, 0xF9, 0x00, 0x00, 0x2F, 0xFF, 0xFF, 0xFF, 0xFF, 0xFF, 0xFF, 0xF2,
    0x19, 0x99, 0xDF, 0xB9, 0x9B, 0xFD, 0x9E, 0x91, 0x00, 0x00, 0x6A, 0x30, 0x04, 0xFD, 0x3F, 0xA0,
    0x05, 0x35, 0x99, 0x99, 0x99, 0xEF, 0x9F, 0xE3, 0x0D, 0x89, 0xFF, 0xFF, 0xFF, 0xFF, 0xFF, 0xF4,
    0x0D, 0x89, 0xF1, 0x22, 0x22, 0xAF, 0x02, 0x00, 0x0D, 0xFF, 0xF7, 0xFF, 0xFF, 0xBF, 0x2F, 0xB0,
    0x0B, 0xBD, 0xF7, 0xD5, 0xF1, 0x7F, 0x7F, 0x60, 0x48, 0x8D, 0xF7, 0xFF, 0xFF, 0x9F, 0xDF, 0x20,
    0x8F, 0xFF, 0xE7, 0xD1, 0x3F, 0x6F, 0xFC, 0x00, 0x0C, 0x9B, 0xD7, 0xFF, 0xFF, 0x3F, 0xF5, 0x00,
    0x0D, 0x8D, 0xC7, 0xD4, 0xF0, 0x2F, 0xF0, 0x72, 0x0F, 0x6F, 0xA7, 0xFF, 0xFF, 0xEF, 0xF4, 0xB9,
    0x6F, 0x7F, 0x77, 0xE3, 0x4E, 0xFA, 0xEE, 0xF6, 0x4A, 0x2C, 0x10, 0x10, 0x08, 0x90, 0x4E, 0xD1,
    0x00, 0x00, 0x00, 0x00, 0x00, 0x00, 0x00, 0x00, 0x00, 0x49, 0x99, 0x99, 0x99, 0x99, 0x94, 0x00,
    0x00, 0x7F, 0xFF, 0xFF, 0xFF, 0xFF, 0xF6, 0x00, 0x00, 0x7F, 0x80, 0x00, 0x00, 0x0B, 0xF6, 0x00,
    0x00, 0x7F, 0xD9, 0x99, 0x99, 0x9E, 0xF6, 0x00, 0x00, 0x7F, 0xFF, 0xFF, 0xFF, 0xFF, 0xF6, 0x00,
    0x00, 0x00, 0x00, 0x1F, 0xF0, 0x00, 0x00, 0x00, 0x01, 0xAA, 0xAA, 0xBF, 0xFA, 0xAA, 0xAA, 0x00,
    0x01, 0xFF, 0xFF, 0xFF, 0xFF, 0xFF, 0xFF, 0x00, 0x01, 0xFF, 0x00, 0x1F, 0xF0, 0x01, 0xFF, 0x00,
    0x01, 0xFF, 0x00, 0x1F, 0xF0, 0x01, 0xFF, 0x00, 0x01, 0xFF, 0xFF, 0xFF, 0xFF, 0xFF, 0xFF, 0x00,
    0x01, 0xFF, 0xBB, 0xBF, 0xFB, 0xBB, 0xCB, 0x00, 0x00, 0x99, 0x00, 0x1F, 0xF0, 0x1D, 0xF3, 0x00,
    0x00, 0x00, 0x00, 0x1F, 0xF9, 0xAD, 0xFE, 0x20, 0x2D, 0xEE, 0xEF, 0xFF, 0xFF, 0xFF, 0xFF, 0xD0,
    0x1E, 0xCA, 0x97, 0x65, 0x43, 0x21, 0x0A, 0x81, 0x00, 0x05, 0xC4, 0x00, 0x00, 0x00, 0x00, 0x00,
    0x00, 0x3F, 0xF6, 0x0D, 0xFF, 0xFF, 0xFF, 0xF0, 0x04, 0xFF, 0x80, 0x0B, 0xDD, 0xDD, 0xDD, 0xC0,
    0x5F, 0xF9, 0x10, 0x00, 0x00, 0x00, 0x00, 0x00, 0x1F, 0x90, 0xDD, 0x30, 0x00, 0x00, 0x00, 0x00,
    0x04, 0x08, 0xFD, 0x00, 0x00, 0x00, 0x00, 0x00, 0x00, 0x3F, 0xF4, 0x8F, 0xFF, 0xFF, 0xFF, 0xF5,
    0x03, 0xEF, 0xC0, 0x7D, 0xDD, 0xDF, 0xFD, 0xD4, 0x4F, 0xFF, 0xC0, 0x00, 0x00, 0x0C, 0xF2, 0x00,
    0x6F, 0xEF, 0xC0, 0x00, 0x00, 0x0C, 0xF2, 0x00, 0x07, 0x3F, 0xC0, 0x00, 0x00, 0x0C, 0xF2, 0x00,
    0x00, 0x2F, 0xC0, 0x00, 0x00, 0x0C, 0xF2, 0x00, 0x00, 0x2F, 0xC0, 0x00, 0x00, 0x0C, 0xF2, 0x00,
    0x00, 0x2F, 0xC0, 0x00, 0x00, 0x0D, 0xF2, 0x00, 0x00, 0x2F, 0xC0, 0x00, 0x4F, 0xFF, 0xF0, 0x00,
    0x00, 0x2F, 0xC0, 0x00, 0x0E, 0xEC, 0x50, 0x00, 0x00, 0x00, 0x00, 0x0E, 0xD0, 0x00, 0x00, 0x00,
    0x04, 0x99, 0x99, 0x9F, 0xF9, 0x99, 0x99, 0x50, 0x06, 0xFF, 0xFF, 0xFF, 0xFF, 0xFF, 0xFF, 0x80,
    0x00, 0x00, 0x00, 0x0F, 0xE0, 0x00, 0x00, 0x00, 0x00, 0x9F, 0xFF, 0xFF, 0xFF, 0xFF, 0xFE, 0x00,
    0x00, 0x58, 0x88, 0x8F, 0xF8, 0x88, 0x87, 0x00, 0x19, 0x99, 0x99, 0xAF, 0xF9, 0x99, 0x99, 0x90,
    0x1F, 0xFF, 0xFF, 0xFF, 0xFF, 0xFF, 0xFF, 0xF0, 0x00, 0x00, 0x5E, 0xF8, 0xFE, 0x00, 0x16, 0x00,
    0x00, 0x1A, 0xFF, 0x70, 0x9F, 0x72, 0xDF, 0x80, 0x2A, 0xFF, 0xFC, 0x00, 0x3F, 0xEF, 0xF9, 0x00,
    0x3F, 0xFB, 0xFC, 0x00, 0x09, 0xFF, 0x60, 0x00, 0x04, 0x13, 0xFC, 0x26, 0xB5, 0xDF, 0xE3, 0x00,
    0x00, 0x08, 0xFF, 0xFF, 0xF7, 0x1D, 0xFF, 0xB3, 0x00, 0x0D, 0xFF, 0xE9, 0x30, 0x00, 0x9F, 0xE1,
    0x00, 0x06, 0x93, 0x00, 0x00, 0x00, 0x02, 0x40, 0x00, 0x69, 0x00, 0x00, 0x00, 0xFC, 0x00, 0x00,
    0x00, 0xBF, 0x40, 0x00, 0x00, 0xFC, 0x00, 0x00, 0x00, 0x3F, 0x60, 0x4B, 0xBC, 0xFF, 0xBC, 0xB4,
    0x6F, 0xFF, 0xF9, 0x5F, 0xFF, 0xFF, 0xFF, 0xF3, 0x4B, 0xBD, 0xF7, 0x5F, 0x50, 0xFC, 0x0D, 0xF0,
    0x00, 0x0B, 0xE0, 0x5F, 0x50, 0xFC, 0x0C, 0x90, 0x00, 0x6F, 0x8B, 0x8F, 0xCA, 0xFE, 0xAA, 0x70,
    0x03, 0xFF, 0xCE, 0xAF, 0xFF, 0xFF, 0xFF, 0xB0, 0x3E, 0xFF, 0xF6, 0x8F, 0xFE, 0x10, 0x7F, 0x60,
    0x9F, 0xFF, 0xEE, 0xBF, 0x8F, 0x80, 0xEF, 0x10, 0x3A, 0x9F, 0x6D, 0xBF, 0x0D, 0xF8, 0xFA, 0x00,
    0x00, 0x9F, 0x21, 0xED, 0x05, 0xFF, 0xF1, 0x00, 0x00, 0x9F, 0x23, 0xFA, 0x03, 0xFF, 0xD1, 0x00,
    0x00, 0x9F, 0x3B, 0xF5, 0x7F, 0xFF, 0xFE, 0x60, 0x00, 0x9F, 0x4F, 0xEB, 0xFF, 0x71, 0xCF, 0xF5,
    0x00, 0x9F, 0x24, 0x42, 0xB3, 0x00, 0x06, 0x90, 0x3F, 0xFF, 0xFF, 0xFF, 0xFF, 0xFF, 0xFF, 0xF2,
    0x3D, 0xDD, 0xDF, 0xFD, 0xEF, 0xFD, 0xDD, 0xD2, 0x00, 0x00, 0x09, 0xF1, 0x3F, 0x90, 0x00, 0x00,
    0x00, 0x00, 0x09, 0xF1, 0x3F, 0x90, 0x00, 0x00, 0x06, 0xFF, 0xFF, 0xFF, 0xFF, 0xFF, 0xFF, 0x90,
    0x06, 0xFE, 0xCE, 0xFC, 0xDF, 0xEC, 0xDF, 0x90, 0x06, 0xF7, 0x0D, 0xF0, 0x3F, 0x90, 0x5F, 0x90,
    0x06, 0xF7, 0x2F, 0xB0, 0x3F, 0x90, 0x5F, 0x90, 0x06, 0xFA, 0xDF, 0x40, 0x2F, 0xFC, 0xDF, 0x90,
    0x06, 0xFF, 0xF7, 0x00, 0x0A, 0xFF, 0xFF, 0x90, 0x06, 0xF8, 0x30, 0x00, 0x00, 0x00, 0x5F, 0x90,
    0x06, 0xF7, 0x00, 0x00, 0x00, 0x00, 0x5F, 0x90, 0x06, 0xFD, 0xCC, 0xCC, 0xCC, 0xCC, 0xDF, 0x90,
    0x06, 0xFF, 0xFF, 0xFF, 0xFF, 0xFF, 0xFF, 0x90, 0x06, 0xF6, 0x00, 0x00, 0x00, 0x00, 0x5E, 0x80,
    0x0F, 0xFF, 0xFF, 0xFF, 0xFF, 0xFF, 0xFF, 0xF0, 0x0A, 0xAA, 0xAF, 0xFA, 0xBF, 0xEA, 0xAA, 0xA0,
    0x02, 0x88, 0x8E, 0xF8, 0x9F, 0xD8, 0x88, 0x30, 0x04, 0xFF, 0xFF, 0xFF, 0xFF, 0xFF, 0xFF, 0x70,
    0x04, 0xF7, 0x0D, 0xF0, 0x3F, 0x90, 0x7F, 0x70, 0x04, 0xFB, 0x7E, 0xF7, 0x9F, 0xC7, 0xBF, 0x70,
    0x04, 0xFF, 0xFF, 0xFF, 0xFF, 0xFF, 0xFF, 0x70, 0x00, 0x00, 0x07, 0xFA, 0x00, 0x00, 0x00, 0x00,
    0x4F, 0xFF, 0xFF, 0xFF, 0xFF, 0xFF, 0xFF, 0xF4, 0x3A, 0xAA, 0xFF, 0xCA, 0xAA, 0xFF, 0xBA, 0xA3,
    0x00, 0x06, 0xFF, 0x40, 0x09, 0xFB, 0x00, 0x00, 0x00, 0x0D, 0xFF, 0xFF, 0xCF, 0xF2, 0x00, 0x00,
    0x00, 0x00, 0x3A, 0xFF, 0xFF, 0xFB, 0x61, 0x00, 0x0A, 0xCD, 0xFF, 0xFE, 0x9A, 0xEF, 0xFF, 0x70,
    0x08, 0xED, 0xA8, 0x30, 0x00, 0x04, 0x9B, 0x00, 0x04, 0x44, 0x44, 0x44, 0x44, 0x44, 0x44, 0x40,
    0x0F, 0xFF, 0xFF, 0xFF, 0xFF, 0xFF, 0xFF, 0xF0, 0x04, 0xFF, 0xFF, 0xFF, 0xFF, 0xFF, 0xFF, 0x70,
    0x04, 0xF8, 0x2C, 0xF2, 0x4F, 0xB2, 0x7F, 0x70, 0x04, 0xFF, 0xFF, 0xFF, 0xFF, 0xFF, 0xFF, 0x70,
    0x00, 0x28, 0x41, 0x5F, 0x71, 0x11, 0x11, 0x00, 0x00, 0x8F, 0x90, 0xCF, 0xFF, 0xFF, 0xFF, 0xD0,
    0x1B, 0xFB, 0x0A, 0xFB, 0x33, 0x33, 0x33, 0x30, 0x3F, 0x9A, 0xFF, 0xFF, 0xED, 0xDD, 0xEF, 0x10,
    0x01, 0x6F, 0xA2, 0x8F, 0xDC, 0xCC, 0xEF, 0x10, 0x07, 0xFF, 0x20, 0x5F, 0xED, 0xDD, 0xEF, 0x10,
    0x5F, 0xFF, 0x20, 0x08, 0xFE, 0x10, 0x10, 0x00, 0x08, 0x9F, 0x27, 0xEF, 0xFF, 0xFF, 0xFD, 0x00,
    0x00, 0x8F, 0x25, 0xBB, 0xF8, 0x7E, 0xE3, 0x00, 0x00, 0x8F, 0x34, 0x79, 0xFF, 0xFF, 0xB7, 0x51,
    0x00, 0x8F, 0x2D, 0xDB, 0x85, 0x37, 0xBD, 0xE1, 0x00, 0x8F, 0xFF, 0xFF, 0xFF, 0xFF, 0xF7, 0x00,
    0x00, 0x8F, 0xFF, 0xFF, 0xFF, 0xFF, 0xF7, 0x00, 0x00, 0x8F, 0x70, 0x00, 0x00, 0x09, 0xF7, 0x00,
    0x00, 0x8F, 0x70, 0x2D, 0xB0, 0x09, 0xF7, 0x00, 0x00, 0x8F, 0x70, 0x3F, 0xC0, 0x09, 0xF7, 0x00,
    0x00, 0x8F, 0x70, 0x4F, 0xC0, 0x09, 0xF7, 0x00, 0x00, 0x8F, 0x70, 0x5F, 0xA0, 0x09, 0xF7, 0x00,
    0x00, 0x8F, 0x70, 0x8F, 0x80, 0x09, 0xF7, 0x00, 0x00, 0x8F, 0x70, 0xCF, 0xFD, 0x09, 0xF7, 0x00,
    0x00, 0x25, 0x21, 0xFF, 0xFD, 0x03, 0x52, 0x00, 0x00, 0x00, 0x09, 0xFA, 0xFD, 0x00, 0x05, 0x81,
    0x00, 0x00, 0x7F, 0xF3, 0xFD, 0x00, 0x06, 0xF5, 0x00, 0x2B, 0xFF, 0x70, 0xFE, 0x00, 0x09, 0xF3,
    0x2C, 0xFF, 0xF7, 0x00, 0xDF, 0xFF, 0xFF, 0xE0, 0x0C, 0xD8, 0x10, 0x00, 0x3A, 0xCC, 0xCB, 0x40,
    0x00, 0x00, 0x00, 0x00, 0x00, 0x00, 0x00, 0x00, 0x00, 0x00, 0x00, 0x00, 0x00, 0x00, 0x00, 0x00,
    0x00, 0x00, 0x0C, 0xA0, 0x1F, 0xA0, 0x00, 0x00, 0x06, 0xF6, 0x0F, 0xD0, 0x6F, 0xEA, 0xAA, 0xA1,
    0x06, 0xF6, 0x0F, 0xD0, 0xBF, 0xFF, 0xFF, 0xF1, 0x06, 0xF6, 0x0F, 0xD2, 0xFE, 0x17, 0x60, 0x00,
    0x06, 0xF6, 0x0F, 0xDA, 0xF8, 0x1F, 0xF1, 0x00, 0x04, 0xA4, 0x0F, 0xD5, 0xE1, 0x08, 0xF9, 0x00,
    0x00, 0x00, 0x03, 0x30, 0x00, 0x01, 0x81, 0x00, 0x00, 0x3F, 0xFF, 0xFF, 0xFF, 0xFF, 0xF7, 0x00,
    0x00, 0x3F, 0xEB, 0xBB, 0xBB, 0xBD, 0xF7, 0x00, 0x00, 0x3F, 0xA0, 0x1B, 0xB0, 0x08, 0xF7, 0x00,
    0x00, 0x3F, 0xA0, 0x2F, 0xE0, 0x08, 0xF7, 0x00, 0x00, 0x3F, 0xA0, 0x6F, 0xFB, 0x28, 0xF7, 0x00,
    0x00, 0x15, 0x24, 0xFF, 0xFF, 0x30, 0x03, 0x20, 0x00, 0x16, 0xCF, 0xF8, 0xBF, 0x40, 0x09, 0xF2,
    0x0B, 0xFF, 0xFC, 0x30, 0x8F, 0xFF, 0xFF, 0xE0, 0x02, 0xD8, 0x30, 0x00, 0x06, 0x89, 0x98, 0x20,
    0x00, 0x00, 0x00, 0x00, 0x00, 0x00, 0x00, 0x00, 0x00, 0x00, 0x7E, 0xA0, 0x00, 0x00, 0x00, 0x00,
    0x00, 0x01, 0xFF, 0xFF, 0xFF, 0xFC, 0x10, 0x00, 0x00, 0x0B, 0xFD, 0x99, 0x9D, 0xFE, 0x10, 0x00,
    0x00, 0xAF, 0xF2, 0x00, 0x1E, 0xF3, 0x00, 0x00, 0x0B, 0xFF, 0xFF, 0xFF, 0xFF, 0xFF, 0xFF, 0x40,
    0x0B, 0xFF, 0xFB, 0xBD, 0xFD, 0xBB, 0xEF, 0x40, 0x01, 0x5F, 0xD0, 0x07, 0xF7, 0x00, 0xAF, 0x40,
    0x00, 0x1F, 0xFA, 0xAC, 0xFD, 0xAA, 0xEF, 0x40, 0x00, 0x2F, 0xFF, 0xFF, 0xFF, 0xFF, 0xFF, 0x40,
    0x00, 0x3F, 0xC0, 0x07, 0xF7, 0x00, 0xAF, 0x40, 0x00, 0x5F, 0xEA, 0xAD, 0xFD, 0xAA, 0xEF, 0x40,
    0x00, 0x7F, 0xFF, 0xFF, 0xFF, 0xFF, 0xFF, 0x40, 0x00, 0xCF, 0x40, 0x07, 0xF7, 0x00, 0xAF, 0x40,
    0x04, 0xFE, 0x00, 0x07, 0xF7, 0x00, 0xCF, 0x40, 0x0D, 0xF8, 0x00, 0x07, 0xF7, 0xDF, 0xFF, 0x20,
    0x02, 0xB0, 0x00, 0x03, 0x73, 0x6C, 0xB6, 0x00, 0x00, 0x00, 0x00, 0x00, 0x00, 0x00, 0x00, 0x00,
    0x00, 0x7C, 0x30, 0x00, 0x00, 0x00, 0x00, 0x00, 0x00, 0xCF, 0x87, 0x30, 0xEF, 0xFF, 0xFF, 0xF1,
    0x01, 0xFF, 0xFF, 0xF0, 0x8A, 0xFC, 0x9D, 0xF0, 0x08, 0xF5, 0x1F, 0xB0, 0x07, 0xF4, 0x0B, 0xF0,
    0x1F, 0xF6, 0x9F, 0xA4, 0x0D, 0xF0, 0x0D, 0xE0, 0x7F, 0xFF, 0xFF, 0xFD, 0xDF, 0x65, 0xFF, 0xB0,
    0x09, 0xF2, 0xF4, 0xCC, 0xD9, 0x04, 0xD6, 0x00, 0x06, 0xF7, 0xF8, 0xEB, 0x3F, 0x6B, 0xF1, 0x00,
    0x06, 0xFF, 0xFF, 0xFB, 0x6F, 0xFF, 0xFF, 0xF2, 0x07, 0xF2, 0xF4, 0xCC, 0xDD, 0x9E, 0xFA, 0x91,
    0x08, 0xF7, 0xF9, 0xEC, 0xB5, 0x0B, 0xF1, 0x00, 0x09, 0xFF, 0xFF, 0xFB, 0x8A, 0xAE, 0xFA, 0xA4,
    0x0B, 0xD0, 0xF4, 0xCB, 0xCF, 0xFF, 0xFF, 0xF7, 0x0E, 0xA0, 0xF4, 0xDB, 0x00, 0x0B, 0xF1, 0x00,
    0x5F, 0x60, 0xFC, 0xFA, 0x00, 0x0B, 0xF1, 0x00, 0x3C, 0x00, 0x04, 0x81, 0x00, 0x0B, 0xF1, 0x00,
    0x00, 0x00, 0x00, 0x00, 0x00, 0x00, 0x00, 0x00, 0x00, 0x7D, 0x30, 0x00, 0x00, 0x9F, 0x50, 0x00,
    0x00, 0xCF, 0x97, 0x20, 0x00, 0x9F, 0x60, 0x00, 0x01, 0xFF, 0xFF, 0xD0, 0x00, 0x9F, 0x60, 0x00,
    0x08, 0xF6, 0x3F, 0x80, 0xEF, 0xFF, 0xFF, 0xD0, 0x1F, 0xF7, 0xAF, 0x83, 0xED, 0xBF, 0xAE, 0xD0,
    0x6F, 0xFF, 0xFF, 0xF8, 0xE9, 0x5F, 0x3B, 0xD0, 0x09, 0xF2, 0xF3, 0xE8, 0xE9, 0x5F, 0x3B, 0xD0,
    0x08, 0xF7, 0xF7, 0xF8, 0xE9, 0x5F, 0x3B, 0xD0, 0x08, 0xFF, 0xFF, 0xF8, 0xED, 0xBF, 0xAE, 0xD0,
    0x08, 0xF2, 0xF3, 0xE8, 0xEF, 0xFF, 0xFF, 0xD0, 0x09, 0xF8, 0xF8, 0xF8, 0x00, 0x8F, 0x61, 0x10,
    0x0A, 0xFF, 0xFF, 0xF8, 0x00, 0x8F, 0x8F, 0x70, 0x0C, 0xC2, 0xF3, 0xE8, 0x00, 0x8F, 0x8E, 0xD0,
    0x0F, 0x92, 0xF3, 0xEC, 0xDE, 0xFF, 0xFF, 0xF3, 0x5F, 0x52, 0xFC, 0xFA, 0xFF, 0xEC, 0xA9, 0xF7,
    0x09, 0x00, 0x33, 0x60, 0x20, 0x00, 0x00, 0x93, 0x00, 0x58, 0x00, 0x00, 0x04, 0xEB, 0x00, 0x00,
    0x00, 0xDF, 0xA0, 0x00, 0x04, 0xFC, 0x00, 0x00, 0x00, 0x1C, 0xF8, 0x00, 0x04, 0xFC, 0x00, 0x00,
    0x00, 0x01, 0xA0, 0x00, 0x04, 0xFC, 0x00, 0x00, 0x00, 0x00, 0x00, 0x00, 0x04, 0xFC, 0x00, 0x00,
    0x5E, 0xEE, 0xC2, 0xFF, 0xFF, 0xFF, 0xFF, 0xF7, 0x6F, 0xFF, 0xE2, 0xFF, 0xFF, 0xFF, 0xFF, 0xF7,
    0x00, 0x0F, 0xE0, 0x00, 0x04, 0xFC, 0x00, 0x00, 0x00, 0x0F, 0xE0, 0x00, 0x04, 0xFC, 0x00, 0x00,
    0x00, 0x0F, 0xE0, 0x00, 0x04, 0xFC, 0x00, 0x00, 0x00, 0x0F, 0xE0, 0x30, 0x04, 0xFC, 0x00, 0x00,
    0x00, 0x0F, 0xEC, 0xC0, 0x04, 0xFC, 0x00, 0x00, 0x00, 0x2F, 0xFF, 0xD0, 0x04, 0xFC, 0x00, 0x00,
    0x00, 0x9F, 0xFA, 0x00, 0x04, 0xFC, 0x00, 0x00, 0x00, 0x9F, 0x80, 0x00, 0x04, 0xFC, 0x00, 0x00,
    0x00, 0x26, 0x00, 0x00, 0x04, 0xFB, 0x00, 0x00, 0x00, 0x37, 0x00, 0x00, 0x05, 0xE8, 0x00, 0x00,
    0x00, 0xDF, 0x80, 0x00, 0x06, 0xF8, 0x00, 0x00, 0x00, 0x2E, 0xF7, 0x00, 0x06, 0xF8, 0x00, 0x00,
    0x00, 0x03, 0xC1, 0x00, 0x06, 0xF7, 0x00, 0x00, 0x00, 0x00, 0x00, 0x00, 0x07, 0xF7, 0x00, 0x00,
    0x5D, 0xDD, 0xB0, 0x00, 0x09, 0xF8, 0x00, 0x00, 0x6F, 0xFF, 0xD0, 0x00, 0x0A, 0xFA, 0x00, 0x00,
    0x00, 0x0F, 0xD0, 0x00, 0x0C, 0xFE, 0x00, 0x00, 0x00, 0x0F, 0xD0, 0x00, 0x0E, 0xFF, 0x10, 0x00,
    0x00, 0x0F, 0xD0, 0x00, 0x3F, 0xFF, 0x60, 0x00, 0x00, 0x0F, 0xD0, 0x10, 0x8F, 0x9F, 0xD0, 0x00,
    0x00, 0x0F, 0xEC, 0x80, 0xEF, 0x1A, 0xF4, 0x00, 0x00, 0x1F, 0xFF, 0x99, 0xFA, 0x04, 0xFD, 0x00,
    0x00, 0x6F, 0xF7, 0x6F, 0xF3, 0x00, 0xCF, 0xA0, 0x00, 0xAF, 0x51, 0xEF, 0x80, 0x00, 0x2F, 0xF6,
    0x00, 0x13, 0x00, 0x39, 0x00, 0x00, 0x03, 0xA0, 0x00, 0x55, 0x00, 0x00, 0x0C, 0xD0, 0x00, 0x00,
    0x00, 0xEF, 0x60, 0x00, 0x0F, 0xF0, 0x00, 0x00, 0x00, 0x3F, 0xF3, 0x00, 0x0F, 0xF0, 0x00, 0x00,
    0x00, 0x03, 0xA0, 0x00, 0x0F, 0xF0, 0x00, 0x00, 0x00, 0x00, 0x00, 0x00, 0x0F, 0xF0, 0x00, 0x00,
    0x5D, 0xDD, 0x80, 0x00, 0x0F, 0xFD, 0xDD, 0x60, 0x6F, 0xFF, 0xA0, 0x00, 0x0F, 0xFF, 0xFF, 0x80,
    0x00, 0x2F, 0xA0, 0x00, 0x0F, 0xF0, 0x00, 0x00, 0x00, 0x2F, 0xA0, 0x00, 0x0F, 0xF0, 0x00, 0x00,
    0x00, 0x2F, 0xA0, 0x00, 0x0F, 0xF0, 0x00, 0x00, 0x00, 0x2F, 0xA5, 0x40, 0x0F, 0xF0, 0x00, 0x00,
    0x00, 0x2F, 0xEF, 0x90, 0x0F, 0xF0, 0x00, 0x00, 0x00, 0x5F, 0xFC, 0x10, 0x0F, 0xF0, 0x00, 0x00,
    0x00, 0xCF, 0xB9, 0xDD, 0xDF, 0xFE, 0xDD, 0xD7, 0x01, 0xDA, 0x0A, 0xFF, 0xFF, 0xFF, 0xFF, 0xF8,
    0x00, 0x10, 0x00, 0x00, 0x00, 0x00, 0x00, 0x00, 0x00, 0x53, 0x00, 0x00, 0x00, 0x00, 0x00, 0x00,
    0x02, 0xFF, 0x40, 0x5E, 0xEE, 0xEE, 0xEE, 0x80, 0x00, 0x6F, 0xF4, 0x6F, 0xFF, 0xFF, 0xFF, 0x90,
    0x00, 0x08, 0xF2, 0x00, 0x00, 0x00, 0x5F, 0x90, 0x00, 0x00, 0x30, 0x00, 0x00, 0x00, 0x5F, 0x90,
    0x5D, 0xDD, 0xB0, 0x00, 0x00, 0x00, 0x5F, 0x90, 0x6F, 0xFF, 0xD0, 0x00, 0x00, 0x00, 0x5F, 0x90,
    0x00, 0x0F, 0xD0, 0x0F, 0xFF, 0xFF, 0xFF, 0x90, 0x00, 0x0F, 0xD0, 0x0F, 0xFC, 0xCC, 0xEF, 0x90,
    0x00, 0x0F, 0xD0, 0x0F, 0xE0, 0x00, 0x3A, 0x60, 0x00, 0x0F, 0xD0, 0x0F, 0xE0, 0x00, 0x00, 0x00,
    0x00, 0x0F, 0xD6, 0x3F, 0xE0, 0x00, 0x02, 0x40, 0x00, 0x1F, 0xFF, 0x8F, 0xE0, 0x00, 0x05, 0xF7,
    0x00, 0x4F, 0xFD, 0x3F, 0xF1, 0x00, 0x09, 0xF5, 0x00, 0xBF, 0xB1, 0x0D, 0xFF, 0xFF, 0xFF, 0xF1,
    0x00, 0x38, 0x00, 0x03, 0xBD, 0xDD, 0xDB, 0x50, 0x00, 0x00, 0x00, 0x00, 0x00, 0x00, 0x00, 0x00,
    0x00, 0x92, 0x00, 0x00, 0x08, 0xE7, 0x00, 0x00, 0x06, 0xFE, 0x30, 0x00, 0x1F, 0xFE, 0x10, 0x00,
    0x00, 0x8F, 0xF4, 0x00, 0xBF, 0xFF, 0xA0, 0x00, 0x00, 0x07, 0xE1, 0x07, 0xFE, 0x2D, 0xF5, 0x00,
    0x00, 0x00, 0x10, 0x5F, 0xF4, 0x03, 0xFF, 0x40, 0x6D, 0xDD, 0x77, 0xFF, 0x60, 0x00, 0x6F, 0xF6,
    0x7F, 0xFF, 0x9A, 0xFF, 0xB0, 0x00, 0x06, 0xF4, 0x00, 0x4F, 0x80, 0x6F, 0xF0, 0x04, 0xE3, 0x20,
    0x00, 0x4F, 0x80, 0x0F, 0xF1, 0xAF, 0xFC, 0x00, 0x00, 0x4F, 0x80, 0x0F, 0xFF, 0xFF, 0xA1, 0x00,
    0x00, 0x4F, 0x80, 0x0F, 0xFF, 0xB3, 0x00, 0x00, 0x00, 0x4F, 0xAC, 0x1F, 0xF3, 0x00, 0x03, 0x10,
    0x00, 0x4F, 0xFF, 0x6F, 0xF0, 0x00, 0x08, 0xF2, 0x00, 0x6F, 0xFA, 0x0E, 0xF2, 0x00, 0x0C, 0xF1,
    0x00, 0xDF, 0x80, 0x0B, 0xFF, 0xFF, 0xFF, 0xD0, 0x00, 0x77, 0x00, 0x01, 0x9B, 0xBB, 0xB9, 0x20,
    0x00, 0x00, 0x00, 0x00, 0x00, 0x00, 0x00, 0x00, 0x00, 0x20, 0x00, 0x00, 0x00, 0x00, 0x00, 0x00,
    0x02, 0xEC, 0x00, 0x07, 0xFF, 0xFF, 0xF3, 0x00, 0x00, 0xAF, 0xC0, 0x08, 0xFD, 0xCE, 0xF3, 0x00,
    0x00, 0x0A, 0xD1, 0x09, 0xF3, 0x08, 0xF3, 0x00, 0x00, 0x00, 0x10, 0x3F, 0xE0, 0x08, 0xF4, 0x00,
    0x6D, 0xDD, 0x46, 0xFF, 0x60, 0x06, 0xFF, 0xF4, 0x7F, 0xFF, 0x41, 0xC5, 0x00, 0x00, 0x79, 0x92,
    0x00, 0x8F, 0x40, 0xBC, 0xCC, 0xCC, 0xCC, 0x40, 0x00, 0x8F, 0x40, 0xEF, 0xFF, 0xFF, 0xFF, 0x40,
    0x00, 0x8F, 0x40, 0x2F, 0xB0, 0x03, 0xFE, 0x00, 0x00, 0x8F, 0x56, 0x0C, 0xF7, 0x0D, 0xF7, 0x00,
    0x00, 0x8F, 0xDF, 0x22, 0xFF, 0xCF, 0xB0, 0x00, 0x00, 0x9F, 0xFC, 0x10, 0x7F, 0xFF, 0x20, 0x00,
    0x01, 0xEF, 0xC1, 0x5B, 0xFF, 0xFF, 0xE8, 0x30, 0x01, 0xEB, 0x0C, 0xFF, 0xE7, 0x3C, 0xFF, 0xF4,
    0x00, 0x40, 0x04, 0xB6, 0x00, 0x00, 0x4A, 0xA0, 0x00, 0x00, 0x00, 0x00, 0x00, 0x00, 0x00, 0x00,
    0x00, 0x72, 0x00, 0x00, 0x07, 0xE3, 0x00, 0x00, 0x04, 0xFE, 0x20, 0x00, 0x08, 0xF9, 0x00, 0x00,
    0x00, 0x9F, 0xD0, 0x00, 0x03, 0xF8, 0x00, 0x00, 0x00, 0x0C, 0x92, 0xFF, 0xFF, 0xFF, 0xFF, 0xF7,
    0x00, 0x00, 0x01, 0xEE, 0xFF, 0xEE, 0xEE, 0xE6, 0x00, 0x00, 0x00, 0x00, 0xFE, 0x00, 0x00, 0x00,
    0x6F, 0xFF, 0xB0, 0x01, 0xFD, 0x00, 0x00, 0x00, 0x5D, 0xEF, 0xB0, 0x01, 0xFF, 0xFF, 0xFF, 0x60,
    0x00, 0x3F, 0xB0, 0x03, 0xFE, 0xCC, 0xEF, 0x50, 0x00, 0x3F, 0xB0, 0x05, 0xF9, 0x00, 0x8F, 0x50,
    0x00, 0x3F, 0xB0, 0x27, 0xF7, 0x00, 0x9F, 0x40, 0x00, 0x3F, 0xDD, 0xAC, 0xF3, 0x00, 0xBF, 0x30,
    0x00, 0x5F, 0xFE, 0x7F, 0xE0, 0x00, 0xCF, 0x10, 0x01, 0xDF, 0xD2, 0xCF, 0x70, 0x02, 0xFF, 0x00,
    0x00, 0xCB, 0x05, 0xFE, 0x14, 0xFF, 0xFB, 0x00, 0x00, 0x10, 0x00, 0xA3, 0x00, 0xBC, 0x91, 0x00,
    0x00, 0x60, 0x00, 0x00, 0x00, 0x00, 0x00, 0x00, 0x07, 0xFC, 0x00, 0x1C, 0xCC, 0xCC, 0xCC, 0x60,
    0x00, 0xBF, 0xC0, 0x1F, 0xFF, 0xFF, 0xFF, 0x80, 0x00, 0x0C, 0x80, 0x1F, 0xC0, 0x00, 0x7F, 0x80,
    0x00, 0x00, 0x00, 0x1F, 0xC0, 0x00, 0x7F, 0x80, 0x4D, 0xDD, 0x40, 0x1F, 0xC0, 0x00, 0x7F, 0x80,
    0x5F, 0xFF, 0x50, 0x1F, 0xC0, 0x00, 0x7F, 0x80, 0x00, 0x7F, 0x50, 0x1F, 0xFC, 0xCC, 0xEF, 0x80,
    0x00, 0x7F, 0x50, 0x1F, 0xFF, 0xFF, 0xFF, 0x80, 0x00, 0x7F, 0x50, 0x00, 0x00, 0x00, 0x00, 0x00,
    0x00, 0x7F, 0x68, 0x02, 0x62, 0x00, 0x54, 0x00, 0x00, 0x7F, 0xEF, 0x58, 0xF9, 0x04, 0xFD, 0x00,
    0x00, 0x9F, 0xFD, 0x2E, 0xF3, 0x00, 0xCF, 0x60, 0x00, 0xEF, 0xC1, 0x8F, 0xC0, 0x00, 0x5F, 0xD0,
    0x03, 0xFB, 0x03, 0xFF, 0x30, 0x00, 0x0F, 0xF3, 0x00, 0x50, 0x00, 0x58, 0x00, 0x00, 0x08, 0x71,
    0x00, 0x81, 0x00, 0x00, 0x00, 0x26, 0xB9, 0x00, 0x06, 0xFE, 0x20, 0x08, 0xBE, 0xFF, 0xFF, 0x60,
    0x00, 0x9F, 0xE3, 0x0F, 0xFF, 0xC9, 0x51, 0x00, 0x00, 0x09, 0xF2, 0x0F, 0xE0, 0x00, 0x00, 0x00,
    0x00, 0x00, 0x20, 0x0F, 0xE0, 0x00, 0x00, 0x00, 0x6D, 0xDD, 0x70, 0x0F, 0xFC, 0xCC, 0xCC, 0xC3,
    0x7F, 0xFF, 0x80, 0x0F, 0xFF, 0xFF, 0xFF, 0xF4, 0x00, 0x4F, 0x80, 0x0F, 0xD0, 0x0F, 0xD0, 0x00,
    0x00, 0x4F, 0x80, 0x1F, 0xB3, 0x2F, 0xD0, 0x00, 0x00, 0x4F, 0x80, 0x3F, 0xAE, 0xFF, 0xD0, 0x00,
    0x00, 0x4F, 0x83, 0x5F, 0x85, 0xDF, 0xF9, 0x10, 0x00, 0x4F, 0xDF, 0xBF, 0x60, 0x0F, 0xFF, 0xE2,
    0x00, 0x4F, 0xFF, 0xFF, 0x20, 0x0F, 0xEA, 0xD0, 0x00, 0x8F, 0xE6, 0xFE, 0x00, 0x0F, 0xD0, 0x10,
    0x00, 0xDE, 0x29, 0xF8, 0x00, 0x0F, 0xD0, 0x00, 0x00, 0x43, 0x01, 0xA1, 0x00, 0x0E, 0xC0, 0x00,
    0x00, 0x00, 0x00, 0x00, 0x00, 0x00, 0x00, 0x00, 0x00, 0x00, 0x46, 0x00, 0x00, 0x03, 0xE7, 0x00,
    0x00, 0x00, 0x00, 0xEF, 0x90, 0x00, 0x0C, 0xFC, 0x00, 0x00, 0x00, 0x00, 0x2E, 0xF6, 0x00, 0x9F,
    0xEF, 0xC0, 0x00, 0x00, 0x00, 0x02, 0xB0, 0x08, 0xFD, 0x1A, 0xFC, 0x20, 0x00, 0x00, 0x00, 0x01,
    0xBF, 0xE2, 0x10, 0xBF, 0xF7, 0x00, 0x5D, 0xDD, 0x89, 0xFC, 0x16, 0xF9, 0x08, 0xF7, 0x00, 0x6F,
    0xFF, 0x90, 0x51, 0x9F, 0xC1, 0x00, 0x20, 0x00, 0x00, 0x3F, 0x90, 0x0E, 0xFA, 0x0A, 0xF3, 0x00,
    0x00, 0x00, 0x3F, 0x90, 0x04, 0x60, 0x9F, 0xA0, 0x00, 0x00, 0x00, 0x3F, 0x90, 0x00, 0x3C, 0xFB,
    0x09, 0x50, 0x00, 0x00, 0x3F, 0x90, 0x29, 0xFF, 0xA0, 0x7F, 0xC0, 0x00, 0x00, 0x3F, 0xBD, 0x9B,
    0xE5, 0x07, 0xFF, 0x20, 0x00, 0x00, 0x5F, 0xFF, 0x81, 0x12, 0xAF, 0xF4, 0x00, 0x00, 0x00, 0xBF,
    0xF6, 0x04, 0x9F, 0xFE, 0x30, 0x00, 0x00, 0x01, 0xEE, 0x30, 0xAF, 0xFF, 0x80, 0x00, 0x00, 0x00,
    0x00, 0x32, 0x00, 0x2D, 0x71, 0x00, 0x00, 0x00, 0x00, 0x00, 0x73, 0x00, 0x00, 0x00, 0x6D, 0x78,
    0x20, 0x03, 0xFF, 0x30, 0x00, 0x00, 0x7F, 0x9E, 0xD0, 0x00, 0x5F, 0xF1, 0x00, 0x00, 0x6F, 0x86,
    0xE3, 0x00, 0x07, 0x85, 0xCC, 0xCC, 0xEF, 0xED, 0xE5, 0x00, 0x00, 0x06, 0xFF, 0xFF, 0xFF, 0xFF,
    0xF7, 0x2D, 0xDD, 0x60, 0x00, 0x00, 0x5F, 0x90, 0x00, 0x3F, 0xFF, 0x70, 0x00, 0x00, 0x4F, 0xA0,
    0x00, 0x00, 0x5F, 0x70, 0xAB, 0xBB, 0x7F, 0xB0, 0x00, 0x00, 0x5F, 0x70, 0xEF, 0xFF, 0x7F, 0xC0,
    0x00, 0x00, 0x5F, 0x70, 0x09, 0xF2, 0x0F, 0xE0, 0x00, 0x00, 0x5F, 0x70, 0x09, 0xF2, 0x0E, 0xF0,
    0x00, 0x00, 0x5F, 0x88, 0x09, 0xF2, 0x2C, 0xF2, 0xC3, 0x00, 0x6F, 0xFF, 0x5B, 0xFF, 0xD8, 0xF7,
    0xF8, 0x00, 0xDF, 0xF9, 0xFF, 0xFF, 0xA4, 0xFF, 0xF4, 0x00, 0xDE, 0x40, 0xB9, 0x40, 0x00, 0xDF,
    0xE0, 0x00, 0x41, 0x00, 0x00, 0x00, 0x00, 0x18, 0x30, 0x02, 0xA1, 0x04, 0xAA, 0xAA, 0xAA, 0xAA,
    0xA0, 0x07, 0xFE, 0x26, 0xFF, 0xFF, 0xFF, 0xFF, 0xF0, 0x00, 0x8F, 0xC0, 0x00, 0x8F, 0x60, 0x00,
    0x00, 0x00, 0x09, 0x30, 0x89, 0xDF, 0xB9, 0xAA, 0x00, 0x00, 0x00, 0x00, 0xDF, 0xFF, 0xFF, 0xFF,
    0x00, 0x6D, 0xDD, 0x30, 0x01, 0xFD, 0x00, 0xFE, 0x00, 0x7F, 0xFF, 0x30, 0x04, 0xFA, 0x00, 0xFD,
    0x00, 0x00, 0x8F, 0x3F, 0xFF, 0xFF, 0xFF, 0xFF, 0xF7, 0x00, 0x8F, 0x3A, 0xBB, 0xBB, 0xBB, 0xBB,
    0xB5, 0x00, 0x8F, 0x30, 0x00, 0x00, 0x00, 0x00, 0x00, 0x00, 0x8F, 0x30, 0xCF, 0xFF, 0xFF, 0xFF,
    0x70, 0x00, 0x8F, 0x45, 0xCF, 0xAA, 0xAA, 0xCF, 0x70, 0x00, 0x8F, 0xDF, 0xEF, 0x00, 0x00, 0x6F,
    0x70, 0x00, 0xCF, 0xFB, 0xDF, 0x00, 0x00, 0x6F, 0x70, 0x01, 0xFF, 0x70, 0xCF, 0xFF, 0xFF, 0xFF,
    0x70, 0x00, 0x84, 0x00, 0xCF, 0xAA, 0xAA, 0xCF, 0x70, 0x00, 0x00, 0x00, 0x11, 0x00, 0x00, 0x00,
    0x00, 0x00, 0x40, 0x00, 0x00, 0x00, 0x00, 0x00, 0x00, 0x05, 0xFC, 0x00, 0x6F, 0xFF, 0xFF, 0xFF,
    0x80, 0x00, 0xBF, 0xC0, 0x6F, 0xCA, 0xAA, 0xCF, 0x80, 0x00, 0x0C, 0xA0, 0x6F, 0x50, 0x00, 0x5F,
    0x80, 0x00, 0x00, 0x00, 0x6F, 0xFF, 0xFF, 0xFF, 0x80, 0x6D, 0xDD, 0x50, 0x4A, 0xAA, 0xAA, 0xAA,
    0x50, 0x7F, 0xFF, 0x60, 0x00, 0x00, 0x00, 0x00, 0x00, 0x00, 0x7F, 0x60, 0xCF, 0xFF, 0xFF, 0xFF,
    0xE0, 0x00, 0x7F, 0x60, 0x8B, 0xBD, 0xFD, 0xBB, 0xA0, 0x00, 0x7F, 0x60, 0x00, 0x07, 0xF5, 0x00,
    0x00, 0x00, 0x7F, 0x63, 0xFF, 0xFF, 0xFF, 0xFF, 0xF7, 0x00, 0x7F, 0x67, 0xBB, 0xBF, 0xFF, 0xBB,
    0xB5, 0x00, 0x8F, 0xFF, 0x00, 0x8F, 0xFF, 0xA0, 0x00, 0x00, 0xDF, 0xF9, 0x19, 0xFF, 0x3D, 0xFB,
    0x30, 0x00, 0xDF, 0x55, 0xFF, 0xE4, 0x02, 0xEF, 0xF6, 0x00, 0x42, 0x00, 0xD9, 0x10, 0x00, 0x07,
    0xB0, 0x00, 0x00, 0x00, 0x00, 0x00, 0x00, 0x00, 0x00, 0x00, 0x71, 0x00, 0x2A, 0x60, 0x02, 0xC7,
    0x00, 0x06, 0xFD, 0x10, 0x1F, 0xF1, 0x08, 0xFA, 0x00, 0x00, 0xAF, 0xC0, 0x08, 0xF7, 0x0E, 0xF2,
    0x00, 0x00, 0x0C, 0x90, 0xAC, 0xFB, 0xBF, 0xFA, 0x30, 0x00, 0x00, 0x00, 0xFF, 0xFF, 0xFF, 0xFF,
    0x40, 0x5D, 0xDD, 0x60, 0xFD, 0x00, 0x00, 0xAF, 0x40, 0x6F, 0xFF, 0x70, 0xFD, 0x00, 0x00, 0xAF,
    0x40, 0x00, 0x7F, 0x70, 0xFF, 0xAA, 0xAA, 0xEF, 0x40, 0x00, 0x7F, 0x70, 0xFF, 0xFF, 0xFF, 0xFF,
    0x40, 0x00, 0x7F, 0x70, 0x05, 0xF9, 0x3F, 0xA0, 0x00, 0x00, 0x7F, 0x88, 0x37, 0xF7, 0x3F, 0xA0,
    0x00, 0x00, 0x7F, 0xEF, 0x8A, 0xF5, 0x3F, 0xA0, 0x00, 0x00, 0x9F, 0xFE, 0x6F, 0xF0, 0x3F, 0xA2,
    0xB2, 0x02, 0xFF, 0xD4, 0xCF, 0x90, 0x3F, 0xA4, 0xF6, 0x02, 0xFC, 0x3F, 0xFC, 0x00, 0x2F, 0xFF,
    0xF3, 0x00, 0x50, 0x09, 0x80, 0x00, 0x08, 0xCC, 0x80, 0x00, 0x00, 0x00, 0x00, 0x00, 0x00, 0x00,
    0x00, 0x01, 0x91, 0x00, 0x00, 0x07, 0xF6, 0x00, 0x00, 0x07, 0xFD, 0x10, 0xFF, 0xFF, 0xFF, 0xFF,
    0xF0, 0x00, 0xBF, 0xC0, 0x55, 0x5A, 0xFA, 0x55, 0x50, 0x00, 0x1E, 0x90, 0x24, 0x49, 0xF9, 0x44,
    0x20, 0x00, 0x03, 0x00, 0x8F, 0xFF, 0xFF, 0xFF, 0x80, 0x6D, 0xDD, 0x42, 0x55, 0x5A, 0xFA, 0x55,
    0x52, 0x7F, 0xFF, 0x57, 0xFF, 0xFF, 0xFF, 0xFF, 0xF7, 0x00, 0x8F, 0x50, 0x26, 0x66, 0x66, 0x66,
    0x20, 0x00, 0x8F, 0x50, 0x5F, 0xFF, 0xFF, 0xFF, 0x50, 0x00, 0x8F, 0x50, 0x5F, 0x60, 0x00, 0x6F,
    0x50, 0x00, 0x8F, 0x50, 0x5F, 0xFF, 0xFF, 0xFF, 0x50, 0x00, 0x8F, 0x9D, 0x6F, 0x83, 0x33, 0x8F,
    0x50, 0x00, 0x9F, 0xFE, 0x8F, 0xFF, 0xFF, 0xFF, 0x50, 0x01, 0xEF, 0xD2, 0x5F, 0x84, 0x44, 0x9F,
    0x50, 0x01, 0xEC, 0x10, 0x5F, 0x60, 0x29, 0xDF, 0x50, 0x00, 0x50, 0x00, 0x5F, 0x60, 0x0F, 0xFB,
    0x00, 0x00, 0x00, 0x00, 0x00, 0x00, 0x00, 0x00, 0x00, 0x00, 0x70, 0x00, 0x00, 0x08, 0xF4, 0x00,
    0x00, 0x07, 0xFD, 0x10, 0x69, 0x9D, 0xFB, 0x99, 0x40, 0x00, 0xBF, 0xD0, 0xBF, 0xFF, 0xFF, 0xFF,
    0x70, 0x00, 0x0B, 0x60, 0x00, 0x08, 0xF4, 0x00, 0x00, 0x00, 0x00, 0x04, 0xFF, 0xFF, 0xFF, 0xFF,
    0xF2, 0x6D, 0xDD, 0x22, 0x9A, 0x99, 0x99, 0x9E, 0xE0, 0x7F, 0xFF, 0x30, 0x0C, 0x93, 0xD9, 0x0F,
    0xA0, 0x00, 0x8F, 0x30, 0x65, 0xEE, 0xFA, 0x1C, 0x50, 0x00, 0x8F, 0x32, 0xFE, 0x47, 0xFA, 0x00,
    0x00, 0x00, 0x8F, 0x30, 0x2D, 0xA4, 0xF9, 0x00, 0x00, 0x00, 0x8F, 0x39, 0xFF, 0xFF, 0xFF, 0xFF,
    0xF3, 0x00, 0x8F, 0xAC, 0xAA, 0xBF, 0xFA, 0xAA, 0xA2, 0x00, 0x8F, 0xFC, 0x00, 0xCF, 0xAA, 0xC2,
    0x00, 0x00, 0xBF, 0xD2, 0x2C, 0xFD, 0x17, 0xFF, 0x40, 0x02, 0xFD, 0x18, 0xFF, 0xC1, 0x00, 0x4F,
    0xF4, 0x00, 0x81, 0x03, 0xE7, 0x00, 0x00, 0x03, 0xC1, 0x00, 0x00, 0x00, 0x00, 0x00, 0x00, 0x00,
    0x00, 0x00, 0x30, 0x00, 0x00, 0x00, 0x00, 0x00, 0x00, 0x06, 0xF8, 0x00, 0xFF, 0xFF, 0xFF, 0xFF,
    0xE0, 0x02, 0xDF, 0x80, 0xFD, 0xAA, 0xBA, 0xAE, 0xE0, 0x00, 0x1E, 0xA0, 0xF9, 0x05, 0xF1, 0x0C,
    0xE0, 0x00, 0x02, 0x00, 0xF9, 0xAF, 0xFF, 0x8C, 0xE0, 0x6D, 0xDD, 0x40, 0xF9, 0x39, 0xF7, 0x3C,
    0xE0, 0x7F, 0xFF, 0x40, 0xF9, 0x59, 0xF7, 0x4C, 0xE0, 0x00, 0x8F, 0x40, 0xF9, 0xEF, 0xFF, 0xDC,
    0xE0, 0x00, 0x8F, 0x41, 0xF8, 0x00, 0x00, 0x0C, 0xE0, 0x00, 0x8F, 0x41, 0xF7, 0xDF, 0xFF, 0x8C,
    0xE0, 0x00, 0x8F, 0x54, 0xF6, 0xDB, 0x5E, 0x8C, 0xE0, 0x00, 0x8F, 0xDC, 0xF5, 0xDB, 0x5E, 0x8C,
    0xE0, 0x00, 0xAF, 0xFF, 0xF2, 0xDF, 0xFF, 0x8C, 0xE0, 0x00, 0xEF, 0xBE, 0xE0, 0xD8, 0x00, 0x0C,
    0xE0, 0x05, 0xFB, 0x4F, 0x80, 0x00, 0x06, 0xBF, 0xD0, 0x00, 0x70, 0x1A, 0x10, 0x00, 0x04, 0xFE,
    0x50, 0x00, 0x00, 0x00, 0x00, 0x00, 0x00, 0x00, 0x00, 0x00, 0x00, 0x00, 0x00, 0x00, 0x00, 0x00,
    0x00, 0x00, 0x00, 0x6F, 0xA0, 0x00, 0x00, 0x00, 0x00, 0x00, 0x04, 0xFF, 0xFF, 0xFF, 0x80, 0x00,
    0x00, 0x00, 0x5F, 0xF8, 0x66, 0xEF, 0x80, 0x00, 0x00, 0x08, 0xFF, 0xC6, 0x67, 0xFF, 0x76, 0x64,
    0x00, 0x1D, 0xFF, 0xFF, 0xFF, 0xFF, 0xFF, 0xFB, 0x00, 0x01, 0xAF, 0x40, 0x2D, 0xD1, 0x02, 0xFB,
    0x00, 0x00, 0x8F, 0xFF, 0xFF, 0xFF, 0xFF, 0xFB, 0x00, 0x00, 0x4C, 0xFF, 0xFC, 0x66, 0x66, 0xB5,
    0x00, 0x1A, 0xFF, 0xE7, 0xEF, 0x70, 0x09, 0xFD, 0x00, 0x0C, 0xD7, 0x2A, 0xFF, 0xF7, 0xEF, 0xD4,
    0x00, 0x01, 0x4A, 0xFF, 0x76, 0xFF, 0xFF, 0x70, 0x00, 0x08, 0xFF, 0xA3, 0x7F, 0xFF, 0x4F, 0xF1,
    0x00, 0x00, 0x73, 0x7E, 0xFA, 0x9F, 0x57, 0xFC, 0x10, 0x05, 0xBF, 0xFE, 0x40, 0xBF, 0x50, 0xDF,
    0xE3, 0x07, 0xFB, 0x57, 0xBD, 0xFF, 0x00, 0x2E, 0xD0, 0x00, 0x10, 0x04, 0xFF, 0xC3, 0x00, 0x01,
    0x20, 0x00, 0x00, 0x00, 0x00, 0x02, 0x82, 0x00, 0x00, 0x0C, 0xFF, 0xFF, 0xF7, 0x07, 0xF6, 0x00,
    0x00, 0x0C, 0xEB, 0xBC, 0xF7, 0x0B, 0xF2, 0x00, 0x00, 0x0C, 0xB3, 0x62, 0xF7, 0x0F, 0xFB, 0xAA,
    0xA3, 0x0C, 0xB7, 0xF4, 0xF7, 0x6F, 0xFF, 0xFF, 0xF4, 0x0C, 0xB7, 0xF4, 0xF8, 0xDF, 0x20, 0x5F,
    0x40, 0x0C, 0xB7, 0xF4, 0xFD, 0xFF, 0x10, 0x7F, 0x10, 0x0C, 0xB7, 0xF4, 0xFD, 0xFF, 0x70, 0xAF,
    0x00, 0x0C, 0xB8, 0xF3, 0xF8, 0x6E, 0xD0, 0xEC, 0x00, 0x0C, 0xB9, 0xF2, 0xF7, 0x08, 0xF7, 0xF7,
    0x00, 0x0C, 0xBB, 0xF2, 0xF7, 0x01, 0xFF, 0xF1, 0x00, 0x04, 0x4F, 0xB2, 0x42, 0x00, 0xAF, 0xB0,
    0x00, 0x00, 0x7F, 0x9F, 0x70, 0x00, 0xDF, 0xF3, 0x00, 0x03, 0xED, 0x0C, 0xF2, 0x1C, 0xFC, 0xFE,
    0x40, 0x3F, 0xF4, 0x03, 0xF9, 0xEF, 0xB0, 0x7F, 0xF5, 0x0B, 0x30, 0x00, 0x50, 0x68, 0x00, 0x05,
    0xA0, 0x00, 0x00, 0x00, 0x00, 0x00, 0x00, 0x00, 0x00, 0x00, 0x01, 0x23, 0x45, 0x79, 0xBD, 0xF8,
    0x00, 0x00, 0xFF, 0xFF, 0xFF, 0xFF, 0xFE, 0xB8, 0x10, 0x00, 0xFF, 0x87, 0x65, 0xCF, 0x50, 0x00,
    0x00, 0x00, 0xFF, 0xAA, 0xAA, 0xEF, 0xCA, 0xAA, 0xA3, 0x00, 0xFF, 0xFF, 0xFF, 0xFF, 0xFF, 0xFF,
    0xF5, 0x00, 0xFD, 0x00, 0x00, 0xCF, 0x10, 0x00, 0x00, 0x00, 0xFD, 0x00, 0x00, 0xDF, 0x00, 0x00,
    0x00, 0x01, 0xFC, 0x4F, 0xFF, 0xFF, 0xFF, 0xFF, 0x50, 0x02, 0xFB, 0x4F, 0xEC, 0xCC, 0xCC, 0xEF,
    0x50, 0x03, 0xFA, 0x4F, 0x90, 0x4A, 0x60, 0xAF, 0x50, 0x04, 0xF9, 0x4F, 0x90, 0x7F, 0x90, 0xAF,
    0x50, 0x07, 0xF7, 0x4F, 0x90, 0xAF, 0x70, 0xAF, 0x50, 0x0A, 0xF3, 0x3B, 0x74, 0xFF, 0x21, 0x8D,
    0x50, 0x1F, 0xF0, 0x02, 0x9F, 0xF7, 0xDF, 0xA3, 0x00, 0x7F, 0x94, 0xDF, 0xFD, 0x40, 0x3B, 0xFF,
    0xB2, 0x07, 0x20, 0xBB, 0x50, 0x00, 0x00, 0x2B, 0x90, 0x00, 0x40, 0x00, 0x09, 0xA1, 0x00, 0x00,
    0x00, 0x09, 0xFD, 0x40, 0x2F, 0xF6, 0x66, 0x67, 0x40, 0x01, 0x9F, 0xF3, 0xCF, 0xFF, 0xFF, 0xFF,
    0xE0, 0x00, 0x02, 0x6A, 0xFA, 0x0E, 0xF3, 0x6F, 0x80, 0x00, 0x02, 0x78, 0xB0, 0x6F, 0xFE, 0x59,
    0x10, 0x17, 0xCF, 0xFA, 0x05, 0xFE, 0x7F, 0xD5, 0x00, 0x1F, 0xFD, 0x75, 0xBF, 0xF3, 0x06, 0xFF,
    0xE1, 0x08, 0x30, 0x03, 0xFB, 0x20, 0x00, 0x3B, 0x90, 0x00, 0x4B, 0xBB, 0xDB, 0xBB, 0xBB, 0xB6,
    0x00, 0x00, 0x5F, 0xFF, 0xFF, 0xFF, 0xFF, 0xF9, 0x00, 0x00, 0x5F, 0x70, 0x08, 0x80, 0x06, 0xF9,
    0x00, 0x00, 0x5F, 0x70, 0x4F, 0xA0, 0x06, 0xF9, 0x00, 0x00, 0x4C, 0x62, 0xEF, 0x59, 0x54, 0xA6,
    0x00, 0x00, 0x03, 0x8F, 0xF7, 0x9F, 0xFF, 0xB5, 0x00, 0x3C, 0xFF, 0xFE, 0x60, 0x02, 0x8D, 0xFF,
    0xD0, 0x0D, 0xD9, 0x50, 0x00, 0x00, 0x00, 0x4B, 0x40, 0x00, 0x00, 0x00, 0x00, 0x00, 0x00, 0x00,
    0x00, 0x00, 0x07, 0xD2, 0x00, 0x02, 0xD6, 0x00, 0x00, 0x00, 0x08, 0xF2, 0x00, 0x09, 0xFB, 0x77,
    0x00, 0x4F, 0xFF, 0xFF, 0xFD, 0x2F, 0xFF, 0xFF, 0x50, 0x3A, 0xAD, 0xFB, 0xA9, 0xCF, 0x30, 0xDC,
    0x00, 0x06, 0x7C, 0xF8, 0x77, 0xEC, 0x59, 0xF9, 0x50, 0x0E, 0xFF, 0xFF, 0xF9, 0xAF, 0xFF, 0xFF,
    0xE0, 0x0E, 0xA5, 0xF0, 0xF9, 0xAF, 0x16, 0x2C, 0xE0, 0x0E, 0xA5, 0xF0, 0xF9, 0xAF, 0x2F, 0x6C,
    0xE0, 0x0E, 0xFF, 0xFF, 0xF9, 0xAF, 0x3F, 0x5C, 0xE0, 0x06, 0x8F, 0xFD, 0x74, 0xAF, 0x3F, 0x4C,
    0xE0, 0x00, 0xAF, 0xFF, 0x70, 0xAF, 0x6F, 0x3C, 0xE0, 0x04, 0xFF, 0xFE, 0xF5, 0xAF, 0x9F, 0x0C,
    0xE0, 0x3F, 0xEA, 0xF4, 0xE9, 0x47, 0xED, 0x85, 0x50, 0x4F, 0x69, 0xF2, 0x30, 0x0B, 0xFA, 0xFE,
    0x40, 0x08, 0x09, 0xF2, 0x06, 0xDF, 0x80, 0x3E, 0xF5, 0x00, 0x08, 0xE2, 0x06, 0xC5, 0x00, 0x01,
    0xB1, 0x00, 0x00, 0x00, 0x00, 0x00, 0x00, 0x00, 0x00, 0x00, 0x06, 0xD4, 0x00, 0x00, 0x00, 0x00,
    0x00, 0x00, 0x07, 0xF4, 0x00, 0x7F, 0xFF, 0xFF, 0x90, 0x0E, 0xFF, 0xFF, 0xFA, 0x4A, 0xAA, 0xCF,
    0x90, 0x09, 0xAD, 0xFC, 0xA7, 0x00, 0x00, 0x3F, 0x90, 0x00, 0x07, 0xF4, 0x00, 0x00, 0x00, 0x3F,
    0x90, 0x5F, 0xFF, 0xFF, 0xFF, 0x6F, 0xFF, 0xFF, 0x90, 0x3B, 0xBB, 0xFE, 0xBB, 0x6F, 0xDA, 0xBF,
    0x90, 0x04, 0x41, 0xFA, 0x00, 0x5F, 0x80, 0x00, 0x00, 0x0D, 0xF1, 0xFE, 0xA9, 0x5F, 0x80, 0x01,
    0x30, 0x0D, 0xE1, 0xFF, 0xFE, 0x5F, 0x80, 0x03, 0xF6, 0x0E, 0xF3, 0xFA, 0x00, 0x4F, 0xA0, 0x06,
    0xF5, 0x0F, 0xFA, 0xFA, 0x00, 0x2F, 0xFF, 0xFF, 0xF1, 0x0F, 0xFF, 0xFA, 0x00, 0x05, 0xAB, 0xBA,
    0x50, 0x3F, 0xCF, 0xFD, 0x41, 0x00, 0x00, 0x00, 0x00, 0x6F, 0x66, 0xFF, 0xFF, 0xFF, 0xFF, 0xFF,
    0xF6, 0x8F, 0x20, 0x27, 0xBC, 0xDD, 0xDD, 0xDD, 0xD1, 0x02, 0x00, 0x00, 0x00, 0x00, 0x00, 0x00,
    0x00, 0x00, 0x08, 0xE2, 0x00, 0x99, 0x99, 0x99, 0x90, 0x00, 0x09, 0xF2, 0x00, 0xFF, 0xFF, 0xFF,
    0xF0, 0x0E, 0xFF, 0xFF, 0xF7, 0x07, 0xF5, 0x0E, 0xE0, 0x09, 0xAD, 0xFB, 0xA4, 0x0B, 0xF1, 0x0F,
    0xD0, 0x00, 0x09, 0xF2, 0x00, 0x5F, 0xB0, 0x2F, 0xC0, 0x4F, 0xFF, 0xFF, 0xFE, 0xFE, 0x2C, 0xFF,
    0x80, 0x3A, 0xAC, 0xFD, 0xA8, 0xC4, 0x05, 0x97, 0x00, 0x00, 0x04, 0xF6, 0x00, 0x68, 0x88, 0x88,
    0x50, 0x0C, 0xD4, 0xFC, 0xA5, 0xAF, 0xFF, 0xFF, 0xA0, 0x0D, 0xD4, 0xFF, 0xF8, 0xAF, 0x10, 0x4F,
    0xA0, 0x0E, 0xE5, 0xF6, 0x00, 0xAF, 0x10, 0x4F, 0xA0, 0x0F, 0xFB, 0xF6, 0x00, 0xAF, 0xFF, 0xFF,
    0xA0, 0x0F, 0xFF, 0xF6, 0x00, 0x58, 0x88, 0x88, 0x50, 0x3F, 0xDF, 0xFA, 0x31, 0x00, 0x00, 0x00,
    0x00, 0x7F, 0x58, 0xFF, 0xFF, 0xFF, 0xFF, 0xFF, 0xF6, 0x6E, 0x10, 0x28, 0xBC, 0xDD, 0xDD, 0xDD,
    0xD1, 0x00, 0x00, 0x00, 0x00, 0x00, 0x00, 0x00, 0x00, 0x00, 0x7F, 0xFF, 0xFF, 0xFF, 0xFF, 0xFD,
    0x00, 0x00, 0x7F, 0xED, 0xDD, 0xDD, 0xDD, 0xFD, 0x00, 0x00, 0x7F, 0x60, 0x00, 0x00, 0x02, 0xFD,
    0x00, 0x00, 0x7F, 0x60, 0x00, 0x00, 0x02, 0xFD, 0x00, 0x00, 0x7F, 0xFF, 0xFF, 0xFF, 0xFF, 0xFD,
    0x00, 0x00, 0x6D, 0xDD, 0xDF, 0xFD, 0xDD, 0xDB, 0x00, 0x00, 0x00, 0x00, 0x0D, 0xF1, 0x00, 0x00,
    0x00, 0x00, 0x0E, 0xF1, 0x0D, 0xF1, 0x00, 0x00, 0x00, 0x00, 0x2F, 0xE0, 0x0D, 0xFF, 0xFF, 0xFF,
    0x50, 0x00, 0x5F, 0xF1, 0x0D, 0xFC, 0xCC, 0xCC, 0x40, 0x00, 0x9F, 0xF9, 0x0D, 0xF1, 0x00, 0x00,
    0x00, 0x00, 0xFF, 0xEF, 0x7E, 0xF1, 0x00, 0x00, 0x00, 0x08, 0xFA, 0x2F, 0xFF, 0xF4, 0x10, 0x00,
    0x00, 0x3F, 0xF2, 0x03, 0xCF, 0xFF, 0xFF, 0xFF, 0xF5, 0x09, 0x40, 0x00, 0x04, 0x8B, 0xCD, 0xDD,
    0xD0, 0x0D, 0xFF, 0xFF, 0xD7, 0xFF, 0xFF, 0xFF, 0xF3, 0x0D, 0xEA, 0xAF, 0xD7, 0xFE, 0xDD, 0xDD,
    0xD3, 0x0D, 0xB0, 0x0E, 0xD7, 0xF7, 0x00, 0x00, 0x00, 0x0D, 0xE9, 0x9F, 0xD7, 0xF7, 0x00, 0x00,
    0x00, 0x0D, 0xFF, 0xFF, 0xD7, 0xFF, 0xFF, 0xFF, 0x70, 0x00, 0x09, 0xF1, 0x07, 0xFE, 0xCC, 0xDF,
    0x70, 0x06, 0x49, 0xF1, 0x07, 0xF7, 0x00, 0x5F, 0x70, 0x0F, 0xA9, 0xFB, 0x97, 0xF7, 0x00, 0x5F,
    0x70, 0x0F, 0xA9, 0xFF, 0xE7, 0xFE, 0xCC, 0xDF, 0x70, 0x0F, 0xA9, 0xF1, 0x07, 0xFF, 0xFF, 0xFF,
    0x70, 0x0F, 0xA9, 0xF2, 0x47, 0xF7, 0x00, 0x00, 0x00, 0x0F, 0xCC, 0xFF, 0xF8, 0xF7, 0x00, 0x00,
    0x00, 0x7F, 0xFF, 0xFB, 0x78, 0xFE, 0xDD, 0xDD, 0xD6, 0x6E, 0xA5, 0x00, 0x07, 0xFF, 0xFF, 0xFF,
    0xF8, 0x00, 0x00, 0x00, 0x00, 0x00, 0x00, 0x00, 0x00, 0x0D, 0xFF, 0xFF, 0xD9, 0xFF, 0xFF, 0xFF,
    0xA0, 0x0D, 0xEA, 0xAF, 0xD9, 0xFB, 0xAA, 0xBF, 0xA0, 0x0D, 0xB0, 0x0E, 0xD9, 0xF3, 0x00, 0x1F,
    0xA0, 0x0D, 0xE9, 0x9F, 0xD9, 0xFF, 0xFF, 0xFF, 0xA0, 0x0D, 0xFF, 0xFF, 0xD9, 0xFA, 0x88, 0x9F,
    0xA0, 0x00, 0x09, 0xF1, 0x09, 0xF3, 0x00, 0x1F, 0xA0, 0x04, 0x29, 0xF1, 0x09, 0xFF, 0xFF, 0xFF,
    0xA0, 0x0F, 0x99, 0xFF, 0xC9, 0xFB, 0xEF, 0xAA, 0x70, 0x0F, 0x99, 0xFA, 0x89, 0xF3, 0x8F, 0x17,
    0xC0, 0x0F, 0x99, 0xF1, 0x09, 0xF3, 0x4F, 0xCF, 0xE2, 0x0F, 0x99, 0xF1, 0x09, 0xF3, 0x0E, 0xFB,
    0x10, 0x0F, 0x9A, 0xFD, 0xB9, 0xF3, 0x08, 0xFA, 0x00, 0x5F, 0xFF, 0xFF, 0xCC, 0xFB, 0xE9, 0xEF,
    0x90, 0x7F, 0xFA, 0x61, 0x3F, 0xFF, 0xF6, 0x4F, 0xF4, 0x13, 0x00, 0x00, 0x0C, 0x94, 0x00, 0x03,
    0x80, 0x00, 0x00, 0x00, 0x00, 0x00, 0x00, 0x00, 0x00, 0x00, 0x00, 0x00, 0x00, 0x00, 0x00, 0x00,
    0x00, 0x00, 0x00, 0x00, 0x00, 0x0C, 0xC1, 0x00, 0x00, 0x0C, 0xFF, 0xFF, 0xC0, 0x3F, 0xFA, 0x99,
    0x30, 0x0C, 0xFA, 0xAF, 0xC0, 0xBF, 0xFF, 0xFF, 0x60, 0x0C, 0xE0, 0x0F, 0xC7, 0xFF, 0x20, 0xEF,
    0x10, 0x0C, 0xF9, 0x9F, 0xEF, 0xFF, 0xC8, 0xF9, 0x00, 0x0C, 0xFF, 0xFF, 0xC9, 0x9A, 0xFF, 0xE1,
    0x00, 0x00, 0x08, 0xF2, 0x00, 0x03, 0xFF, 0xB0, 0x00, 0x0A, 0x88, 0xF2, 0x00, 0x2E, 0xFF, 0xFD,
    0x40, 0x0D, 0xA8, 0xFB, 0xA7, 0xFF, 0x61, 0xCF, 0xF7, 0x0D, 0xA8, 0xFF, 0xFD, 0xFC, 0x99, 0xAF,
    0xD0, 0x0D, 0xA8, 0xF2, 0x02, 0xFF, 0xFF, 0xFF, 0x80, 0x0D, 0xA8, 0xF2, 0x11, 0xFA, 0x00, 0x4F,
    0x80, 0x0E, 0xCC, 0xFD, 0xF3, 0xFA, 0x00, 0x4F, 0x80, 0x7F, 0xFF, 0xFF, 0xD3, 0xFE, 0xAA, 0xBF,
    0x80, 0x6F, 0xD9, 0x51, 0x01, 0xFF, 0xFF, 0xFF, 0x80, 0x11, 0x00, 0x00, 0x00, 0xC8, 0x00, 0x3B,
    0x60, 0x00, 0x00, 0x00, 0x00, 0x9E, 0x2E, 0xA0, 0x00, 0x0B, 0xFF, 0xFF, 0x10, 0xAF, 0x2F, 0xB0,
    0x00, 0x0B, 0xE9, 0xCF, 0x44, 0xAF, 0x2F, 0xB4, 0x50, 0x0B, 0xC0, 0x7F, 0xFE, 0xAF, 0x2F, 0xBB,
    0xF5, 0x0B, 0xC0, 0x7F, 0x9F, 0xFF, 0x2F, 0xCF, 0xD0, 0x0B, 0xFF, 0xFF, 0x3F, 0xFF, 0x2F, 0xFF,
    0x50, 0x07, 0x9E, 0xE9, 0x19, 0xCF, 0x2F, 0xD9, 0x00, 0x06, 0x4D, 0xB0, 0x00, 0xAF, 0x2F, 0xC2,
    0x00, 0x0C, 0x8D, 0xFF, 0x35, 0xEF, 0x1F, 0xFE, 0x40, 0x0C, 0x8D, 0xEC, 0xEF, 0xFF, 0x1F, 0xEF,
    0xF4, 0x0C, 0x8D, 0xB1, 0xFC, 0xFD, 0x1F, 0xB5, 0xF3, 0x0C, 0x8D, 0xB2, 0x73, 0xFA, 0x1F, 0xB0,
    0x20, 0x0C, 0xBE, 0xFF, 0x87, 0xF5, 0x1F, 0xB0, 0xA3, 0x6F, 0xFF, 0xFB, 0x6F, 0xE0, 0x0F, 0xC0,
    0xF9, 0x4D, 0x95, 0x00, 0xEF, 0x60, 0x0E, 0xFF, 0xF5, 0x00, 0x00, 0x00, 0x57, 0x00, 0x05, 0xAB,
    0x80, 0x00, 0x2C, 0x70, 0x00, 0x00, 0x9C, 0x20, 0x00, 0x00, 0x5F, 0x80, 0x00, 0x00, 0xDF, 0x10,
    0x00, 0x6F, 0xFF, 0xFF, 0xC9, 0xFF, 0xFF, 0xFF, 0xE0, 0x5B, 0xFF, 0xBB, 0x97, 0xBD, 0xFD, 0xBB,
    0xA0, 0x01, 0xFB, 0x31, 0x00, 0x09, 0xF5, 0x00, 0x00, 0x05, 0xFA, 0xF6, 0x2F, 0xFF, 0xFF, 0xFF,
    0xF7, 0x0B, 0xE6, 0xF6, 0x2C, 0xDF, 0xEC, 0xCC, 0xC5, 0x3F, 0xED, 0xFD, 0x70, 0x6F, 0x80, 0x00,
    0x00, 0x1F, 0xFF, 0xFF, 0x90, 0xBF, 0xDC, 0xCC, 0x80, 0x01, 0x06, 0xF6, 0x00, 0xFF, 0xFF, 0xFF,
    0xB0, 0x00, 0x06, 0xFA, 0x81, 0x00, 0x04, 0xFE, 0x10, 0x5C, 0xEF, 0xFF, 0xF3, 0x3B, 0x3E, 0xF4,
    0x00, 0x5F, 0xFE, 0xFA, 0x40, 0xAF, 0xFF, 0x90, 0x00, 0x02, 0x06, 0xF6, 0x00, 0x06, 0xFF, 0xC1,
    0x00, 0x00, 0x06, 0xF6, 0x00, 0x00, 0x2D, 0xFD, 0x00, 0x00, 0x06, 0xF6, 0x00, 0x00, 0x01, 0xB4,
    0x00, 0x00, 0x00, 0x00, 0x00, 0x00, 0x00, 0x00, 0x00, 0x00, 0x00, 0x00, 0x00, 0x00, 0x00, 0x00,
    0x00, 0x00, 0x00, 0xCF, 0x00, 0x08, 0xF6, 0x78, 0x00, 0x07, 0xFF, 0xFF, 0xFF, 0xA8, 0xF6, 0xCF,
    0x70, 0x03, 0x77, 0xEF, 0x87, 0x58, 0xF5, 0x1F, 0xB0, 0x00, 0x00, 0xCF, 0x00, 0x07, 0xF5, 0x06,
    0x00, 0x4F, 0xFF, 0xFF, 0xFF, 0xFF, 0xFF, 0xFF, 0xF4, 0x27, 0x7C, 0xF9, 0x77, 0x7B, 0xFB, 0x77,
    0x72, 0x07, 0x7E, 0xF9, 0x77, 0x75, 0xF8, 0x0C, 0x70, 0x0F, 0xFF, 0xFF, 0xFF, 0xF5, 0xFA, 0x6F,
    0x70, 0x00, 0xEE, 0x19, 0x60, 0x02, 0xFB, 0xCF, 0x20, 0x0A, 0xFC, 0x9F, 0xD9, 0x80, 0xFE, 0xFC,
    0x00, 0x09, 0xFF, 0xFF, 0xFF, 0xE0, 0xCF, 0xF4, 0x00, 0x01, 0x10, 0x1F, 0xA0, 0x00, 0x9F, 0xC0,
    0x50, 0x02, 0x45, 0x7F, 0xFF, 0xF3, 0xDF, 0x80, 0xF6, 0x1F, 0xFF, 0xFF, 0xEA, 0x8B, 0xFF, 0xE4,
    0xF6, 0x08, 0x75, 0x5F, 0xA0, 0xAF, 0xD9, 0xFF, 0xF2, 0x00, 0x00, 0x1F, 0xA0, 0x5D, 0x10, 0x8C,
    0x70, 0x00, 0x00, 0x00, 0x00, 0x00, 0x00, 0x00, 0x00, 0x00, 0x00, 0x00, 0x00, 0x00, 0x00, 0x00,
    0x00, 0x00, 0x3D, 0x60, 0x00, 0x02, 0xCA, 0x00, 0x00, 0x00, 0x6F, 0x70, 0x00, 0x00, 0xEF, 0x20,
    0x00, 0x6F, 0xFF, 0xFF, 0x8B, 0xBB, 0xEF, 0xCB, 0xB2, 0x5C, 0xFF, 0xCC, 0x7E, 0xFF, 0xFF, 0xFF,
    0xF3, 0x01, 0xFB, 0x62, 0x00, 0x5C, 0x40, 0x5B, 0x00, 0x05, 0xF9, 0xF6, 0x00, 0xDF, 0x20, 0x8F,
    0x70, 0x0B, 0xF4, 0xF6, 0x08, 0xF8, 0x00, 0x0E, 0xF1, 0x3F, 0xFC, 0xFD, 0x8F, 0xF8, 0x00, 0x7A,
    0xF8, 0x1F, 0xFF, 0xFF, 0x97, 0xCF, 0x62, 0xFC, 0x91, 0x01, 0x03, 0xF6, 0x00, 0x1F, 0xD9, 0xF5,
    0x00, 0x00, 0x03, 0xF9, 0x40, 0x09, 0xFF, 0xD0, 0x00, 0x5B, 0xDF, 0xFF, 0xE0, 0x02, 0xFF, 0x70,
    0x00, 0x5F, 0xFF, 0xFC, 0x60, 0x0A, 0xFF, 0xE2, 0x00, 0x13, 0x03, 0xF6, 0x02, 0xBF, 0xEC, 0xFF,
    0x70, 0x00, 0x03, 0xF6, 0x3F, 0xFD, 0x10, 0xBF, 0xF4, 0x00, 0x03, 0xE6, 0x0B, 0x80, 0x00, 0x05,
    0x70, 0x00, 0x00, 0x00, 0x00, 0x00, 0x00, 0x00, 0x00, 0x00, 0x00, 0x00, 0x00, 0x00, 0x00, 0x00,
    0x00, 0x00, 0xAB, 0x00, 0x00, 0x02, 0xD9, 0x00, 0x00, 0x00, 0xDD, 0x00, 0x00, 0x1D, 0xFE, 0x30,
    0x00, 0x7F, 0xFF, 0xFE, 0x04, 0xDF, 0x9E, 0xF6, 0x00, 0x5C, 0xFD, 0xBC, 0xAF, 0xF6, 0x02, 0xDF,
    0xD5, 0x06, 0xF3, 0x02, 0xFF, 0xFF, 0xFF, 0xFF, 0xF3, 0x09, 0xFC, 0xD0, 0x25, 0x88, 0x88, 0x86,
    0x10, 0x0E, 0xAC, 0xD0, 0x37, 0x77, 0x70, 0x04, 0xA0, 0x5F, 0xDF, 0xF9, 0x8F, 0xFF, 0xF7, 0xF6,
    0xF0, 0x4F, 0xFF, 0xFD, 0x8F, 0x07, 0xF7, 0xF6, 0xF0, 0x01, 0x0C, 0xD0, 0x8F, 0xFF, 0xF7, 0xF6,
    0xF0, 0x00, 0x0D, 0xE9, 0x8F, 0x5A, 0xF7, 0xF6, 0xF0, 0x4D, 0xFF, 0xFF, 0x8F, 0xFF, 0xF7, 0xF6,
    0xF0, 0x4F, 0xDE, 0xE1, 0x8F, 0x5A, 0xF7, 0xF6, 0xF0, 0x01, 0x0C, 0xD0, 0x8F, 0x07, 0xF2, 0x66,
    0xF0, 0x00, 0x0C, 0xD0, 0x8F, 0x4C, 0xF1, 0x7B, 0xF0, 0x00, 0x0B, 0xC0, 0x8F, 0x5F, 0x90, 0xEE,
    0x90, 0x01, 0xA1, 0x00, 0x00, 0x6C, 0x70, 0x00, 0x00, 0x0A, 0xFC, 0x00, 0x00, 0x8F, 0x80, 0x00,
    0x00, 0x00, 0xDF, 0x90, 0x00, 0x8F, 0x80, 0x00, 0x00, 0x00, 0x2F, 0x79, 0xFF, 0xFF, 0xFF, 0xFF,
    0xF0, 0x00, 0x01, 0x07, 0xDD, 0xFF, 0xED, 0xDF, 0xE0, 0x00, 0x00, 0x00, 0x00, 0xCF, 0x30, 0x0F,
    0xE0, 0x7F, 0xFF, 0x40, 0x00, 0xFF, 0x00, 0x1F, 0xD0, 0x6E, 0xFF, 0x40, 0x03, 0xFD, 0x00, 0x2F,
    0xD0, 0x00, 0xAF, 0x40, 0x08, 0xF8, 0x00, 0x3F, 0xC0, 0x00, 0xAF, 0x40, 0x2F, 0xF2, 0x00, 0x4F,
    0xB0, 0x00, 0xAF, 0x41, 0xCF, 0x90, 0x00, 0x9F, 0x90, 0x00, 0xAF, 0x4C, 0xFD, 0x12, 0xFF, 0xFF,
    0x50, 0x03, 0xEF, 0xA4, 0xC1, 0x00, 0xCE, 0xD8, 0x00, 0x3F, 0xFF, 0xFE, 0x62, 0x10, 0x01, 0x23,
    0x55, 0xAF, 0xB3, 0xCF, 0xFF, 0xFF, 0xFF, 0xFF, 0xF6, 0x1C, 0x10, 0x03, 0x9C, 0xDE, 0xED, 0xDC,
    0xC2, 0x00, 0x00, 0x00, 0x00, 0x00, 0x00, 0x00, 0x00, 0x00, 0x30, 0x00, 0x00, 0x00, 0x09, 0xD3,
    0x00, 0x0B, 0xF4, 0x00, 0x00, 0x00, 0x0A, 0xF4, 0x00, 0x05, 0xFF, 0x20, 0x00, 0x00, 0x0A, 0xF4,
    0x00, 0x00, 0x8F, 0x8A, 0xFF, 0xFF, 0xFF, 0xFF, 0xF3, 0x00, 0x05, 0x08, 0xCC, 0xCC, 0xCF, 0xFD,
    0xC3, 0x00, 0x00, 0x00, 0x13, 0x00, 0x0A, 0xF4, 0x00, 0x3C, 0xCC, 0x50, 0xEF, 0x20, 0x0A, 0xF4,
    0x00, 0x4F, 0xFF, 0x60, 0x7F, 0xD0, 0x0A, 0xF4, 0x00, 0x00, 0x7F, 0x60, 0x0C, 0xF6, 0x0A, 0xF4,
    0x00, 0x00, 0x7F, 0x60, 0x04, 0x90, 0x0A, 0xF4, 0x00, 0x00, 0x7F, 0x60, 0x00, 0x00, 0x0B, 0xF4,
    0x00, 0x00, 0x7F, 0x60, 0x00, 0x7F, 0xFF, 0xF1, 0x00, 0x03, 0xDF, 0xB1, 0x00, 0x2E, 0xDB, 0x50,
    0x00, 0x2E, 0xFF, 0xFF, 0x73, 0x10, 0x01, 0x24, 0x64, 0x7F, 0xD4, 0xBF, 0xFF, 0xFF, 0xFF, 0xFF,
    0xF4, 0x0B, 0x20, 0x03, 0x8C, 0xDE, 0xED, 0xDD, 0xC1, 0x00, 0x00, 0x00, 0x00, 0x00, 0x00, 0x00,
    0x00, 0x00, 0x00, 0x00, 0x00, 0x00, 0x00, 0x00, 0x00, 0x09, 0xE4, 0x00, 0xEF, 0xFF, 0xFF, 0xFF,
    0x40, 0x08, 0xFF, 0x70, 0xBC, 0xCC, 0xCC, 0xCC, 0x30, 0x00, 0x7F, 0x80, 0x00, 0x00, 0x00, 0x00,
    0x00, 0x00, 0x05, 0x00, 0x00, 0x00, 0x00, 0x00, 0x00, 0x00, 0x00, 0x0F, 0xFF, 0xFF, 0xFF, 0xFF,
    0xF5, 0x7F, 0xFF, 0x5C, 0xCD, 0xFF, 0xDC, 0xCC, 0xC4, 0x5C, 0xEF, 0x50, 0x07, 0xFC, 0x05, 0x80,
    0x00, 0x00, 0x7F, 0x50, 0x0E, 0xF3, 0x0D, 0xF3, 0x00, 0x00, 0x7F, 0x50, 0x7F, 0xA0, 0x04, 0xFC,
    0x00, 0x00, 0x7F, 0x54, 0xFF, 0xBB, 0xCE, 0xFF, 0x50, 0x00, 0x7F, 0x54, 0xFF, 0xFF, 0xFF, 0xDF,
    0xD0, 0x00, 0x9F, 0x80, 0x96, 0x42, 0x00, 0x0B, 0x70, 0x0B, 0xFF, 0xFC, 0x62, 0x00, 0x00, 0x12,
    0x43, 0x6F, 0xE5, 0xAF, 0xFF, 0xFF, 0xFF, 0xFF, 0xF6, 0x0C, 0x30, 0x02, 0x8B, 0xDE, 0xED, 0xDC,
    0xC2, 0x00, 0x00, 0x00, 0x00, 0x00, 0x00, 0x00, 0x00, 0x01, 0x70, 0x00, 0x01, 0x23, 0x57, 0xAD,
    0x20, 0x0C, 0xF8, 0x00, 0x9F, 0xFF, 0xFF, 0xFE, 0x90, 0x02, 0xEF, 0x50, 0x9F, 0xB7, 0x54, 0x10,
    0x00, 0x00, 0x5F, 0x80, 0x9F, 0x50, 0x00, 0x00, 0x00, 0x00, 0x05, 0x00, 0x9F, 0x50, 0x00, 0x00,
    0x00, 0x00, 0x00, 0x00, 0x9F, 0xFF, 0xFF, 0xFF, 0xF5, 0x3D, 0xDD, 0x50, 0xAF, 0xDC, 0xDF, 0xEC,
    0xC4, 0x3F, 0xFF, 0x60, 0xBF, 0x30, 0x3F, 0xA0, 0x00, 0x00, 0x7F, 0x60, 0xDF, 0x10, 0x3F, 0xA0,
    0x00, 0x00, 0x7F, 0x60, 0xFE, 0x00, 0x3F, 0xA0, 0x00, 0x00, 0x7F, 0x65, 0xFB, 0x00, 0x3F, 0xA0,
    0x00, 0x00, 0x7F, 0x6C, 0xF5, 0x00, 0x3F, 0xA0, 0x00, 0x00, 0xBF, 0x86, 0xE0, 0x00, 0x3F, 0xA0,
    0x00, 0x1D, 0xFF, 0xFC, 0x72, 0x00, 0x14, 0x32, 0x43, 0x6F, 0xC3, 0xAF, 0xFF, 0xFF, 0xFF, 0xFF,
    0xF5, 0x0A, 0x10, 0x02, 0x7A, 0xBC, 0xCC, 0xBB, 0xA1, 0x00, 0x00, 0x00, 0x00, 0x00, 0x00, 0x00,
    0x00, 0x00, 0x40, 0x00, 0x00, 0x00, 0x03, 0x6A, 0x10, 0x0D, 0xF4, 0x00, 0xAB, 0xDE, 0xFF, 0xFF,
    0xD1, 0x06, 0xFF, 0x20, 0xFF, 0xFD, 0xCB, 0x85, 0x20, 0x00, 0xAF, 0x50, 0xFE, 0x00, 0x00, 0x00,
    0x00, 0x00, 0x03, 0x00, 0xFF, 0xBB, 0xBB, 0xBB, 0x50, 0x00, 0x00, 0x00, 0xFF, 0xFF, 0xFF, 0xFF,
    0x70, 0x4C, 0xCC, 0x41, 0xFD, 0x12, 0x00, 0xDF, 0x20, 0x5F, 0xFF, 0x52, 0xFC, 0xDF, 0x45, 0xFC,
    0x00, 0x00, 0x9F, 0x53, 0xF9, 0x4F, 0xFE, 0xF4, 0x00, 0x00, 0x9F, 0x57, 0xF7, 0x04, 0xFF, 0xD0,
    0x00, 0x00, 0x9F, 0x5D, 0xF3, 0x2D, 0xFF, 0xF8, 0x00, 0x00, 0x9F, 0xBF, 0xE8, 0xFF, 0xD6, 0xFF,
    0x70, 0x00, 0xCF, 0x8B, 0x65, 0xF9, 0x00, 0x5F, 0x30, 0x1D, 0xFF, 0xFB, 0x62, 0x30, 0x00, 0x14,
    0x43, 0x7F, 0xB4, 0xCF, 0xFF, 0xFF, 0xFF, 0xFF, 0xF5, 0x0B, 0x10, 0x03, 0x8B, 0xCD, 0xDD, 0xCC,
    0xB1, 0x00, 0x00, 0x00, 0x00, 0x00, 0x00, 0x00, 0x00, 0x01, 0xA1, 0x00, 0x00, 0x00, 0x00, 0x00,
    0x00, 0x09, 0xFD, 0x0A, 0xDD, 0xDD, 0xDD, 0xDD, 0xD0, 0x00, 0xCF, 0xAB, 0xFF, 0xFF, 0xFF, 0xFF,
    0xF0, 0x00, 0x2F, 0x60, 0x00, 0x0D, 0xF6, 0x00, 0x00, 0x00, 0x01, 0x00, 0x00, 0x6F, 0xE0, 0x00,
    0x00, 0x00, 0x00, 0x00, 0x02, 0xFF, 0xD0, 0x00, 0x00, 0x7F, 0xFF, 0x40, 0x0C, 0xFF, 0xD9, 0xB0,
    0x00, 0x6E, 0xFF, 0x40, 0xCF, 0xFF, 0xED, 0xFB, 0x00, 0x00, 0xAF, 0x6C, 0xFE, 0x5F, 0xD1, 0xDF,
    0xA0, 0x00, 0xAF, 0xAF, 0xE3, 0x2F, 0xD0, 0x2F, 0xF2, 0x00, 0xAF, 0x46, 0x20, 0x2F, 0xD0, 0x04,
    0x30, 0x00, 0xAF, 0x40, 0x00, 0x2F, 0xD0, 0x00, 0x00, 0x01, 0xCF, 0x60, 0x00, 0x2F, 0xD0, 0x00,
    0x00, 0x2E, 0xFF, 0xFB, 0x51, 0x15, 0x51, 0x12, 0x44, 0xAF, 0xB3, 0xCF, 0xFF, 0xFF, 0xFF, 0xFF,
    0xF7, 0x1C, 0x10, 0x03, 0x9C, 0xDE, 0xED, 0xDC, 0xC2, 0x00, 0x00, 0x00, 0x00, 0x00, 0x00, 0x00,
    0x00, 0x00, 0x00, 0x00, 0x00, 0x00, 0x00, 0x00, 0x00, 0x01, 0x20, 0x00, 0x00, 0x9F, 0x40, 0x00,
    0x00, 0x1E, 0xE3, 0x00, 0x00, 0x7F, 0xB0, 0x00, 0x00, 0x07, 0xFE, 0x6C, 0xCC, 0xDF, 0xFC, 0xCC,
    0xC1, 0x00, 0xBC, 0x6F, 0xFF, 0xFF, 0xFF, 0xFF, 0xF2, 0x00, 0x10, 0x00, 0x50, 0x00, 0x0F, 0xF0,
    0x00, 0x00, 0x00, 0x08, 0xFB, 0x10, 0x5F, 0xA0, 0x00, 0x3C, 0xCC, 0x42, 0xDF, 0xD3, 0xCF, 0x40,
    0x00, 0x4F, 0xFF, 0x50, 0x0A, 0xFF, 0xFC, 0x00, 0x00, 0x00, 0x7F, 0x50, 0x00, 0xAF, 0xFA, 0x00,
    0x00, 0x00, 0x7F, 0x50, 0x06, 0xFF, 0xFF, 0xA0, 0x00, 0x00, 0x7F, 0x52, 0xBF, 0xF8, 0x4F, 0xFB,
    0x00, 0x00, 0x7F, 0x7F, 0xFF, 0x80, 0x04, 0xFF, 0x80, 0x00, 0xAF, 0x99, 0xC3, 0x00, 0x00, 0x5D,
    0x00, 0x1C, 0xFF, 0xFD, 0x72, 0x10, 0x01, 0x13, 0x53, 0x7F, 0xE6, 0xBF, 0xFF, 0xFF, 0xFF, 0xFF,
    0xF4, 0x0B, 0x30, 0x03, 0x8C, 0xDE, 0xED, 0xDD, 0xC0, 0x00, 0x00, 0x00, 0x00, 0x00, 0x00, 0x00,
    0x00, 0x01, 0x50, 0x00, 0x04, 0x72, 0x06, 0x70, 0x00, 0x0C, 0xF7, 0x00, 0x08, 0xF5, 0x0D, 0xF0,
    0x00, 0x03, 0xFF, 0x50, 0x08, 0xF5, 0x0D, 0xF0, 0x00, 0x00, 0x4F, 0x68, 0xFF, 0xFF, 0xFF, 0xFF,
    0xE0, 0x00, 0x02, 0x07, 0xDE, 0xFE, 0xDF, 0xFD, 0xC0, 0x00, 0x00, 0x00, 0x08, 0xF5, 0x0D, 0xF0,
    0x00, 0x3C, 0xCC, 0x50, 0x08, 0xF5, 0x0D, 0xF0, 0x00, 0x4F, 0xFF, 0x69, 0xDE, 0xFE, 0xDF, 0xFD,
    0xD3, 0x00, 0x7F, 0x6A, 0xFF, 0xFF, 0xFF, 0xFF, 0xF3, 0x00, 0x7F, 0x60, 0x1F, 0xE0, 0x0D, 0xF0,
    0x00, 0x00, 0x7F, 0x60, 0x7F, 0x90, 0x0D, 0xF0, 0x00, 0x00, 0x7F, 0x62, 0xFF, 0x40, 0x0D, 0xF0,
    0x00, 0x00, 0xAF, 0x81, 0xDA, 0x00, 0x0D, 0xF0, 0x00, 0x1C, 0xFF, 0xFB, 0x83, 0x00, 0x04, 0x52,
    0x43, 0x6F, 0xC3, 0xAF, 0xFF, 0xFF, 0xFF, 0xFF, 0xF5, 0x0A, 0x10, 0x02, 0x7A, 0xBC, 0xCC, 0xBB,
    0xA1, 0x00, 0x00, 0x00, 0x00, 0x00, 0x00, 0x00, 0x00, 0x00, 0x10, 0x00, 0x00, 0x00, 0x00, 0x00,
    0x00, 0x09, 0xE4, 0x00, 0xDF, 0xFF, 0xFF, 0xFF, 0x10, 0x08, 0xFF, 0x70, 0x9B, 0xBB, 0xBB, 0xBB,
    0x10, 0x00, 0x7F, 0x80, 0x00, 0x00, 0x00, 0x00, 0x00, 0x00, 0x05, 0x00, 0x00, 0x00, 0x00, 0x00,
    0x00, 0x00, 0x00, 0x0E, 0xFF, 0xFF, 0xFF, 0xFF, 0xF2, 0x6F, 0xFF, 0x5A, 0xBE, 0xFC, 0xDF, 0xCB,
    0xB1, 0x5C, 0xEF, 0x50, 0x0A, 0xF3, 0x7F, 0x40, 0x00, 0x00, 0x7F, 0x50, 0x0D, 0xF1, 0x7F, 0x40,
    0x00, 0x00, 0x7F, 0x50, 0x3F, 0xD0, 0x7F, 0x43, 0x70, 0x00, 0x7F, 0x51, 0xDF, 0x70, 0x7F, 0x56,
    0xF3, 0x00, 0x7F, 0x9F, 0xFC, 0x00, 0x6F, 0xFF, 0xF1, 0x00, 0xAF, 0x9B, 0x80, 0x00, 0x08, 0xBA,
    0x50, 0x0B, 0xFF, 0xFD, 0x72, 0x10, 0x01, 0x13, 0x43, 0x5F, 0xD3, 0x8F, 0xFF, 0xFF, 0xFF, 0xFF,
    0xF5, 0x0A, 0x20, 0x01, 0x6A, 0xBC, 0xCB, 0xBA, 0xA1, 0x00, 0x00, 0x00, 0x00, 0x00, 0x00, 0x00,
    0x00, 0x00, 0x70, 0x00, 0x01, 0xC7, 0x00, 0x00, 0x00, 0x0A, 0xF8, 0x00, 0x05, 0xFC, 0x00, 0x00,
    0x00, 0x02, 0xFF, 0x3C, 0xFF, 0xFF, 0xFF, 0xFF, 0xF0, 0x00, 0x6F, 0x88, 0xBF, 0xFA, 0xAA, 0xAA,
    0xA0, 0x00, 0x05, 0x00, 0x7F, 0x92, 0xB8, 0x00, 0x00, 0x00, 0x00, 0x00, 0xEF, 0x23, 0xFB, 0x00,
    0x00, 0x6F, 0xFF, 0x47, 0xFF, 0xFF, 0xFF, 0xFF, 0x70, 0x4C, 0xEF, 0x42, 0xEC, 0xCD, 0xFF, 0xCC,
    0x60, 0x00, 0x8F, 0x40, 0x00, 0x03, 0xFB, 0x00, 0x00, 0x00, 0x8F, 0x4C, 0xCC, 0xCD, 0xFF, 0xCC,
    0xC1, 0x00, 0x8F, 0x4F, 0xFF, 0xFF, 0xFF, 0xFF, 0xF2, 0x00, 0x8F, 0x40, 0x00, 0x03, 0xFB, 0x00,
    0x00, 0x02, 0xDF, 0x70, 0x00, 0x03, 0xFB, 0x00, 0x00, 0x2E, 0xFF, 0xFC, 0x62, 0x12, 0x98, 0x13,
    0x44, 0x9F, 0xB3, 0xCF, 0xFF, 0xFF, 0xFF, 0xFF, 0xF6, 0x0C, 0x10, 0x03, 0x9C, 0xDE, 0xED, 0xDC,
    0xC2, 0x00, 0x00, 0x00, 0x00, 0x00, 0x00, 0x00, 0x00, 0x00, 0x20, 0x00, 0x12, 0x07, 0xD4, 0x00,
    0x00, 0x1C, 0xE2, 0x00, 0x8F, 0x68, 0xF5, 0x00, 0x00, 0x0A, 0xFE, 0x10, 0xEF, 0xBD, 0xFB, 0x99,
    0x60, 0x00, 0xBF, 0x67, 0xFF, 0xFF, 0xFF, 0xFF, 0xA0, 0x00, 0x14, 0x0E, 0xF2, 0x08, 0xF5, 0x00,
    0x00, 0x00, 0x00, 0x01, 0x50, 0x08, 0xF5, 0x00, 0x00, 0x00, 0x00, 0x0E, 0xFF, 0xFF, 0xFF, 0xFF,
    0xF5, 0x4F, 0xFF, 0x5A, 0xAC, 0xFD, 0xCF, 0xDA, 0xA3, 0x3C, 0xEF, 0x50, 0x07, 0xF7, 0x5F, 0x90,
    0x00, 0x00, 0x7F, 0x50, 0x0D, 0xF3, 0x5F, 0x90, 0x30, 0x00, 0x7F, 0x50, 0x9F, 0xD0, 0x5F, 0x92,
    0xF7, 0x00, 0x7F, 0x6D, 0xFF, 0x20, 0x4F, 0xED, 0xF5, 0x00, 0x8F, 0xA9, 0xC2, 0x00, 0x0C, 0xFF,
    0xC0, 0x06, 0xFF, 0xFE, 0x83, 0x10, 0x00, 0x12, 0x42, 0x4F, 0xF6, 0x4D, 0xFF, 0xFF, 0xFF, 0xFF,
    0xF5, 0x0A, 0x50, 0x00, 0x49, 0xAC, 0xCC, 0xBB, 0xA1, 0x00, 0x00, 0x00, 0x00, 0x00, 0x00, 0x00,
    0x00, 0x00, 0x10, 0x00, 0x00, 0x00, 0x00, 0x00, 0x00, 0x1C, 0xD1, 0x0F, 0xFF, 0xFF, 0xFF, 0xFF,
    0xF0, 0x0A, 0xFD, 0x19, 0x99, 0xFF, 0xD9, 0x99, 0x90, 0x00, 0xCF, 0x50, 0x2C, 0xFE, 0x10, 0x05,
    0x00, 0x00, 0x14, 0x3B, 0xFF, 0xDF, 0x40, 0x7F, 0xA0, 0x00, 0x00, 0x2E, 0xC3, 0x6F, 0xE7, 0xFD,
    0x10, 0x4C, 0xCC, 0x21, 0x2A, 0xFD, 0xFF, 0xC1, 0x00, 0x6F, 0xFF, 0x4A, 0xFF, 0x74, 0xFF, 0xE2,
    0x00, 0x00, 0x9F, 0x37, 0x92, 0x6F, 0xFF, 0xFF, 0x30, 0x00, 0x9F, 0x30, 0x5C, 0xFB, 0xCF, 0x6F,
    0xE2, 0x00, 0x9F, 0x7E, 0xFF, 0x70, 0xDF, 0x06, 0xA0, 0x00, 0x9F, 0x3A, 0x71, 0xAC, 0xFA, 0x00,
    0x00, 0x01, 0xCF, 0xB2, 0x00, 0xDF, 0xC1, 0x00, 0x00, 0x1D, 0xFF, 0xFF, 0xB4, 0x10, 0x01, 0x24,
    0x75, 0x6F, 0xC3, 0x7E, 0xFF, 0xFF, 0xFF, 0xFF, 0xF5, 0x0A, 0x10, 0x00, 0x48, 0x9A, 0xBA, 0xA9,
    0x91, 0x01, 0x10, 0x00, 0x77, 0x77, 0x77, 0x77, 0x00, 0x1D, 0xD2, 0x01, 0xFF, 0xFF, 0xFF, 0xFF,
    0x80, 0x09, 0xFE, 0x10, 0x03, 0xB4, 0x2D, 0xFA, 0x00, 0x00, 0xBF, 0xA0, 0x09, 0xFF, 0xFF, 0x80,
    0x00, 0x00, 0x1C, 0x21, 0x55, 0x9F, 0xFF, 0x95, 0x50, 0x00, 0x00, 0x03, 0xFF, 0xFF, 0xFF, 0xFF,
    0xD0, 0x36, 0x66, 0x23, 0xFB, 0x5B, 0xF6, 0x5F, 0xD0, 0x7F, 0xFF, 0x53, 0xFF, 0xFF, 0xFF, 0xFF,
    0xD0, 0x25, 0xAF, 0x53, 0xF8, 0x09, 0xF1, 0x0F, 0xD0, 0x00, 0x7F, 0x53, 0xFF, 0xFF, 0xFF, 0xFF,
    0xD0, 0x00, 0x7F, 0x53, 0xFB, 0x6C, 0xF7, 0x6F, 0xD0, 0x00, 0x7F, 0x53, 0xF8, 0x09, 0xF4, 0x8F,
    0xC0, 0x00, 0xAF, 0x83, 0xF8, 0x09, 0xF3, 0xFE, 0x60, 0x0C, 0xFF, 0xFD, 0x72, 0x00, 0x01, 0x13,
    0x43, 0x6F, 0xA1, 0x7F, 0xFF, 0xFF, 0xFF, 0xFF, 0xF5, 0x09, 0x00, 0x00, 0x58, 0x9A, 0x99, 0x98,
    0x81, 0x01, 0x20, 0x00, 0x00, 0x0E, 0xE0, 0x00, 0x00, 0x1E, 0xF3, 0x08, 0x99, 0x9F, 0xF9, 0x99,
    0x91, 0x06, 0xFF, 0x3D, 0xFF, 0xFF, 0xFF, 0xFF, 0xF2, 0x00, 0x8F, 0x50, 0x00, 0x0E, 0xF0, 0x00,
    0x00, 0x00, 0x02, 0x06, 0xFF, 0xFF, 0xFF, 0xFF, 0x90, 0x00, 0x00, 0x06, 0xFA, 0x7F, 0xF7, 0x9F,
    0x90, 0x4C, 0xCC, 0x56, 0xF5, 0x0E, 0xF0, 0x3F, 0x90, 0x6F, 0xFF, 0x76, 0xFF, 0xFF, 0xFF, 0xFF,
    0x90, 0x00, 0x5F, 0x73, 0x77, 0xFF, 0xFE, 0x87, 0x40, 0x00, 0x5F, 0x70, 0x0B, 0xFF, 0xFF, 0xD2,
    0x00, 0x00, 0x5F, 0x72, 0xBF, 0xBE, 0xF9, 0xFF, 0x40, 0x00, 0x5F, 0x8F, 0xFC, 0x0E, 0xF0, 0x6F,
    0xD0, 0x00, 0x7F, 0x97, 0xA0, 0x0E, 0xF0, 0x05, 0x30, 0x09, 0xFF, 0xFC, 0x72, 0x15, 0x50, 0x12,
    0x42, 0x6F, 0xD3, 0x7E, 0xFF, 0xFF, 0xFF, 0xFF, 0xF5, 0x0A, 0x10, 0x00, 0x48, 0x9A, 0xBA, 0xA9,
    0x90, 0x00, 0x00, 0x00, 0x00, 0x00, 0x00, 0x00, 0x00, 0x00, 0x10, 0x00, 0x4E, 0x50, 0x07, 0xC4,
    0x00, 0x1D, 0xE1, 0x00, 0x2F, 0xC0, 0x0E, 0xE1, 0x00, 0x08, 0xFD, 0x0F, 0xFF, 0xFF, 0xFF, 0xFF,
    0xF3, 0x00, 0xBF, 0x38, 0x88, 0xAF, 0xE8, 0x88, 0x82, 0x00, 0x22, 0x00, 0x55, 0x8F, 0xB5, 0x55,
    0x00, 0x00, 0x00, 0x00, 0xFF, 0xFF, 0xFF, 0xFF, 0x10, 0x3C, 0xCC, 0x50, 0xFD, 0x00, 0x00, 0xCF,
    0x10, 0x4F, 0xFF, 0x70, 0xFF, 0xFF, 0xFF, 0xFF, 0x10, 0x00, 0x5F, 0x70, 0xFE, 0x33, 0x33, 0xDF,
    0x10, 0x00, 0x5F, 0x70, 0xFF, 0xFF, 0xFF, 0xFF, 0x10, 0x00, 0x5F, 0x70, 0xFE, 0x33, 0x33, 0xDF,
    0x10, 0x00, 0x5F, 0x70, 0xFE, 0x55, 0x55, 0xEF, 0x10, 0x00, 0x7F, 0x90, 0xFF, 0xFF, 0xFF, 0xFF,
    0x10, 0x09, 0xFF, 0xFC, 0x62, 0x10, 0x00, 0x12, 0x42, 0x6F, 0xC2, 0x6E, 0xFF, 0xFF, 0xFF, 0xFF,
    0xF5, 0x0A, 0x10, 0x00, 0x48, 0x9A, 0xAA, 0x99, 0x80, 0x00, 0x00, 0x00, 0x00, 0x00, 0x00, 0x00,
    0x00, 0x4F, 0xFF, 0xFF, 0xFF, 0x1D, 0xFF, 0xFF, 0xD3, 0x3B, 0xCF, 0xEB, 0xFF, 0x1D, 0xFC, 0xCF,
    0xF4, 0x00, 0x3F, 0xA0, 0xDF, 0x1D, 0xE0, 0x2F, 0xD0, 0x00, 0x3F, 0xA0, 0xDF, 0x1D, 0xE0, 0x7F,
    0x70, 0x1F, 0xFF, 0xFF, 0xFF, 0x1D, 0xE0, 0xDF, 0x10, 0x1A, 0xCF, 0xDA, 0xFF, 0x1D, 0xE3, 0xF9,
    0x00, 0x00, 0x6F, 0x70, 0xDF, 0x1D, 0xE1, 0xDF, 0x30, 0x3A, 0xDF, 0xCA, 0xFF, 0x1D, 0xE0, 0x1F,
    0xC0, 0x4F, 0xFF, 0xFF, 0xFF, 0x0D, 0xE0, 0x0B, 0xF1, 0x00, 0xEF, 0x00, 0xEF, 0x0D, 0xE0, 0x09,
    0xF3, 0x01, 0xFD, 0x00, 0xFF, 0x0D, 0xE0, 0x1D, 0xF3, 0x06, 0xF9, 0x00, 0xFF, 0x0D, 0xEC, 0xFF,
    0xD0, 0x0E, 0xF4, 0x03, 0xFE, 0x0D, 0xE6, 0xB9, 0x20, 0x6F, 0xC0, 0xEF, 0xFB, 0x0D, 0xE0, 0x00,
    0x00, 0x09, 0x30, 0xAF, 0xD3, 0x0D, 0xE0, 0x00, 0x00, 0x00, 0x00, 0x00, 0x00, 0x00, 0x00, 0x00,
    0x00, 0x00, 0x00, 0x00, 0x00, 0x00, 0x00, 0x00, 0x00, 0x00, 0x03, 0xD9, 0x00, 0x00, 0x00, 0x00,
    0x00, 0x00, 0x01, 0xFE, 0x00, 0x04, 0xFF, 0xFF, 0xD2, 0x0E, 0xFF, 0xFF, 0xFF, 0xC4, 0xFD, 0xBF,
    0xF3, 0x0A, 0xDE, 0xBB, 0xEE, 0x94, 0xF6, 0x0F, 0xD0, 0x00, 0xEE, 0x00, 0xEF, 0x14, 0xF6, 0x5F,
    0x70, 0x00, 0x8F, 0x44, 0xF9, 0x04, 0xF6, 0xBF, 0x10, 0x3B, 0xCF, 0xBD, 0xFC, 0xB6, 0xF7, 0xFD,
    0x00, 0x5F, 0xFF, 0xFF, 0xFF, 0xF7, 0xF6, 0x7F, 0x60, 0x00, 0x00, 0x00, 0x00, 0x04, 0xF6, 0x0E,
    0xD0, 0x06, 0xBB, 0xBB, 0xBB, 0x64, 0xF6, 0x0A, 0xF1, 0x09, 0xFF, 0xFF, 0xFF, 0x84, 0xF6, 0x0A,
    0xF3, 0x09, 0xF2, 0x00, 0x5F, 0x84, 0xF7, 0x1E, 0xF2, 0x09, 0xF2, 0x00, 0x5F, 0x84, 0xFB, 0xFF,
    0xD0, 0x09, 0xFB, 0xAA, 0xCF, 0x84, 0xF7, 0xB9, 0x20, 0x09, 0xFF, 0xFF, 0xFF, 0x84, 0xF6, 0x00,
    0x00, 0x08, 0xE2, 0x00, 0x4C, 0x73, 0xE6, 0x00, 0x00, 0x00, 0x07, 0xC1, 0x00, 0x00, 0x00, 0x00,
    0x00, 0x00, 0x09, 0xF2, 0x0A, 0xDC, 0xFF, 0xFF, 0xD3, 0x0B, 0xFF, 0xFF, 0xEF, 0xCB, 0xFD, 0xCF,
    0xF5, 0x07, 0xAD, 0xFB, 0xEF, 0x4B, 0xF2, 0x0F, 0xF0, 0x00, 0x09, 0xF5, 0xFD, 0x0B, 0xF2, 0x4F,
    0x90, 0x6F, 0xFF, 0xFF, 0xFF, 0xCB, 0xF2, 0xAF, 0x30, 0x4A, 0xAB, 0xFF, 0xCA, 0x8B, 0xF3, 0xFD,
    0x00, 0x00, 0x1C, 0xFB, 0x00, 0x0B, 0xF3, 0xDF, 0x30, 0x04, 0xEF, 0xFF, 0xFF, 0x3B, 0xF2, 0x2F,
    0xC0, 0x8F, 0xFE, 0x88, 0xCF, 0x3B, 0xF2, 0x0C, 0xF1, 0x2E, 0xFE, 0x66, 0xCF, 0x3B, 0xF2, 0x09,
    0xF3, 0x00, 0xEF, 0xFF, 0xFF, 0x3B, 0xF3, 0x0C, 0xF3, 0x00, 0xEC, 0x00, 0x9F, 0x3B, 0xFA, 0xFF,
    0xE1, 0x00, 0xEE, 0x88, 0xCF, 0x3B, 0xF5, 0xDB, 0x30, 0x00, 0xEF, 0xFF, 0xFF, 0x3B, 0xF2, 0x00,
    0x00, 0x00, 0xDB, 0x00, 0x6A, 0x2A, 0xF2, 0x00, 0x00, 0x5F, 0xFF, 0xFF, 0xFF, 0x6F, 0xFF, 0xFF,
    0xF0, 0x3A, 0xBF, 0xCF, 0xAA, 0x5D, 0xDD, 0xDF, 0xF0, 0x00, 0x2F, 0x5F, 0x00, 0x00, 0x00, 0x0D,
    0xF0, 0x0F, 0xFF, 0xFF, 0xFA, 0x00, 0x00, 0x0D, 0xF0, 0x0F, 0xCF, 0xCC, 0xEA, 0x00, 0x00, 0x0D,
    0xF0, 0x0F, 0x6E, 0x77, 0xDA, 0x5F, 0xFF, 0xFF, 0xF0, 0x0F, 0x7E, 0x67, 0xDA, 0x5F, 0xED, 0xDF,
    0xF0, 0x0F, 0xDB, 0x4F, 0xFA, 0x5F, 0x80, 0x0D, 0xE0, 0x0F, 0xC4, 0x00, 0xDA, 0x5F, 0x80, 0x00,
    0x00, 0x0F, 0x95, 0x55, 0xEA, 0x5F, 0x80, 0x00, 0x00, 0x0F, 0xFF, 0xFF, 0xFA, 0x5F, 0x80, 0x01,
    0x60, 0x0F, 0x60, 0x00, 0xDA, 0x5F, 0x80, 0x03, 0xF8, 0x0F, 0xB7, 0x77, 0xEA, 0x5F, 0xA0, 0x06,
    0xF6, 0x0F, 0xFF, 0xFF, 0xFA, 0x2F, 0xFF, 0xFF, 0xF2, 0x0F, 0x60, 0x00, 0x98, 0x07, 0xBC, 0xCC,
    0x60, 0x29, 0x99, 0x99, 0x95, 0x69, 0x99, 0x99, 0x80, 0x4F, 0xFF, 0xFF, 0xF8, 0xBF, 0xFF, 0xFF,
    0xD0, 0x00, 0x6D, 0x8B, 0x00, 0xBF, 0x00, 0x0D, 0xD0, 0x00, 0x6D, 0x8B, 0x00, 0xBF, 0xFF, 0xFF,
    0xD0, 0x1F, 0xFF, 0xFF, 0xF7, 0xBF, 0x55, 0x5E, 0xD0, 0x1F, 0xCF, 0xDC, 0xF7, 0xBF, 0x77, 0x7E,
    0xD0, 0x1F, 0x7E, 0x96, 0xF7, 0xBF, 0xFF, 0xFF, 0xD0, 0x1F, 0x9C, 0x96, 0xF7, 0x6C, 0x3C, 0x60,
    0x00, 0x1F, 0xF7, 0x6F, 0xF7, 0xCF, 0x9F, 0xB7, 0x70, 0x1F, 0x80, 0x00, 0xFC, 0xFF, 0xFF, 0xFF,
    0xF1, 0x1F, 0xA7, 0x77, 0xFD, 0xD0, 0x3F, 0x70, 0x00, 0x1F, 0xFF, 0xFF, 0xF7, 0x9F, 0xFF, 0xFF,
    0xC0, 0x1F, 0x50, 0x00, 0xF7, 0x47, 0x9F, 0xB7, 0x60, 0x1F, 0xA7, 0x77, 0xF7, 0x00, 0x3F, 0x70,
    0x00, 0x1F, 0xFF, 0xFF, 0xFA, 0xFF, 0xFF, 0xFF, 0xF8, 0x1E, 0x50, 0x00, 0x96, 0x88, 0x88, 0x88,
    0x84, 0x00, 0xAF, 0xFF, 0xFF, 0xFF, 0xFF, 0xFE, 0x00, 0x00, 0xAF, 0xCB, 0xBE, 0xFB, 0xBB, 0xFE,
    0x00, 0x00, 0xAF, 0x40, 0x0C, 0xF0, 0x00, 0xFE, 0x00, 0x00, 0xAF, 0xFF, 0xFF, 0xFF, 0xFF, 0xFE,
    0x00, 0x00, 0xAF, 0xB9, 0x9E, 0xF9, 0x99, 0xFE, 0x00, 0x00, 0xAF, 0x40, 0x0C, 0xF0, 0x00, 0xFE,
    0x00, 0x00, 0xAF, 0xFF, 0xFF, 0xFF, 0xFF, 0xFE, 0x00, 0x00, 0x7B, 0xBB, 0xBF, 0xFB, 0xBB, 0xBA,
    0x00, 0x00, 0x00, 0x00, 0x0F, 0xF2, 0x00, 0x00, 0x00, 0x01, 0xCC, 0xCC, 0xCF, 0xFC, 0xCC, 0xCC,
    0x50, 0x02, 0xFF, 0xFF, 0xFF, 0xFF, 0xFF, 0xFF, 0x70, 0x00, 0x00, 0x00, 0x0F, 0xF2, 0x00, 0x00,
    0x00, 0x00, 0x00, 0x00, 0x0F, 0xF2, 0x00, 0x00, 0x00, 0x3F, 0xFF, 0xFF, 0xFF, 0xFF, 0xFF, 0xFF,
    0xF4, 0x2C, 0xCC, 0xCC, 0xCC, 0xCC, 0xCC, 0xCC, 0xC3, 0x00, 0x01, 0x12, 0x34, 0x57, 0x8B, 0xD1,
    0x00, 0x00, 0xDF, 0xFF, 0xFF, 0xFF, 0xFF, 0xE6, 0x00, 0x00, 0x57, 0x66, 0x6F, 0xE2, 0x10, 0x00,
    0x00, 0x2F, 0xFF, 0xFF, 0xFF, 0xFF, 0xFF, 0xFF, 0xF3, 0x18, 0x88, 0x88, 0x8F, 0xF8, 0x88, 0x88,
    0x81, 0x00, 0x23, 0x33, 0x4F, 0xE3, 0x33, 0x32, 0x00, 0x00, 0x8F, 0xFF, 0xFF, 0xFF, 0xFF, 0xFA,
    0x00, 0x00, 0x8F, 0x62, 0x2F, 0xE2, 0x26, 0xFA, 0x00, 0x00, 0x8F, 0xFF, 0xFF, 0xFF, 0xFF, 0xFA,
    0x00, 0x00, 0x8F, 0x73, 0x4F, 0xE3, 0x37, 0xFA, 0x00, 0x00, 0x8F, 0xFF, 0xFF, 0xFF, 0xFF, 0xFA,
    0x00, 0x00, 0x77, 0x77, 0x7F, 0xF7, 0x77, 0x77, 0x10, 0x01, 0xFF, 0xFF, 0xFF, 0xFF, 0xFF, 0xFF,
    0x40, 0x00, 0x00, 0x00, 0x0F, 0xE0, 0x00, 0x00, 0x00, 0x4F, 0xFF, 0xFF, 0xFF, 0xFF, 0xFF, 0xFF,
    0xF4, 0x28, 0x88, 0x88, 0x88, 0x88, 0x88, 0x88, 0x82, 0x00, 0x3F, 0xFF, 0xFF, 0xFF, 0xFF, 0xF3,
    0x00, 0x00, 0x3F, 0x90, 0x00, 0x00, 0x0B, 0xF3, 0x00, 0x00, 0x3F, 0xFE, 0xEE, 0xEE, 0xEF, 0xF3,
    0x00, 0x00, 0x3F, 0x90, 0x00, 0x00, 0x0B, 0xF3, 0x00, 0x00, 0x3F, 0xFF, 0xFF, 0xFF, 0xFF, 0xF3,
    0x00, 0x4F, 0xFF, 0xFF, 0xFF, 0xFF, 0xFF, 0xFF, 0xF4, 0x16, 0x66, 0x66, 0x66, 0x66, 0x66, 0x66,
    0x61, 0x00, 0x8F, 0xFF, 0xFF, 0xFF, 0xFF, 0xF9, 0x00, 0x00, 0x8F, 0x40, 0x0F, 0xE0, 0x04, 0xF9,
    0x00, 0x00, 0x8F, 0xFF, 0xFF, 0xFF, 0xFF, 0xF9, 0x00, 0x00, 0x8F, 0x40, 0x0F, 0xE0, 0x04, 0xF9,
    0x00, 0x00, 0x8F, 0xFF, 0xFF, 0xFF, 0xFF, 0xF9, 0x00, 0x00, 0xAC, 0xCC, 0xCF, 0xFC, 0xCC, 0xCB,
    0x00, 0x00, 0x56, 0x66, 0x6F, 0xF6, 0x66, 0x66, 0x00, 0x4F, 0xFF, 0xFF, 0xFF, 0xFF, 0xFF, 0xFF,
    0xF5, 0x16, 0x66, 0x66, 0x66, 0x66, 0x66, 0x66, 0x62, 0x00, 0x78, 0x10, 0x00, 0x00, 0xDF, 0x00,
    0x00, 0x00, 0xEF, 0x10, 0x00, 0x00, 0xDF, 0x00, 0x00, 0x06, 0xFF, 0xFF, 0xA0, 0x00, 0xDF, 0x00,
    0x00, 0x3F, 0xD2, 0x22, 0x1F, 0xFF, 0xFF, 0xDD, 0xD3, 0x7F, 0x60, 0x00, 0x0F, 0xFF, 0xFF, 0xFF,
    0xF4, 0x0C, 0xFF, 0xFF, 0x6F, 0xC0, 0xDF, 0x08, 0xF4, 0x02, 0xBF, 0xEB, 0x4F, 0xC0, 0xDF, 0x08,
    0xF4, 0x00, 0x1F, 0xB0, 0x0F, 0xC0, 0xDF, 0x08, 0xF4, 0x1B, 0xBF, 0xEB, 0x7F, 0xC0, 0xDF, 0x08,
    0xF4, 0x2F, 0xFF, 0xFF, 0xAF, 0xFF, 0xFF, 0xFF, 0xF4, 0x00, 0x1F, 0xB0, 0x0F, 0xFD, 0xFF, 0xDE,
    0xF4, 0x00, 0x1F, 0xB0, 0x1D, 0xA0, 0xDF, 0x06, 0xB3, 0x00, 0x1F, 0xDA, 0xC0, 0x00, 0xDF, 0x00,
    0x00, 0x00, 0x5F, 0xFF, 0xC0, 0x00, 0xDF, 0x00, 0x00, 0x00, 0xDF, 0xE5, 0x00, 0x00, 0xDF, 0x00,
    0x00, 0x00, 0x48, 0x00, 0x00, 0x00, 0xDF, 0x00, 0x00, 0x00, 0x00, 0x00, 0x00, 0x00, 0x00, 0x00,
    0x00, 0x00, 0x00, 0x00, 0x00, 0x00, 0x00, 0x00, 0x00, 0x00, 0x78, 0x10, 0x00, 0x10, 0xDE, 0x01,
    0x00, 0x00, 0xEF, 0x00, 0x0D, 0xC0, 0xDE, 0x0A, 0xF2, 0x06, 0xFF, 0xFF, 0xA8, 0xF4, 0xDE, 0x1F,
    0xB0, 0x3F, 0xFA, 0xAA, 0x71, 0xF8, 0xDE, 0x7F, 0x20, 0x7F, 0x60, 0x00, 0x08, 0xEB, 0xFF, 0xBD,
    0x90, 0x1D, 0xFF, 0xFF, 0x6B, 0xFF, 0xFF, 0xFF, 0xC0, 0x03, 0xCF, 0xEB, 0x4B, 0xF0, 0x11, 0x0F,
    0xC0, 0x00, 0x2F, 0x80, 0x0B, 0xF0, 0xFE, 0x0F, 0xC0, 0x1B, 0xCF, 0xEB, 0x5B, 0xF0, 0xFE, 0x0F,
    0xC0, 0x1F, 0xFF, 0xFF, 0x7B, 0xF0, 0xFE, 0x0F, 0xC0, 0x00, 0x2F, 0x80, 0x0B, 0xF1, 0xFC, 0x0F,
    0xC0, 0x00, 0x2F, 0x80, 0x1B, 0xF6, 0xF9, 0x0F, 0xC0, 0x00, 0x3F, 0xCD, 0x75, 0x9E, 0xF6, 0x66,
    0x40, 0x00, 0x8F, 0xFF, 0x64, 0xEF, 0x9D, 0xFD, 0x40, 0x01, 0xFF, 0xB3, 0xCF, 0xF9, 0x01, 0x9F,
    0xF6, 0x00, 0x86, 0x00, 0x7C, 0x40, 0x00, 0x04, 0xC1, 0x00, 0x00, 0x00, 0x00, 0x00, 0x00, 0x00,
    0x00, 0x00, 0x89, 0x10, 0x00, 0x9F, 0x14, 0xF6, 0x00, 0x00, 0xFE, 0x00, 0x00, 0x9F, 0x14, 0xF6,
    0x00, 0x08, 0xFF, 0xFF, 0x7F, 0xFF, 0xFF, 0xFF, 0xF0, 0x4F, 0xFC, 0xCC, 0x6A, 0xDF, 0xBC, 0xFD,
    0xA0, 0x7F, 0x50, 0x00, 0x00, 0x9F, 0x14, 0xF6, 0x00, 0x1C, 0xFF, 0xFF, 0x7B, 0xEF, 0xBC, 0xFD,
    0xB5, 0x03, 0xCF, 0xEB, 0x8F, 0xFF, 0xFF, 0xFF, 0xF7, 0x00, 0x2F, 0x80, 0x00, 0x00, 0x00, 0x00,
    0x00, 0x1B, 0xCF, 0xEB, 0x66, 0xFF, 0xFF, 0xFF, 0x80, 0x2F, 0xFF, 0xFF, 0x86, 0xFB, 0x88, 0xAF,
    0x80, 0x00, 0x2F, 0x80, 0x06, 0xF5, 0x00, 0x4F, 0x80, 0x00, 0x2F, 0x80, 0x06, 0xFF, 0xFF, 0xFF,
    0x80, 0x00, 0x3F, 0xBC, 0x56, 0xFB, 0x88, 0xAF, 0x80, 0x00, 0x7F, 0xFF, 0x66, 0xF5, 0x00, 0x4F,
    0x80, 0x00, 0xCF, 0xC3, 0x06, 0xFF, 0xFF, 0xFF, 0x80, 0x00, 0x56, 0x00, 0x06, 0xFB, 0x88, 0xAF,
    0x80, 0x00, 0x00, 0x00, 0x00, 0x00, 0x00, 0x00, 0x00, 0x00, 0xB7, 0x00, 0x00, 0x10, 0x1F, 0x50,
    0x00, 0x03, 0xFB, 0x07, 0xFF, 0xEA, 0xFF, 0xFF, 0x90, 0x09, 0xFF, 0xFC, 0xFF, 0xC3, 0x6F, 0x9C,
    0x90, 0x4F, 0xEB, 0xB4, 0x1F, 0x86, 0x7F, 0x9D, 0xC3, 0x3F, 0x20, 0x00, 0x6F, 0x4F, 0xFF, 0xFF,
    0xF7, 0x0A, 0xFF, 0xF6, 0xDB, 0x20, 0x1F, 0x5B, 0x90, 0x06, 0xEF, 0xAD, 0xFF, 0xF9, 0xFF, 0xFF,
    0x90, 0x00, 0xAE, 0x04, 0x6C, 0xD2, 0x5F, 0x84, 0x20, 0x2B, 0xEF, 0xB5, 0x1B, 0xCA, 0xFF, 0xFF,
    0xC0, 0x3F, 0xFF, 0xFD, 0xED, 0xA4, 0x7F, 0xA6, 0x50, 0x00, 0xAE, 0x03, 0xFF, 0x86, 0x7F, 0xA6,
    0x60, 0x00, 0xAE, 0x11, 0xDF, 0x5F, 0xFF, 0xFF, 0xF1, 0x00, 0xAF, 0xE8, 0xBF, 0x70, 0x1F, 0x50,
    0x00, 0x00, 0xEF, 0xE7, 0xFE, 0xFB, 0x5B, 0x30, 0x00, 0x04, 0xFB, 0x3F, 0xE1, 0x8F, 0xFF, 0xFF,
    0xF7, 0x00, 0x60, 0x0B, 0x30, 0x01, 0x46, 0x88, 0x81, 0x00, 0x00, 0x00, 0x00, 0x00, 0x00, 0x00,
    0x00, 0x00, 0x00, 0x00, 0x00, 0x00, 0x00, 0x00, 0x00, 0x00, 0xAD, 0x10, 0x18, 0x88, 0x88, 0x88,
    0x80, 0x03, 0xFF, 0xCC, 0x3F, 0xFF, 0xFF, 0xFF, 0xF0, 0x0D, 0xFF, 0xFF, 0x4F, 0xA0, 0x00, 0x0C,
    0xF0, 0x8F, 0x90, 0x00, 0x1F, 0xA0, 0x00, 0x0C, 0xF0, 0x5F, 0xCB, 0xB9, 0x1F, 0xFF, 0xFF, 0xFF,
    0xF0, 0x0D, 0xFF, 0xFC, 0x1F, 0xD9, 0xBF, 0xD9, 0x90, 0x00, 0x2F, 0x80, 0x2F, 0xA0, 0x3F, 0x80,
    0x00, 0x00, 0x2F, 0x80, 0x2F, 0xFF, 0xFF, 0xFF, 0xF7, 0x1B, 0xCF, 0xDB, 0x5F, 0xD9, 0xBF, 0xD9,
    0x94, 0x1F, 0xFF, 0xFF, 0x6F, 0x70, 0x3F, 0x80, 0x00, 0x00, 0x2F, 0x80, 0x6F, 0xB8, 0xAF, 0xC8,
    0x80, 0x00, 0x2F, 0x81, 0x9F, 0xEF, 0xFF, 0xFF, 0xF0, 0x00, 0x2F, 0xCF, 0xCF, 0xBF, 0x10, 0x0C,
    0xF0, 0x00, 0x5F, 0xFF, 0xFD, 0xAF, 0x10, 0x0C, 0xF0, 0x00, 0xCF, 0xC8, 0xF8, 0xAF, 0xFF, 0xFF,
    0xF0, 0x00, 0x97, 0x01, 0xA1, 0xAF, 0x99, 0x9E, 0xF0, 0x00, 0x00, 0x00, 0x00, 0x01, 0x00, 0x00,
    0x00, 0x00, 0x06, 0xE8, 0x00, 0x00, 0x04, 0x81, 0x00, 0x00, 0x06, 0xF9, 0x00, 0x00, 0x6F, 0xF8,
    0x00, 0x00, 0x06, 0xF9, 0x00, 0x3B, 0xFF, 0x60, 0x00, 0x00, 0x06, 0xF9, 0x3B, 0xFF, 0xE4, 0x00,
    0x00, 0x00, 0x06, 0xF9, 0x2E, 0xF8, 0x00, 0x00, 0x00, 0x00, 0x06, 0xF9, 0x02, 0x10, 0x00, 0x00,
    0x00, 0x2E, 0xEF, 0xFF, 0xEE, 0xEE, 0xEE, 0xEE, 0xE2, 0x2F, 0xFF, 0xFF, 0xFF, 0xFF, 0xFF, 0xFF,
    0xF3, 0x00, 0x06, 0xF9, 0x03, 0xFD, 0x00, 0x00, 0x00, 0x00, 0x06, 0xF9, 0x00, 0xCF, 0x60, 0x00,
    0x00, 0x00, 0x06, 0xF9, 0x00, 0x4F, 0xF3, 0x00, 0x00, 0x00, 0x06, 0xF9, 0x00, 0x0A, 0xFE, 0x40,
    0x00, 0x00, 0x07, 0xFB, 0x7B, 0xF1, 0xDF, 0xF9, 0x20, 0x00, 0x0C, 0xFF, 0xFF, 0xF2, 0x1C, 0xFF,
    0xF4, 0x00, 0x0E, 0xFF, 0xB7, 0x20, 0x00, 0x8F, 0xB0, 0x00, 0x06, 0x50, 0x00, 0x00, 0x00, 0x01,
    0x10, 0x04, 0x40, 0x00, 0x00, 0x00, 0x00, 0x00, 0x2F, 0xF2, 0x3F, 0xFF, 0xFF, 0xFF, 0xFD, 0x07,
    0xFD, 0x3D, 0xDD, 0xDD, 0xDD, 0xFD, 0x00, 0xBF, 0x50, 0x00, 0x00, 0x01, 0xFD, 0xEE, 0x14, 0x00,
    0xCF, 0x10, 0x01, 0xFD, 0xFF, 0x00, 0x00, 0xFE, 0x00, 0x01, 0xFD, 0xFF, 0x00, 0x04, 0xFA, 0x00,
    0x01, 0xFD, 0xFF, 0x00, 0x0B, 0xFE, 0x20, 0x01, 0xFD, 0xFF, 0x00, 0x2F, 0xFF, 0xD1, 0x01, 0xFD,
    0xFF, 0x00, 0xCF, 0x7B, 0xFC, 0x01, 0xFD, 0xFF, 0x0A, 0xFD, 0x00, 0xDF, 0x91, 0xFD, 0xFF, 0x5F,
    0xF3, 0x00, 0x2F, 0xF3, 0xFD, 0xFF, 0x0C, 0x30, 0x00, 0x06, 0x51, 0xFD, 0xFF, 0x00, 0x00, 0x00,
    0x00, 0x02, 0xFD, 0xFF, 0x00, 0x00, 0x00, 0x0B, 0xFF, 0xFA, 0xEE, 0x00, 0x00, 0x00, 0x06, 0xED,
    0xA2, 0x09, 0x20, 0x00, 0x00, 0x00, 0x00, 0x00, 0x6F, 0xE1, 0x7F, 0xFF, 0xFF, 0xFF, 0xFF, 0x0A,
    0xFA, 0x5C, 0xCC, 0xCC, 0xCC, 0xFF, 0x01, 0xB2, 0x00, 0x02, 0x74, 0x00, 0xDF, 0x9A, 0x00, 0x00,
    0x05, 0xFA, 0x00, 0xDF, 0xEF, 0x00, 0x00, 0x05, 0xFA, 0x00, 0xDF, 0xEF, 0x2F, 0xFF, 0xFF, 0xFF,
    0xF7, 0xDF, 0xEF, 0x2D, 0xDD, 0xEF, 0xFF, 0xD6, 0xDF, 0xEF, 0x00, 0x02, 0xFF, 0xFA, 0x00, 0xDF,
    0xEF, 0x00, 0x1E, 0xFD, 0xFA, 0x00, 0xDF, 0xEF, 0x03, 0xEF, 0xA5, 0xFA, 0x00, 0xDF, 0xEF, 0x7F,
    0xFB, 0x05, 0xFA, 0x00, 0xDF, 0xEF, 0x3F, 0x70, 0x06, 0xFA, 0x00, 0xDF, 0xEF, 0x01, 0x08, 0xFF,
    0xF8, 0x00, 0xDF, 0xEF, 0x00, 0x03, 0xDC, 0x90, 0x8B, 0xFE, 0xEF, 0x00, 0x00, 0x00, 0x00, 0x7F,
    0xE6, 0x00, 0x00, 0x00, 0x00, 0x00, 0x00, 0x00, 0x08, 0x10, 0x00, 0x00, 0x00, 0x00, 0x00, 0x6F,
    0xC0, 0x7F, 0xFF, 0xFF, 0xFF, 0xFC, 0x09, 0xFB, 0x6C, 0xCC, 0xCC, 0xCC, 0xFC, 0x00, 0xC8, 0x00,
    0x00, 0x00, 0x01, 0xFC, 0xBD, 0x10, 0x00, 0x00, 0x00, 0x01, 0xFC, 0xDF, 0x10, 0xBB, 0xBB, 0xBA,
    0x01, 0xFC, 0xDF, 0x11, 0xFF, 0xFF, 0xFF, 0x01, 0xFC, 0xDF, 0x11, 0xFA, 0x00, 0xEF, 0x01, 0xFC,
    0xDF, 0x11, 0xFA, 0x00, 0xEF, 0x01, 0xFC, 0xDF, 0x11, 0xFA, 0x00, 0xEF, 0x01, 0xFC, 0xDF, 0x11,
    0xFF, 0xFF, 0xFF, 0x01, 0xFC, 0xDF, 0x11, 0xFE, 0xBB, 0xBA, 0x01, 0xFC, 0xDF, 0x10, 0xB7, 0x00,
    0x00, 0x01, 0xFC, 0xDF, 0x10, 0x00, 0x00, 0x00, 0x02, 0xFC, 0xDF, 0x10, 0x00, 0x00, 0x06, 0xFF,
    0xFA, 0xCE, 0x10, 0x00, 0x00, 0x01, 0xDC, 0xA1, 0x08, 0x20, 0x00, 0x00, 0x00, 0x00, 0x00, 0x5F,
    0xE1, 0x9F, 0xFF, 0xFF, 0xFF, 0xFF, 0x0A, 0xF9, 0x7C, 0xCC, 0xCC, 0xCC, 0xFF, 0x01, 0xA1, 0x00,
    0x00, 0x00, 0x00, 0xFF, 0xAB, 0x10, 0x00, 0x00, 0x00, 0x00, 0xFF, 0xDF, 0x13, 0xFF, 0xFF, 0xFF,
    0x50, 0xFF, 0xDF, 0x13, 0xFC, 0x88, 0xCF, 0x50, 0xFF, 0xDF, 0x13, 0xF7, 0x00, 0x7F, 0x50, 0xFF,
    0xDF, 0x13, 0xFF, 0xFF, 0xFF, 0x50, 0xFF, 0xDF, 0x13, 0xFC, 0x88, 0xCF, 0x50, 0xFF, 0xDF, 0x13,
    0xF7, 0x00, 0x7F, 0x50, 0xFF, 0xDF, 0x13, 0xFB, 0x88, 0xBF, 0x50, 0xFF, 0xDF, 0x13, 0xFF, 0xFF,
    0xFF, 0x50, 0xFF, 0xDF, 0x10, 0x00, 0x00, 0x00, 0x00, 0xFF, 0xDF, 0x10, 0x00, 0x00, 0x00, 0x5F,
    0xFE, 0xBC, 0x10, 0x00, 0x00, 0x00, 0x1A, 0x93, 0x08, 0x20, 0x00, 0x00, 0x00, 0x00, 0x00, 0x5F,
    0xD1, 0x8F, 0xFF, 0xFF, 0xFF, 0xFE, 0x09, 0xF9, 0x6A, 0xAA, 0xAA, 0xAA, 0xFE, 0x00, 0x71, 0x86,
    0x00, 0x9A, 0x20, 0xFE, 0xDF, 0x00, 0xDF, 0x23, 0xFC, 0x00, 0xFE, 0xDF, 0x05, 0xBF, 0x9D, 0xFA,
    0x40, 0xFE, 0xDF, 0x0A, 0xFF, 0xFF, 0xFF, 0x90, 0xFE, 0xDF, 0x0A, 0xF0, 0x00, 0x2F, 0x90, 0xFE,
    0xDF, 0x0A, 0xF0, 0x00, 0x2F, 0x90, 0xFE, 0xDF, 0x0A, 0xFF, 0xFF, 0xFF, 0x90, 0xFE, 0xDF, 0x05,
    0xAF, 0xBE, 0xE8, 0x40, 0xFE, 0xDF, 0x00, 0x8F, 0x4C, 0xD0, 0x00, 0xFE, 0xDF, 0x03, 0xFE, 0x0C,
    0xE0, 0xE5, 0xFE, 0xDF, 0x5F, 0xF4, 0x0B, 0xFF, 0xF4, 0xFE, 0xDF, 0x0A, 0x30, 0x01, 0x77, 0xBB,
    0xFD, 0xDF, 0x00, 0x00, 0x00, 0x00, 0x4F, 0xD5, 0x00, 0x00, 0x00, 0x00, 0x00, 0x00, 0x00, 0x00,
    0x00, 0x00, 0x00, 0x3F, 0x90, 0x00, 0x00, 0xEF, 0xFF, 0xD2, 0x00, 0x3F, 0x90, 0x00, 0x00, 0xEF,
    0xBF, 0xF5, 0xFF, 0xFF, 0xFF, 0xFD, 0x00, 0xEC, 0x0F, 0xC2, 0x99, 0xBF, 0xD9, 0x98, 0x00, 0xEC,
    0x4F, 0x70, 0x00, 0x3F, 0x90, 0x00, 0x00, 0xEC, 0x8F, 0x3A, 0xAA, 0xBF, 0xEA, 0xAA, 0x40, 0xEC,
    0x8F, 0x6F, 0xFF, 0xFF, 0xFF, 0xFF, 0x60, 0xEC, 0x1F, 0xC0, 0x00, 0x0F, 0xC0, 0x00, 0x00, 0xEC,
    0x0B, 0xF0, 0xFD, 0x0F, 0xC0, 0x00, 0x00, 0xEC, 0x0A, 0xF3, 0xFC, 0x0F, 0xE9, 0x99, 0x00, 0xED,
    0xAF, 0xF4, 0xFA, 0x0F, 0xFF, 0xFF, 0x00, 0xEC, 0xBE, 0x66, 0xFE, 0x0F, 0xC0, 0x00, 0x00, 0xEC,
    0x00, 0x0B, 0xFF, 0x7F, 0xC0, 0x00, 0x00, 0xEC, 0x00, 0x2F, 0xDD, 0xFF, 0xC0, 0x00, 0x00, 0xEC,
    0x00, 0xDF, 0x63, 0xEF, 0xFF, 0xFF, 0x90, 0xEC, 0x00, 0x5B, 0x00, 0x17, 0xAB, 0xBB, 0x30, 0x00,
    0x00, 0x00, 0x00, 0x00, 0x00, 0x00, 0x00, 0x00, 0x00, 0x00, 0x00, 0x00, 0x00, 0x00, 0x00, 0x00,
    0x00, 0x00, 0x00, 0x1E, 0x70, 0x00, 0x00, 0xFF, 0xFF, 0xA0, 0x00, 0xBF, 0xC0, 0x00, 0x00, 0xFE,
    0xBF, 0xC0, 0x09, 0xFF, 0xFA, 0x00, 0x00, 0xFB, 0x3F, 0x71, 0xBF, 0xC1, 0xBF, 0xD4, 0x00, 0xFB,
    0x6F, 0x6F, 0xFC, 0x10, 0x0B, 0xFF, 0x70, 0xFB, 0xAD, 0x0B, 0xEB, 0xAA, 0xAA, 0xDA, 0x00, 0xFB,
    0xAF, 0x10, 0xBF, 0xFF, 0xFF, 0xC0, 0x00, 0xFB, 0x2F, 0x80, 0x00, 0x1F, 0xB0, 0x00, 0x00, 0xFB,
    0x0E, 0xBA, 0xBB, 0xCF, 0xEB, 0xBB, 0x30, 0xFB, 0x0E, 0xCF, 0xFF, 0xFF, 0xFF, 0xFF, 0x50, 0xFB,
    0x4F, 0xC0, 0x30, 0x1F, 0xB0, 0x40, 0x00, 0xFC, 0xFF, 0x83, 0xFB, 0x1F, 0xBA, 0xF4, 0x00, 0xFB,
    0x87, 0x0B, 0xF4, 0x1F, 0xB2, 0xFD, 0x00, 0xFB, 0x00, 0x6F, 0xB0, 0x1F, 0xB0, 0x8F, 0x60, 0xFB,
    0x00, 0x5D, 0x1A, 0xCF, 0xA0, 0x1C, 0x30, 0xFB, 0x00, 0x00, 0x09, 0xFC, 0x30, 0x00, 0x00, 0x00,
    0x00, 0x00, 0x09, 0x80, 0x00, 0x00, 0x00, 0xDF, 0xFF, 0xC1, 0x6F, 0xD6, 0x66, 0x00, 0x00, 0xDF,
    0xBF, 0xF4, 0xFF, 0xFF, 0xFF, 0x70, 0x00, 0xDC, 0x1F, 0xBF, 0xE2, 0x03, 0xFA, 0x00, 0x00, 0xDC,
    0x5F, 0x48, 0xFF, 0xFF, 0xFF, 0xF9, 0x00, 0xDC, 0x9F, 0x03, 0x66, 0x66, 0x68, 0xF9, 0x00, 0xDC,
    0x9F, 0x20, 0x55, 0x55, 0x57, 0xF9, 0x00, 0xDC, 0x2F, 0xA2, 0xFF, 0xFF, 0xFF, 0xF9, 0x00, 0xDC,
    0x0C, 0xE0, 0x00, 0x00, 0x02, 0xF9, 0x00, 0xDC, 0x0B, 0xF9, 0xFF, 0xFF, 0xFF, 0xF9, 0x00, 0xDD,
    0x9F, 0xE4, 0x67, 0xDD, 0x76, 0x64, 0x00, 0xDC, 0xCE, 0x66, 0x37, 0xDF, 0x91, 0x82, 0x00, 0xDC,
    0x00, 0x5F, 0xBF, 0x5A, 0xD3, 0xFA, 0x00, 0xDC, 0x00, 0xBF, 0x6F, 0x50, 0x2C, 0xEF, 0x20, 0xDC,
    0x00, 0xCA, 0x3F, 0xFF, 0xFF, 0x9E, 0x40, 0xCB, 0x00, 0x01, 0x05, 0x88, 0x85, 0x00, 0x00, 0x00,
    0x00, 0x00, 0x00, 0x00, 0x00, 0x00, 0x00, 0x00, 0x03, 0xFB, 0x04, 0xE6, 0x00, 0x00, 0x00, 0x00,
    0x0D, 0xFB, 0x79, 0xFE, 0x77, 0x77, 0x30, 0x00, 0xAF, 0xFF, 0xFF, 0xFF, 0xFF, 0xFF, 0x60, 0x09,
    0xFF, 0x60, 0x04, 0xF8, 0x00, 0x00, 0x00, 0x6F, 0xFF, 0xFF, 0xFF, 0xFF, 0xFF, 0xFB, 0x00, 0x0A,
    0xAF, 0x93, 0x37, 0xFA, 0x33, 0x32, 0x00, 0x00, 0x7F, 0xFF, 0xFF, 0xFF, 0xFF, 0xFB, 0x00, 0x00,
    0x7F, 0x94, 0x47, 0xFA, 0x44, 0x43, 0x00, 0x00, 0x7F, 0xFF, 0xFF, 0xFF, 0xFF, 0xFF, 0xC0, 0x00,
    0x6E, 0xA7, 0x7D, 0xD7, 0x77, 0x77, 0x60, 0x18, 0x88, 0x88, 0x8F, 0xF8, 0x88, 0x88, 0x81, 0x3F,
    0xFF, 0xFF, 0xFF, 0xFF, 0xFF, 0xFF, 0xF3, 0x00, 0x01, 0x9F, 0xFF, 0xFF, 0xF9, 0x10, 0x00, 0x05,
    0xAF, 0xFD, 0x3F, 0xE3, 0xDF, 0xFA, 0x50, 0x7F, 0xFF, 0x80, 0x0F, 0xE0, 0x07, 0xEF, 0xF4, 0x0A,
    0x60, 0x00, 0x0E, 0xD0, 0x00, 0x06, 0x70, 0x00, 0x67, 0x77, 0x77, 0x77, 0x77, 0x76, 0x00, 0x00,
    0xFF, 0xFF, 0xFF, 0xFF, 0xFF, 0xFE, 0x00, 0x04, 0x44, 0x44, 0x4F, 0xE4, 0x44, 0x44, 0x40, 0x0F,
    0xFF, 0xFF, 0xFF, 0xFF, 0xFF, 0xFF, 0xF0, 0x0F, 0xA1, 0x11, 0x0F, 0xD0, 0x11, 0x1B, 0xF0, 0x0F,
    0xAC, 0xFF, 0x7F, 0xD8, 0xFF, 0xBB, 0xF0, 0x00, 0x01, 0x11, 0x0F, 0xD1, 0x11, 0x10, 0x00, 0x00,
    0x2F, 0xFF, 0x7F, 0xD8, 0xFF, 0xF1, 0x00, 0x1F, 0xFF, 0xFF, 0xFF, 0xFF, 0xFF, 0xFF, 0xF2, 0x07,
    0x77, 0x77, 0x9F, 0xE7, 0x77, 0x77, 0x71, 0x00, 0x77, 0x77, 0x9F, 0xD7, 0x77, 0x77, 0x20, 0x00,
    0xEF, 0xFF, 0xFF, 0xFF, 0xFF, 0xFF, 0x40, 0x00, 0xED, 0x07, 0xF3, 0x0F, 0xA0, 0x8F, 0x40, 0x00,
    0xED, 0x07, 0xF3, 0x0F, 0xA0, 0x8F, 0x40, 0x00, 0xED, 0x07, 0xF3, 0x0F, 0xA7, 0xDF, 0x30, 0x00,
    0xED, 0x07, 0xF3, 0x0F, 0xA8, 0xFB, 0x00, 0x00, 0x00, 0x00, 0x00, 0x00, 0x00, 0x00, 0x00, 0x00,
    0x0A, 0xE0, 0x00, 0x0A, 0xB0, 0x00, 0x00, 0x15, 0x5D, 0xF5, 0x53, 0x1F, 0xE6, 0x71, 0x00, 0x3F,
    0xFF, 0xFF, 0xF9, 0x8F, 0xFF, 0xFA, 0x00, 0x03, 0x4C, 0xF5, 0x44, 0xFA, 0x0C, 0xF2, 0x00, 0x0D,
    0xFF, 0xFF, 0xF8, 0xFA, 0xAF, 0xD8, 0x60, 0x35, 0x5D, 0xF6, 0x54, 0xCF, 0xFF, 0xFF, 0xA0, 0x8F,
    0xFF, 0xFF, 0xFB, 0x01, 0xFA, 0x0F, 0xA0, 0x04, 0x66, 0x66, 0x64, 0x99, 0xFD, 0x9F, 0xD5, 0x0A,
    0xFF, 0xFF, 0xF7, 0xFF, 0xFF, 0xFF, 0xF8, 0x0A, 0xF3, 0x3B, 0xF0, 0x01, 0xFA, 0x0F, 0xA0, 0x0A,
    0xFF, 0xFF, 0xF0, 0x79, 0xFD, 0x9F, 0xA0, 0x0A, 0xF0, 0x0A, 0xF0, 0xEF, 0xFF, 0xFF, 0xA0, 0x0A,
    0xFF, 0xFF, 0xF0, 0x01, 0xFA, 0x0B, 0x80, 0x0A, 0xF3, 0x3B, 0xF0, 0x01, 0xFA, 0x00, 0x00, 0x0A,
    0xF0, 0x7D, 0xF0, 0x8C, 0xF9, 0x00, 0x00, 0x0A, 0xF0, 0xBF, 0x80, 0x7F, 0xD3, 0x00, 0x00, 0x00,
    0x00, 0x00, 0x00, 0x00, 0x00, 0x00, 0x00, 0x3F, 0xFF, 0xFF, 0xFF, 0xFF, 0xFF, 0xFF, 0xF4, 0x2C,
    0xCC, 0xCC, 0xEF, 0xFC, 0xCC, 0xCC, 0xC3, 0x00, 0x00, 0x00, 0x7F, 0xA0, 0x00, 0x00, 0x00, 0x06,
    0xBB, 0xBB, 0xEF, 0xDB, 0xBB, 0xBB, 0x60, 0x08, 0xFF, 0xFF, 0xFF, 0xFF, 0xFF, 0xFF, 0x80, 0x08,
    0xF4, 0x0F, 0xA0, 0x0E, 0xD0, 0x6F, 0x80, 0x08, 0xF4, 0x0F, 0xD7, 0x7F, 0xD0, 0x6F, 0x80, 0x08,
    0xF4, 0x0F, 0xFF, 0xFF, 0xD0, 0x6F, 0x80, 0x08, 0xF4, 0x0F, 0xA0, 0x0E, 0xD0, 0x6F, 0x80, 0x08,
    0xF4, 0x0F, 0xD7, 0x7F, 0xD0, 0x6F, 0x80, 0x08, 0xF4, 0x0F, 0xFF, 0xFF, 0xD0, 0x6F, 0x80, 0x08,
    0xF4, 0x0F, 0xA0, 0x0E, 0xD0, 0x6F, 0x80, 0x08, 0xFD, 0xCF, 0xEC, 0xCF, 0xFC, 0xDF, 0x80, 0x08,
    0xFF, 0xFF, 0xFF, 0xFF, 0xFF, 0xFF, 0x80, 0x08, 0xF4, 0x00, 0x00, 0x00, 0x00, 0x6F, 0x80, 0x00,
    0x00, 0xEE, 0x00, 0x00, 0xFE, 0x00, 0x00, 0x09, 0x99, 0xFF, 0x99, 0x9A, 0xFF, 0x99, 0x90, 0x0F,
    0xFF, 0xFF, 0xFF, 0xFF, 0xFF, 0xFF, 0xF0, 0x00, 0x00, 0xFE, 0x00, 0x00, 0xFF, 0x00, 0x00, 0x00,
    0x00, 0xFF, 0xFF, 0xFF, 0xFF, 0x00, 0x00, 0x00, 0x00, 0x66, 0x7F, 0xF6, 0x66, 0x00, 0x00, 0x00,
    0x47, 0x77, 0x8F, 0xF7, 0x77, 0x75, 0x00, 0x00, 0x8F, 0xFF, 0xFF, 0xFF, 0xFF, 0xFA, 0x00, 0x00,
    0x8F, 0x60, 0x0F, 0xF0, 0x06, 0xFA, 0x00, 0x00, 0x8F, 0xFF, 0xFF, 0xFF, 0xFF, 0xFA, 0x00, 0x00,
    0x47, 0x77, 0x8F, 0xF7, 0x77, 0x75, 0x00, 0x00, 0x00, 0x00, 0x0F, 0xF0, 0x00, 0x00, 0x00, 0x4F,
    0xFF, 0xFF, 0xFF, 0xFF, 0xFF, 0xFF, 0xF4, 0x3B, 0xBB, 0xBB, 0xBF, 0xFB, 0xBB, 0xBB, 0xB3, 0x00,
    0x00, 0x00, 0x0F, 0xF0, 0x00, 0x00, 0x00, 0x00, 0x00, 0x00, 0x0F, 0xF0, 0x00, 0x00, 0x00, 0x00,
    0x00, 0x00, 0x00, 0x00, 0x00, 0x00, 0x00, 0x0E, 0xFF, 0xFF, 0xFF, 0xFF, 0xFF, 0xFF, 0xF0, 0x0B,
    0xCC, 0xCC, 0xEF, 0xEC, 0xCC, 0xCC, 0xC0, 0x00, 0x00, 0x00, 0xAF, 0x60, 0x00, 0x00, 0x00, 0x00,
    0x7B, 0xBB, 0xFF, 0xCB, 0xBB, 0xBA, 0x00, 0x00, 0x9F, 0xFF, 0xFF, 0xFF, 0xFF, 0xFD, 0x00, 0x00,
    0x9F, 0x50, 0x04, 0x40, 0x02, 0xFD, 0x00, 0x00, 0x9F, 0x50, 0x0F, 0xF0, 0x02, 0xFD, 0x00, 0x00,
    0x9F, 0x50, 0x0F, 0xF0, 0x02, 0xFD, 0x00, 0x00, 0x9F, 0x50, 0x0F, 0xF0, 0x02, 0xFD, 0x00, 0x00,
    0x9F, 0x50, 0x1F, 0xE0, 0x02, 0xFD, 0x00, 0x00, 0x9F, 0x50, 0x8F, 0xB4, 0x22, 0xFD, 0x00, 0x00,
    0x11, 0x06, 0xFF, 0x6F, 0xFB, 0x41, 0x00, 0x00, 0x16, 0xDF, 0xF7, 0x04, 0xDF, 0xFA, 0x20, 0x1D,
    0xFF, 0xFC, 0x30, 0x00, 0x05, 0xEF, 0xF1, 0x07, 0xD8, 0x30, 0x00, 0x00, 0x00, 0x09, 0x70, 0x00,
    0x00, 0x00, 0x00, 0x00, 0x00, 0x00, 0x00, 0x5C, 0xCC, 0xCC, 0x9F, 0xFF, 0xFF, 0xFF, 0xF7, 0x7F,
    0xFF, 0xFF, 0x9A, 0xAB, 0xFF, 0xAA, 0xA5, 0x00, 0x2F, 0xB0, 0x00, 0x03, 0xFA, 0x00, 0x00, 0x00,
    0x2F, 0xB0, 0x09, 0xFF, 0xFF, 0xFF, 0xE0, 0x00, 0x2F, 0xB0, 0x09, 0xFC, 0xCC, 0xCF, 0xE0, 0x00,
    0x2F, 0xB0, 0x09, 0xF2, 0x46, 0x0F, 0xE0, 0x00, 0x2F, 0xB0, 0x09, 0xF2, 0xCF, 0x1F, 0xE0, 0x00,
    0x2F, 0xB0, 0x09, 0xF2, 0xCF, 0x1F, 0xE0, 0x00, 0x2F, 0xB0, 0x09, 0xF2, 0xCF, 0x1F, 0xE0, 0x00,
    0x2F, 0xB0, 0x09, 0xF2, 0xDF, 0x0F, 0xE0, 0x00, 0x2F, 0xB0, 0x09, 0xF3, 0xFD, 0x0F, 0xE0, 0x00,
    0x2F, 0xB0, 0x03, 0x58, 0xF7, 0x74, 0x30, 0x00, 0x3F, 0xB0, 0x00, 0x7F, 0xD8, 0xFD, 0x20, 0x3F,
    0xFF, 0xA0, 0x5C, 0xFE, 0x21, 0xBF, 0xE3, 0x0D, 0xEB, 0x20, 0x5F, 0x91, 0x00, 0x07, 0xE2, 0x00,
    0x00, 0x00, 0x00, 0x00, 0x00, 0x00, 0x00, 0x00, 0x00, 0x00, 0xDF, 0xFF, 0xFF, 0xFF, 0xF6, 0x6F,
    0xFF, 0xFE, 0xAB, 0xBE, 0xFD, 0xBB, 0xB4, 0x5D, 0xEF, 0xEC, 0x00, 0x0E, 0xF2, 0x00, 0x00, 0x00,
    0x9F, 0x50, 0x6F, 0xFF, 0xFF, 0xFF, 0x90, 0x00, 0x9F, 0x50, 0x6F, 0xDA, 0xAA, 0xCF, 0x90, 0x00,
    0x9F, 0x50, 0x6F, 0x64, 0xA5, 0x5F, 0x90, 0x00, 0x9F, 0x50, 0x6F, 0x66, 0xF8, 0x5F, 0x90, 0x00,
    0x9F, 0x50, 0x6F, 0x66, 0xF8, 0x5F, 0x90, 0x00, 0x9F, 0x77, 0x6F, 0x66, 0xF8, 0x5F, 0x90, 0x16,
    0xDF, 0xFF, 0x8F, 0x67, 0xF6, 0x5F, 0x90, 0x9F, 0xFF, 0xB5, 0x6E, 0x6C, 0xF4, 0x4D, 0x80, 0x5D,
    0x71, 0x00, 0x00, 0x7F, 0xD4, 0xB1, 0x00, 0x00, 0x00, 0x00, 0x1A, 0xFE, 0x39, 0xFF, 0x50, 0x00,
    0x00, 0x0B, 0xFF, 0xD2, 0x00, 0x6F, 0xF5, 0x00, 0x00, 0x06, 0xD6, 0x00, 0x00, 0x03, 0xA0, 0x00,
    0x00, 0x00, 0x00, 0x00, 0x00, 0x00, 0x00, 0x00, 0x0B, 0xD0, 0x00, 0x00, 0x00, 0x00, 0x00, 0x00,
    0x0C, 0xE0, 0x04, 0xFF, 0xFF, 0xFF, 0xF4, 0x5F, 0xFF, 0xFF, 0xF9, 0xAA, 0xCF, 0xCA, 0xA3, 0x3A,
    0xAE, 0xFA, 0xA3, 0x00, 0x9F, 0x20, 0x00, 0x03, 0x1C, 0xE0, 0x31, 0xDF, 0xFF, 0xFF, 0xE0, 0x1F,
    0x5C, 0xE3, 0xF4, 0xDE, 0x77, 0x7D, 0xE0, 0x1F, 0x5C, 0xE3, 0xF4, 0xDC, 0x3B, 0x4B, 0xE0, 0x1F,
    0x5C, 0xE3, 0xF4, 0xDC, 0x4F, 0x5B, 0xE0, 0x1F, 0x5C, 0xE3, 0xF4, 0xDC, 0x5F, 0x5B, 0xE0, 0x1F,
    0xFF, 0xFF, 0xF4, 0xDC, 0x6F, 0x4B, 0xE0, 0x0A, 0xAE, 0xFA, 0xA3, 0xDC, 0x9F, 0x2B, 0xE0, 0x00,
    0x0C, 0xE0, 0x11, 0xCB, 0xCE, 0x09, 0xC0, 0x00, 0x0D, 0xF9, 0xF7, 0x04, 0xFB, 0x82, 0x00, 0x00,
    0x3F, 0xFF, 0xD4, 0x3E, 0xF6, 0xFF, 0x40, 0x00, 0x4F, 0xD5, 0x1B, 0xFF, 0x60, 0x2E, 0xF5, 0x00,
    0x05, 0x00, 0x09, 0xA3, 0x00, 0x02, 0xD1, 0x00, 0x00, 0x00, 0x00, 0x00, 0x00, 0x00, 0x00, 0x02,
    0x44, 0x44, 0x41, 0x88, 0x88, 0x88, 0x83, 0x08, 0xFF, 0xFF, 0xF5, 0xFF, 0xFF, 0xFF, 0xF6, 0x08,
    0xF4, 0x39, 0xF4, 0x00, 0x8F, 0x50, 0x00, 0x08, 0xFF, 0xFF, 0xF4, 0x35, 0xCF, 0x65, 0x40, 0x08,
    0xF1, 0x07, 0xF4, 0x9F, 0xFF, 0xFF, 0xD0, 0x08, 0xFF, 0xFF, 0xF4, 0x9F, 0x04, 0x2C, 0xD0, 0x02,
    0x44, 0x44, 0x41, 0x9F, 0x2F, 0x6C, 0xD0, 0x16, 0x66, 0x66, 0x66, 0x9F, 0x3F, 0x5C, 0xD0, 0x4F,
    0xFF, 0xFF, 0xFF, 0x9F, 0x4F, 0x4C, 0xD0, 0x04, 0x95, 0xF4, 0x00, 0x9F, 0x8F, 0x1C, 0xD0, 0x09,
    0xF5, 0xFF, 0xF9, 0x48, 0xDD, 0x35, 0x50, 0x0A, 0xF6, 0xF9, 0x64, 0x0A, 0xF7, 0xFD, 0x20, 0x0C,
    0xFD, 0xF4, 0x05, 0xDF, 0x90, 0x4F, 0xF3, 0x0F, 0xCF, 0xF8, 0x23, 0xC5, 0x00, 0x03, 0xB1, 0x7F,
    0x35, 0xDF, 0xFF, 0xFF, 0xFF, 0xFF, 0xF5, 0x19, 0x00, 0x03, 0x67, 0x88, 0x88, 0x88, 0x80, 0x00,
    0xD7, 0x00, 0x00, 0x04, 0xF6, 0x00, 0x00, 0x03, 0xF8, 0x00, 0x5F, 0xFF, 0xFF, 0xFF, 0x70, 0x07,
    0xFC, 0x99, 0x8F, 0x67, 0xF9, 0x6F, 0x70, 0x0A, 0xFF, 0xFF, 0x8F, 0xFF, 0xFF, 0xFF, 0x70, 0x0F,
    0xC0, 0xCD, 0x13, 0x37, 0xF9, 0x33, 0x10, 0x6F, 0x72, 0xF8, 0x66, 0x69, 0xFA, 0x66, 0x63, 0x9F,
    0x8A, 0x54, 0xFF, 0xFF, 0xFF, 0xFF, 0xF7, 0x06, 0xAF, 0x00, 0x37, 0x77, 0x77, 0x77, 0x30, 0x00,
    0xAF, 0x00, 0x8F, 0xFF, 0xFF, 0xFF, 0x70, 0x00, 0xAF, 0x00, 0x8F, 0x30, 0x20, 0x5F, 0x70, 0x00,
    0xAF, 0x00, 0x8F, 0x35, 0xF6, 0x5F, 0x70, 0x00, 0xAF, 0x13, 0x8F, 0x36, 0xF6, 0x5F, 0x70, 0x00,
    0xAF, 0xEB, 0x8F, 0x3A, 0xF4, 0x5F, 0x70, 0x00, 0xDF, 0xE4, 0x01, 0x9F, 0xCB, 0xE7, 0x00, 0x05,
    0xFD, 0x23, 0xBF, 0xFC, 0x25, 0xDF, 0xD1, 0x02, 0xB0, 0x00, 0xDC, 0x60, 0x00, 0x06, 0xA0, 0x00,
    0x00, 0x00, 0x00, 0x00, 0x00, 0x00, 0x00, 0x00, 0x00, 0x00, 0x00, 0x00, 0x00, 0x00, 0x00, 0x00,
    0x05, 0xD8, 0x00, 0x00, 0x8D, 0x80, 0x00, 0x00, 0x02, 0xFF, 0x40, 0x01, 0xFF, 0x30, 0x00, 0x2C,
    0xCC, 0xEF, 0xCC, 0xCD, 0xFF, 0xCC, 0xC3, 0x3F, 0xFF, 0xFF, 0xFF, 0xFF, 0xFF, 0xFF, 0xF4, 0x00,
    0x00, 0x00, 0x3F, 0xF0, 0x00, 0x00, 0x00, 0x00, 0x6A, 0xAA, 0xCF, 0xEA, 0xAA, 0xA6, 0x00, 0x00,
    0xAF, 0xFF, 0xFF, 0xFF, 0xFF, 0xF9, 0x00, 0x00, 0xAF, 0x40, 0x00, 0x00, 0x06, 0xF9, 0x00, 0x00,
    0xAF, 0xFF, 0xFF, 0xFF, 0xFF, 0xF9, 0x00, 0x00, 0xAF, 0x97, 0x77, 0x77, 0x7B, 0xF9, 0x00, 0x00,
    0xAF, 0x97, 0x77, 0x77, 0x7B, 0xF9, 0x00, 0x00, 0xAF, 0xFF, 0xFF, 0xFF, 0xFF, 0xF9, 0x00, 0x00,
    0xAF, 0x40, 0x00, 0x00, 0x06, 0xF9, 0x00, 0x00, 0xAF, 0xBA, 0xAA, 0xAA, 0xAC, 0xF9, 0x00, 0x00,
    0xAF, 0xFF, 0xFF, 0xFF, 0xFF, 0xF9, 0x00, 0x00, 0x9E, 0x30, 0x00, 0x00, 0x06, 0xE8, 0x00, 0x00,
    0x00, 0x00, 0x00, 0x00, 0x00, 0x00, 0x00, 0x00, 0xFF, 0xFF, 0xFF, 0xFF, 0xFF, 0xC0, 0x00, 0x00,
    0xDD, 0xDD, 0xDD, 0xDD, 0xEF, 0xA0, 0x00, 0x00, 0x03, 0x40, 0x00, 0x00, 0x5F, 0x90, 0x00, 0x00,
    0x0B, 0xF3, 0x00, 0x00, 0x6F, 0x80, 0x00, 0x00, 0x0D, 0xF1, 0x00, 0x00, 0x8F, 0x60, 0x00, 0x00,
    0x0E, 0xF0, 0x00, 0x00, 0xAF, 0x40, 0x00, 0x00, 0x0F, 0xFC, 0xCC, 0xCC, 0xEF, 0xDC, 0xB0, 0x00,
    0x2F, 0xFF, 0xFF, 0xFF, 0xFF, 0xFF, 0xE0, 0x00, 0x00, 0x00, 0x00, 0x00, 0x00, 0x2F, 0xC0, 0x00,
    0x00, 0x00, 0x00, 0x00, 0x00, 0x4F, 0xB0, 0x2F, 0xFF, 0xFF, 0xFF, 0xFF, 0xF6, 0x6F, 0x90, 0x2D,
    0xDD, 0xDD, 0xDD, 0xDD, 0xD5, 0x8F, 0x60, 0x00, 0x00, 0x00, 0x00, 0x00, 0x00, 0xDF, 0x30, 0x00,
    0x00, 0x00, 0x00, 0x0B, 0xBD, 0xFE, 0x00, 0x00, 0x00, 0x00, 0x00, 0x0A, 0xFF, 0xD4, 0x00, 0x00,
    0x00, 0x00, 0x00, 0x00, 0x00, 0x00, 0x00, 0x00, 0x00, 0x00, 0x44, 0x44, 0x44, 0x66, 0x50, 0x4F,
    0xFF, 0xF9, 0xFF, 0xFF, 0xEB, 0xFF, 0xC0, 0x29, 0x9A, 0xF7, 0x5F, 0xFF, 0x72, 0x1D, 0x80, 0x06,
    0x62, 0xF6, 0x5F, 0x0E, 0x7D, 0xCF, 0x50, 0x0C, 0xD3, 0xF5, 0x5F, 0xFF, 0x75, 0xFF, 0x10, 0x0C,
    0xC4, 0xF4, 0x5F, 0x6F, 0x82, 0xFF, 0x50, 0x0D, 0xB5, 0xF4, 0xBF, 0xFF, 0xFE, 0xDB, 0xF0, 0x0F,
    0xA7, 0xF2, 0xBA, 0x9F, 0xDE, 0xD9, 0x40, 0x0F, 0xFF, 0xFF, 0x6F, 0xFF, 0xFE, 0xB8, 0x10, 0x07,
    0x77, 0xBF, 0x23, 0x34, 0xF6, 0x05, 0x20, 0x00, 0x01, 0x9F, 0x17, 0xF8, 0xF7, 0x8F, 0x70, 0x4A,
    0xDF, 0xCF, 0xBF, 0x93, 0xFF, 0xD2, 0x00, 0x8F, 0xC8, 0xCF, 0x27, 0xDE, 0xFE, 0xF7, 0x00, 0x10,
    0x00, 0xDD, 0x6E, 0xF7, 0xF7, 0xBF, 0xE1, 0x00, 0x78, 0xFA, 0xAD, 0x33, 0xF6, 0x07, 0x80, 0x00,
    0xDF, 0xD3, 0x00, 0x03, 0xE6, 0x00, 0x00, 0x00, 0x00, 0x00, 0x00, 0x00, 0x00, 0x00, 0x00, 0x00,
    0x00, 0x00, 0x00, 0x00, 0x00, 0x00, 0x00, 0x00, 0x00, 0x00, 0x2D, 0xE0, 0x00, 0x00, 0x00, 0x19,
    0x99, 0x99, 0x9F, 0xFB, 0x99, 0x99, 0x90, 0x1F, 0xFF, 0xFF, 0xFF, 0xFF, 0xFF, 0xFF, 0xF0, 0x00,
    0x00, 0x00, 0x00, 0x00, 0x00, 0x00, 0x00, 0x00, 0x0F, 0xFF, 0xFF, 0xFF, 0xFF, 0xF2, 0x00, 0x00,
    0x0F, 0xF4, 0x44, 0x44, 0x4E, 0xF2, 0x00, 0x00, 0x0F, 0xFF, 0xFF, 0xFF, 0xFF, 0xF2, 0x00, 0x00,
    0x04, 0x44, 0x44, 0x44, 0x44, 0x40, 0x00, 0x06, 0x88, 0x88, 0x88, 0x88, 0x88, 0x88, 0x60, 0x0A,
    0xFF, 0xFF, 0xFF, 0xFF, 0xFF, 0xFF, 0xB0, 0x0A, 0xF2, 0x35, 0x55, 0x55, 0x52, 0x3F, 0xB0, 0x0A,
    0xF2, 0x9F, 0xFF, 0xFF, 0xF6, 0x3F, 0xB0, 0x0A, 0xF2, 0x9F, 0x20, 0x04, 0xF6, 0x3F, 0xB0, 0x0A,
    0xF2, 0x9F, 0xFF, 0xFF, 0xF6, 0x3F, 0xB0, 0x0A, 0xF2, 0x9F, 0x75, 0x55, 0x69, 0x9F, 0xA0, 0x0A,
    0xF2, 0x00, 0x00, 0x00, 0x0D, 0xFD, 0x40, 0x01, 0x10, 0x00, 0x00, 0x00, 0x00, 0x00, 0x00, 0x00,
    0x58, 0x88, 0x88, 0x88, 0x88, 0x86, 0x00, 0x00, 0xAF, 0xFF, 0xFF, 0xFF, 0xFF, 0xFA, 0x00, 0x00,
    0xAF, 0x58, 0x0F, 0xE0, 0x96, 0xFA, 0x00, 0x00, 0xAF, 0x5F, 0x3F, 0xE4, 0xF8, 0xFA, 0x00, 0x00,
    0xAF, 0x2D, 0x6F, 0xE9, 0xD4, 0xFA, 0x00, 0x00, 0xAF, 0x9A, 0x8F, 0xF9, 0xAA, 0xFA, 0x00, 0x00,
    0xAF, 0xFF, 0xFF, 0xFF, 0xFF, 0xFA, 0x00, 0x00, 0x00, 0x00, 0x0F, 0xE0, 0x00, 0x00, 0x00, 0x00,
    0xEF, 0xFF, 0xFF, 0xFF, 0xFF, 0xFE, 0x00, 0x00, 0x78, 0x88, 0x8F, 0xF8, 0x88, 0x87, 0x00, 0x1A,
    0xAA, 0xAA, 0xAF, 0xFA, 0xAA, 0xAA, 0xA1, 0x2F, 0xFF, 0xFF, 0xFF, 0xFF, 0xFF, 0xFF, 0xF2, 0x00,
    0x76, 0x01, 0x20, 0x03, 0x11, 0x67, 0x00, 0x02, 0xFF, 0x0C, 0xF1, 0x6F, 0x81, 0xEF, 0x40, 0x0C,
    0xF8, 0x0A, 0xF3, 0x2F, 0xD0, 0x6F, 0xD0, 0x19, 0xD0, 0x08, 0xB2, 0x0C, 0x80, 0x0C, 0xA1, 0x00,
    0x00, 0x00, 0x00, 0x00, 0x00, 0x00, 0x00, 0x03, 0x44, 0x44, 0x44, 0x00, 0x4E, 0x50, 0x00, 0x0B,
    0xFF, 0xFF, 0xFF, 0x00, 0x4F, 0xEC, 0x00, 0x0B, 0xC3, 0xF5, 0xAF, 0x00, 0x4F, 0xAF, 0x60, 0x0B,
    0xDA, 0xFA, 0xEF, 0x00, 0x4F, 0x5B, 0xD0, 0x0B, 0xBD, 0xFE, 0x9F, 0x00, 0x4F, 0x52, 0x10, 0x0B,
    0xC5, 0xF7, 0xAF, 0xBF, 0xFF, 0xFF, 0xF4, 0x0B, 0xFF, 0xFF, 0xFF, 0x9C, 0xEF, 0xEC, 0xC3, 0x00,
    0x03, 0xF6, 0x00, 0x00, 0x7F, 0x80, 0x00, 0x0A, 0xFF, 0xFF, 0xFD, 0x00, 0x9F, 0xD0, 0x00, 0x05,
    0x79, 0xFB, 0x76, 0x00, 0xDF, 0xF1, 0x00, 0x0A, 0xAC, 0xFF, 0xFF, 0x11, 0xFD, 0xF6, 0x00, 0x0E,
    0xCA, 0x97, 0x65, 0x08, 0xF5, 0xEC, 0x00, 0x04, 0x55, 0x47, 0x77, 0x0E, 0xE0, 0x8F, 0x40, 0x0B,
    0xBC, 0x7F, 0x7D, 0x9F, 0x80, 0x2F, 0xE2, 0x1F, 0x6B, 0x6E, 0x58, 0xFD, 0x00, 0x07, 0xF7, 0x2B,
    0x05, 0x31, 0x00, 0x83, 0x00, 0x00, 0x70, 0x00, 0x00, 0x00, 0x00, 0x10, 0x00, 0x00, 0x00, 0x00,
    0x00, 0x00, 0x1E, 0xE0, 0x00, 0x00, 0x00, 0x09, 0x99, 0x99, 0x9E, 0xFC, 0x99, 0x99, 0x90, 0x1F,
    0xFF, 0xFF, 0xFF, 0xFF, 0xFF, 0xFF, 0xF0, 0x00, 0x02, 0xFE, 0x40, 0x05, 0xFF, 0x30, 0x00, 0x00,
    0x00, 0x5F, 0xF7, 0x6F, 0xF7, 0x00, 0x00, 0x00, 0x00, 0x05, 0xFF, 0xFF, 0x80, 0x00, 0x00, 0x00,
    0x14, 0x9E, 0xFF, 0xFF, 0xFC, 0x86, 0x41, 0x3F, 0xFF, 0xFF, 0xB5, 0x39, 0xFF, 0xFF, 0xF4, 0x0B,
    0xDA, 0xC6, 0x00, 0x00, 0x49, 0x8A, 0x90, 0x00, 0x02, 0xFC, 0x00, 0x00, 0xCF, 0x30, 0x00, 0x00,
    0x02, 0xFC, 0x00, 0x00, 0xCF, 0x30, 0x00, 0x00, 0x03, 0xFB, 0x00, 0x00, 0xCF, 0x30, 0x00, 0x00,
    0x08, 0xF9, 0x00, 0x00, 0xCF, 0x30, 0x00, 0x00, 0x4F, 0xF4, 0x00, 0x00, 0xCF, 0x30, 0x00, 0x02,
    0xFF, 0xB0, 0x00, 0x00, 0xCF, 0x30, 0x00, 0x00, 0x5A, 0x00, 0x00, 0x00, 0xCF, 0x30, 0x00, 0x00,
    0x01, 0x10, 0x0E, 0xF1, 0x00, 0x00, 0x00, 0x00, 0x0F, 0xF0, 0x0E, 0xFA, 0x99, 0x98, 0x00, 0x00,
    0x0F, 0xF0, 0x0E, 0xFF, 0xFF, 0xFD, 0x00, 0x00, 0x0F, 0xF0, 0x0E, 0xF1, 0x00, 0x00, 0x00, 0x00,
    0x0F, 0xF0, 0x0E, 0xF1, 0x00, 0x00, 0x00, 0x3F, 0xFF, 0xFF, 0xFF, 0xFF, 0xFF, 0xFF, 0xF5, 0x2B,
    0xBB, 0xBB, 0xBB, 0xBB, 0xBB, 0xBB, 0xB4, 0x03, 0xA7, 0x00, 0x09, 0xC2, 0x00, 0x4B, 0x60, 0x05,
    0xFA, 0x00, 0x0E, 0xE0, 0x00, 0x6F, 0x80, 0x05, 0xFA, 0x00, 0x8F, 0xE4, 0x00, 0x6F, 0x80, 0x05,
    0xFA, 0x04, 0xFE, 0xEF, 0x90, 0x6F, 0x80, 0x05, 0xFA, 0x7F, 0xF3, 0x1B, 0xFC, 0x8F, 0x80, 0x05,
    0xFB, 0xAD, 0x30, 0x00, 0x9B, 0x7F, 0x80, 0x05, 0xFE, 0xAB, 0xAA, 0xAA, 0xAA, 0xCF, 0x80, 0x05,
    0xFF, 0xFF, 0xFF, 0xFF, 0xFF, 0xFF, 0x80, 0x00, 0x00, 0x00, 0x00, 0x00, 0x00, 0x5C, 0x70, 0x02,
    0x20, 0x4F, 0xF4, 0x4F, 0xF4, 0x3F, 0xF3, 0x2F, 0xF2, 0x1F, 0xF1, 0x0F, 0xF0, 0x0F, 0xF0, 0x0E,
    0xE0, 0x05, 0x50, 0x00, 0x00, 0x1C, 0xC1, 0x5F, 0xF4, 0x0A, 0xA0, 0x5F, 0xF1, 0x2F, 0xF4, 0x4F,
    0xF1, 0x1F, 0xF4, 0x3F, 0xF0, 0x0F, 0xF3, 0x1F, 0xD0, 0x0E, 0xF1, 0x0F, 0xB0, 0x0C, 0xF0, 0x0C,
    0x90, 0x09, 0xC0, 0x00, 0x00, 0x62, 0x00, 0x62, 0x00, 0x00, 0x02, 0xF3, 0x01, 0xF4, 0x00, 0x00,
    0x04, 0xF1, 0x03, 0xF2, 0x00, 0x08, 0x8B, 0xF8, 0x8A, 0xF8, 0x84, 0x1F, 0xFF, 0xFF, 0xFF, 0xFF,
    0xF8, 0x00, 0x0A, 0xC0, 0x09, 0xD0, 0x00, 0x00, 0x0B, 0xA0, 0x0A, 0xB0, 0x00, 0x00, 0x0D, 0x80,
    0x0C, 0xA0, 0x00, 0x47, 0x7F, 0xB7, 0x7E, 0xC7, 0x70, 0x8F, 0xFF, 0xFF, 0xFF, 0xFF, 0xF1, 0x00,
    0x2F, 0x30, 0x1F, 0x40, 0x00, 0x00, 0x4F, 0x10, 0x3F, 0x20, 0x00, 0x00, 0x6F, 0x00, 0x5F, 0x10,
    0x00, 0x00, 0x36, 0x00, 0x26, 0x00, 0x00, 0x00, 0x00, 0xAD, 0x00, 0x00, 0x00, 0x00, 0xAD, 0x00,
    0x00, 0x00, 0x5B, 0xFF, 0xB7, 0x00, 0x07, 0xFF, 0xFF, 0xFF, 0xD1, 0x0F, 0xF8, 0x10, 0x3C, 0xA0,
    0x1F, 0xF3, 0x00, 0x00, 0x00, 0x0E, 0xFD, 0x50, 0x00, 0x00, 0x05, 0xFF, 0xFF, 0x81, 0x00, 0x00,
    0x1A, 0xFF, 0xFF, 0x50, 0x00, 0x00, 0x18, 0xEF, 0xF2, 0x00, 0x00, 0x00, 0x1F, 0xF5, 0x0A, 0x30,
    0x00, 0x0E, 0xF4, 0x4F, 0xFB, 0x99, 0xDF, 0xE0, 0x01, 0x9C, 0xFF, 0xFD, 0x30, 0x00, 0x00, 0xAE,
    0x30, 0x00, 0x00, 0x00, 0xAD, 0x00, 0x00, 0x00, 0x00, 0x68, 0x00, 0x00, 0x00, 0x14, 0x20, 0x00,
    0x00, 0x24, 0x00, 0x00, 0x03, 0xEF, 0xF8, 0x00, 0x00, 0xD8, 0x00, 0x00, 0x0D, 0xD1, 0x9F, 0x20,
    0x06, 0xF1, 0x00, 0x00, 0x1F, 0x80, 0x2F, 0x70, 0x0E, 0x80, 0x00, 0x00, 0x2F, 0x70, 0x1F, 0x80,
    0x6E, 0x00, 0x00, 0x00, 0x1F, 0x80, 0x2F, 0x70, 0xE7, 0x02, 0x41, 0x00, 0x0D, 0xD1, 0x9F, 0x26,
    0xE0, 0x8F, 0xFF, 0x30, 0x03, 0xFF, 0xF8, 0x0E, 0x72, 0xF8, 0x1D, 0xD0, 0x00, 0x14, 0x20, 0x7E,
    0x07, 0xF2, 0x08, 0xF1, 0x00, 0x00, 0x00, 0xE6, 0x08, 0xF1, 0x07, 0xF3, 0x00, 0x00, 0x07, 0xE0,
    0x07, 0xF2, 0x08, 0xF1, 0x00, 0x00, 0x0E, 0x60, 0x02, 0xF9, 0x1D, 0xD0, 0x00, 0x00, 0x7E, 0x00,
    0x00, 0x8F, 0xFE, 0x30, 0x00, 0x00, 0x43, 0x00, 0x00, 0x02, 0x41, 0x00, 0x00, 0x01, 0x67, 0x40,
    0x00, 0x00, 0x00, 0x2E, 0xFF, 0xF9, 0x00, 0x00, 0x00, 0xAF, 0x72, 0xDF, 0x00, 0x00, 0x00, 0xCF,
    0x10, 0xBF, 0x20, 0x00, 0x00, 0xBF, 0x42, 0xFE, 0x00, 0x00, 0x00, 0x6F, 0xDE, 0xF5, 0x00, 0x00,
    0x00, 0x0F, 0xFF, 0x40, 0x08, 0x92, 0x00, 0xBF, 0xFF, 0x70, 0x0F, 0xF0, 0x0A, 0xFC, 0x7F, 0xF8,
    0x5F, 0xB0, 0x1F, 0xF2, 0x07, 0xFF, 0xFF, 0x50, 0x2F, 0xF0, 0x00, 0x7F, 0xFF, 0x00, 0x0F, 0xF8,
    0x21, 0x8F, 0xFF, 0xD3, 0x06, 0xFF, 0xFF, 0xFF, 0x8F, 0xF6, 0x00, 0x39, 0xBA, 0x81, 0x01, 0x90,
    0x3F, 0xF3, 0x3F, 0xF2, 0x2F, 0xF1, 0x0F, 0xF0, 0x0D, 0xD0, 0x0B, 0xA0, 0x00, 0x02, 0x10, 0x00,
    0x1E, 0xE1, 0x00, 0xBF, 0x70, 0x04, 0xFC, 0x00, 0x0A, 0xF3, 0x00, 0x0F, 0xD0, 0x00, 0x3F, 0x90,
    0x00, 0x4F, 0x70, 0x00, 0x5F, 0x60, 0x00, 0x4F, 0x80, 0x00, 0x2F, 0xA0, 0x00, 0x0E, 0xF0, 0x00,
    0x09, 0xF5, 0x00, 0x01, 0xFE, 0x10, 0x00, 0x7F, 0xB0, 0x00, 0x0A, 0xA1, 0x01, 0x20, 0x00, 0x1E,
    0xD1, 0x00, 0x07, 0xFB, 0x00, 0x00, 0xCF, 0x40, 0x00, 0x3F, 0xA0, 0x00, 0x0D, 0xF0, 0x00, 0x09,
    0xF3, 0x00, 0x08, 0xF4, 0x00, 0x07, 0xF5, 0x00, 0x08, 0xF4, 0x00, 0x0A, 0xF2, 0x00, 0x0F, 0xE0,
    0x00, 0x6F, 0x80, 0x01, 0xEF, 0x10, 0x0B, 0xF7, 0x00, 0x1A, 0xA0, 0x00, 0x00, 0x00, 0x03, 0x30,
    0x00, 0x00, 0x00, 0x00, 0x09, 0xA0, 0x00, 0x00, 0x00, 0x00, 0x0A, 0xB0, 0x00, 0x00, 0x38, 0x00,
    0x0A, 0xB0, 0x00, 0x73, 0x4E, 0xE6, 0x0B, 0xC0, 0x6E, 0xF5, 0x01, 0xAF, 0xDE, 0xED, 0xFA, 0x10,
    0x00, 0x04, 0xEF, 0xFE, 0x40, 0x00, 0x00, 0x09, 0xFF, 0xFF, 0x91, 0x00, 0x05, 0xEF, 0x9C, 0xD8,
    0xFE, 0x50, 0x6F, 0xA2, 0x0B, 0xC0, 0x1A, 0xF7, 0x13, 0x00, 0x0A, 0xB0, 0x00, 0x21, 0x00, 0x00,
    0x0A, 0xB0, 0x00, 0x00, 0x00, 0x00, 0x09, 0xA0, 0x00, 0x00, 0x00, 0x00, 0x0C, 0xC0, 0x00, 0x00,
    0x00, 0x00, 0x0D, 0xC0, 0x00, 0x00, 0x00, 0x00, 0x0D, 0xC0, 0x00, 0x00, 0x00, 0x00, 0x0D, 0xC0,
    0x00, 0x00, 0x00, 0x00, 0x0D, 0xC0, 0x00, 0x00, 0x69, 0x99, 0x9E, 0xE9, 0x99, 0x96, 0xAF, 0xFF,
    0xFF, 0xFF, 0xFF, 0xFA, 0x00, 0x00, 0x0D, 0xC0, 0x00, 0x00, 0x00, 0x00, 0x0D, 0xC0, 0x00, 0x00,
    0x00, 0x00, 0x0D, 0xC0, 0x00, 0x00, 0x00, 0x00, 0x0D, 0xC0, 0x00, 0x00, 0x00, 0x00, 0x0D, 0xC0,
    0x00, 0x00, 0x00, 0x00, 0x01, 0x10, 0x00, 0x00, 0x06, 0xC7, 0x00, 0x0E, 0xFF, 0x00, 0x08, 0xFF,
    0x30, 0x00, 0x9F, 0x10, 0x04, 0xFB, 0x00, 0x4F, 0xE1, 0x00, 0x09, 0x10, 0x00, 0x69, 0x99, 0x99,
    0x99, 0x99, 0x96, 0xAF, 0xFF, 0xFF, 0xFF, 0xFF, 0xFA, 0x00, 0x10, 0x00, 0x0B, 0xF9, 0x00, 0x1F,
    0xFF, 0x00, 0x09, 0xE7, 0x00, 0x00, 0x00, 0x00, 0x00, 0x00, 0x00, 0x00, 0x00, 0x00, 0x00, 0x00,
    0x00, 0x00, 0x00, 0x00, 0x94, 0x00, 0x00, 0x00, 0x00, 0x00, 0x00, 0x09, 0x70, 0x00, 0x00, 0x00,
    0x00, 0x00, 0x00, 0x97, 0x00, 0x00, 0x00, 0x00, 0x00, 0x00, 0x09, 0x70, 0x00, 0x00, 0x00, 0x00,
    0x00, 0x00, 0x97, 0x00, 0x00, 0x00, 0x00, 0x00, 0x00, 0x09, 0x70, 0x00, 0x00, 0x00, 0x00, 0x00,
    0x00, 0x97, 0x00, 0x00, 0x00, 0x00, 0x00, 0x00, 0x09, 0x70, 0x00, 0x00, 0x00, 0x00, 0x00, 0x00,
    0x97, 0x00, 0x00, 0x00, 0x00, 0x00, 0x00, 0x09, 0x70, 0x00, 0x00, 0x00, 0x00, 0x00, 0x00, 0x97,
    0x00, 0x00, 0x00, 0x00, 0x00, 0x00, 0x09, 0x70, 0x00, 0x00, 0x00, 0x00, 0x00, 0x00, 0x97, 0x00,
    0x00, 0x00, 0x00, 0x00, 0x00, 0x09, 0x70, 0x00, 0x00, 0x00, 0x00, 0x00, 0x00, 0x47, 0x00, 0x00,
    0x00, 0x00, 0x00, 0x00, 0x00, 0x00, 0x3B, 0xEE, 0xB2, 0x00, 0x04, 0xFF, 0xFF, 0xFF, 0x40, 0x0D,
    0xF9, 0x00, 0x9F, 0xD0, 0x4F, 0xF0, 0x00, 0x0F, 0xF4, 0x6F, 0xC0, 0x00, 0x0C, 0xF6, 0x8F, 0xA0,
    0x00, 0x0A, 0xF8, 0x8F, 0xA0, 0x00, 0x0B, 0xF8, 0x6F, 0xC0, 0x00, 0x0C, 0xF6, 0x4F, 0xF1, 0x00,
    0x1F, 0xF3, 0x0C, 0xF9, 0x00, 0x9F, 0xC0, 0x04, 0xFF, 0xEE, 0xFF, 0x30, 0x00, 0x2B, 0xEE, 0xA2,
    0x00, 0x00, 0x37, 0xEF, 0x60, 0x00, 0x0B, 0xFF, 0xFF, 0x60, 0x00, 0x05, 0x77, 0xFF, 0x60, 0x00,
    0x00, 0x00, 0xEF, 0x60, 0x00, 0x00, 0x00, 0xEF, 0x60, 0x00, 0x00, 0x00, 0xEF, 0x60, 0x00, 0x00,
    0x00, 0xEF, 0x60, 0x00, 0x00, 0x00, 0xEF, 0x60, 0x00, 0x00, 0x00, 0xEF, 0x60, 0x00, 0x00, 0x00,
    0xEF, 0x60, 0x00, 0x6E, 0xEE, 0xFF, 0xEE, 0xE8, 0x7F, 0xFF, 0xFF, 0xFF, 0xF9, 0x00, 0x7D, 0xFE,
    0xA3, 0x00, 0x1B, 0xFF, 0xFF, 0xFF, 0x30, 0x3F, 0xC3, 0x01, 0xCF, 0xB0, 0x02, 0x00, 0x00, 0x6F,
    0xE0, 0x00, 0x00, 0x00, 0x8F, 0xC0, 0x00, 0x00, 0x01, 0xEF, 0x80, 0x00, 0x00, 0x0B, 0xFE, 0x00,
    0x00, 0x00, 0xAF, 0xF3, 0x00, 0x00, 0x0B, 0xFF, 0x40, 0x00, 0x02, 0xDF, 0xE3, 0x00, 0x00, 0x3F,
    0xFF, 0xEE, 0xFF, 0xF7, 0x6F, 0xFF, 0xFF, 0xFF, 0xF7, 0x00, 0x7D, 0xFE, 0xB4, 0x00, 0x2D, 0xFF,
    0xFF, 0xFF, 0x60, 0x1E, 0xA2, 0x01, 0xAF, 0xD0, 0x01, 0x00, 0x00, 0x5F, 0xE0, 0x00, 0x00, 0x15,
    0xEF, 0x70, 0x00, 0x0B, 0xFF, 0xF5, 0x00, 0x00, 0x08, 0xCF, 0xFE, 0x40, 0x00, 0x00, 0x00, 0x7F,
    0xE0, 0x03, 0x00, 0x00, 0x0F, 0xF3, 0x7F, 0x93, 0x01, 0x8F, 0xF0, 0x3E, 0xFF, 0xFF, 0xFF, 0x80,
    0x01, 0x8D, 0xFE, 0xC5, 0x00, 0x00, 0x00, 0x1E, 0xFF, 0x50, 0x00, 0x00, 0xBF, 0xFF, 0x50, 0x00,
    0x06, 0xFC, 0xCF, 0x50, 0x00, 0x2F, 0xF2, 0xDF, 0x50, 0x00, 0xCF, 0x80, 0xDF, 0x50, 0x07, 0xFD,
    0x00, 0xDF, 0x50, 0x2F, 0xF3, 0x00, 0xDF, 0x50, 0xAF, 0xFF, 0xFF, 0xFF, 0xFF, 0x8C, 0xCC, 0xCC,
    0xFF, 0xEC, 0x00, 0x00, 0x00, 0xDF, 0x50, 0x00, 0x00, 0x00, 0xDF, 0x50, 0x00, 0x00, 0x00, 0xDF,
    0x50, 0x08, 0xFF, 0xFF, 0xFF, 0xC0, 0x09, 0xFF, 0xFF, 0xFF, 0xC0, 0x0A, 0xF7, 0x00, 0x00, 0x00,
    0x0B, 0xF5, 0x00, 0x00, 0x00, 0x0C, 0xFC, 0xDF, 0xC5, 0x00, 0x0C, 0xFD, 0xBE, 0xFF, 0x70, 0x00,
    0x30, 0x00, 0x9F, 0xF0, 0x00, 0x00, 0x00, 0x2F, 0xF3, 0x01, 0x00, 0x00, 0x3F, 0xF2, 0x2E, 0x81,
    0x01, 0xCF, 0xE0, 0x4E, 0xFF, 0xFF, 0xFF, 0x40, 0x01, 0x8C, 0xFE, 0xA2, 0x00, 0x00, 0x07, 0xCF,
    0xD9, 0x10, 0x00, 0xBF, 0xFF, 0xFF, 0xE1, 0x07, 0xFE, 0x30, 0x17, 0x50, 0x0F, 0xF4, 0x00, 0x00,
    0x00, 0x2F, 0xF1, 0x7A, 0x94, 0x00, 0x5F, 0xEE, 0xFF, 0xFF, 0x70, 0x6F, 0xFB, 0x30, 0x7F, 0xF1,
    0x3F, 0xF0, 0x00, 0x0E, 0xF5, 0x1F, 0xF2, 0x00, 0x0D, 0xF5, 0x0A, 0xFC, 0x00, 0x4F, 0xF1, 0x02,
    0xEF, 0xFD, 0xFF, 0x80, 0x00, 0x19, 0xDF, 0xC6, 0x00, 0x5F, 0xFF, 0xFF, 0xFF, 0xF5, 0x5F, 0xFF,
    0xFF, 0xFF, 0xF3, 0x00, 0x00, 0x00, 0x9F, 0x90, 0x00, 0x00, 0x04, 0xFD, 0x00, 0x00, 0x00, 0x0D,
    0xF5, 0x00, 0x00, 0x00, 0x5F, 0xD0, 0x00, 0x00, 0x00, 0xDF, 0x60, 0x00, 0x00, 0x01, 0xFF, 0x20,
    0x00, 0x00, 0x06, 0xFE, 0x00, 0x00, 0x00, 0x09, 0xFC, 0x00, 0x00, 0x00, 0x0A, 0xFB, 0x00, 0x00,
    0x00, 0x0C, 0xFA, 0x00, 0x00, 0x00, 0x5C, 0xEE, 0xC4, 0x00, 0x07, 0xFF, 0xCC, 0xFF, 0x60, 0x0E,
    0xF4, 0x00, 0x5F, 0xD0, 0x0F, 0xF1, 0x00, 0x0F, 0xE0, 0x0A, 0xFC, 0x40, 0x6F, 0x80, 0x00, 0xCF,
    0xFE, 0xFB, 0x00, 0x05, 0xFD, 0xBF, 0xFE, 0x40, 0x3F, 0xE1, 0x01, 0x9F, 0xF2, 0x7F, 0xA0, 0x00,
    0x0E, 0xF7, 0x5F, 0xE1, 0x00, 0x2F, 0xF5, 0x0C, 0xFF, 0xCC, 0xFF, 0xC0, 0x00, 0x7C, 0xEE, 0xC7,
    0x00, 0x00, 0x6C, 0xFD, 0x91, 0x00, 0x08, 0xFF, 0xDF, 0xFE, 0x10, 0x2F, 0xF4, 0x01, 0xCF, 0xA0,
    0x5F, 0xD0, 0x00, 0x3F, 0xF1, 0x5F, 0xD0, 0x00, 0x0F, 0xF3, 0x2F, 0xF7, 0x03, 0xBF, 0xF5, 0x08,
    0xFF, 0xFF, 0xEE, 0xF5, 0x00, 0x49, 0xB8, 0x1F, 0xF2, 0x00, 0x00, 0x00, 0x4F, 0xF0, 0x05, 0x70,
    0x03, 0xEF, 0x70, 0x1E, 0xFF, 0xFF, 0xFB, 0x00, 0x01, 0x9D, 0xFC, 0x70, 0x00, 0x1C, 0xC1, 0x6F,
    0xF6, 0x2D, 0xD1, 0x00, 0x00, 0x00, 0x00, 0x00, 0x00, 0x00, 0x00, 0x00, 0x00, 0x1C, 0xC1, 0x6F,
    0xF6, 0x2D, 0xD1, 0x00, 0x00, 0x1C, 0xC1, 0x6F, 0xF6, 0x2D, 0xD1, 0x00, 0x00, 0x00, 0x00, 0x00,
    0x00, 0x00, 0x00, 0x00, 0x00, 0x1C, 0xE3, 0x6F, 0xFA, 0x1B, 0xFC, 0x00, 0xEA, 0x1B, 0xF3, 0xBF,
    0x50, 0x21, 0x00, 0x00, 0x00, 0x00, 0x00, 0x00, 0x07, 0xA0, 0x00, 0x00, 0x00, 0x00, 0x07, 0xEF,
    0xD0, 0x00, 0x00, 0x00, 0x06, 0xEF, 0xD5, 0x00, 0x00, 0x00, 0x05, 0xDF, 0xE6, 0x00, 0x00, 0x00,
    0x04, 0xDF, 0xE6, 0x00, 0x00, 0x00, 0x03, 0xCF, 0xE7, 0x00, 0x00, 0x00, 0x00, 0x1B, 0xFF, 0x80,
    0x00, 0x00, 0x00, 0x00, 0x00, 0x4C, 0xFE, 0x70, 0x00, 0x00, 0x00, 0x00, 0x00, 0x5D, 0xFE, 0x60,
    0x00, 0x00, 0x00, 0x00, 0x00, 0x6E, 0xFD, 0x50, 0x00, 0x00, 0x00, 0x00, 0x00, 0x6E, 0xFD, 0x50,
    0x00, 0x00, 0x00, 0x00, 0x00, 0x7E, 0xE0, 0x00, 0x00, 0x00, 0x00, 0x00, 0x01, 0x30, 0xAF, 0xFF,
    0xFF, 0xFF, 0xFF, 0xFA, 0x69, 0x99, 0x99, 0x99, 0x99, 0x96, 0x00, 0x00, 0x00, 0x00, 0x00, 0x00,
    0x00, 0x00, 0x00, 0x00, 0x00, 0x00, 0xAF, 0xFF, 0xFF, 0xFF, 0xFF, 0xFA, 0x69, 0x99, 0x99, 0x99,
    0x99, 0x96, 0x0A, 0x70, 0x00, 0x00, 0x00, 0x00, 0x00, 0x1D, 0xFE, 0x70, 0x00, 0x00, 0x00, 0x00,
    0x00, 0x5D, 0xFE, 0x60, 0x00, 0x00, 0x00, 0x00, 0x00, 0x6E, 0xFD, 0x50, 0x00, 0x00, 0x00, 0x00,
    0x00, 0x6E, 0xFC, 0x40, 0x00, 0x00, 0x00, 0x00, 0x00, 0x7E, 0xFC, 0x30, 0x00, 0x00, 0x00, 0x00,
    0x08, 0xFF, 0xB1, 0x00, 0x00, 0x00, 0x07, 0xEF, 0xC4, 0x00, 0x00, 0x00, 0x06, 0xEF, 0xD5, 0x00,
    0x00, 0x00, 0x05, 0xDF, 0xD5, 0x00, 0x00, 0x00, 0x05, 0xDF, 0xE6, 0x00, 0x00, 0x00, 0x00, 0x0E,
    0xE7, 0x00, 0x00, 0x00, 0x00, 0x00, 0x03, 0x00, 0x00, 0x00, 0x00, 0x00, 0x00, 0x02, 0xAD, 0xEB,
    0x30, 0x3F, 0xFF, 0xFF, 0xF1, 0x0A, 0x60, 0x2F, 0xF6, 0x00, 0x00, 0x0D, 0xF6, 0x00, 0x00, 0x3F,
    0xF2, 0x00, 0x02, 0xEF, 0x60, 0x00, 0x0C, 0xF9, 0x00, 0x00, 0x2F, 0xF0, 0x00, 0x00, 0x17, 0x60,
    0x00, 0x00, 0x00, 0x00, 0x00, 0x00, 0x3D, 0xB0, 0x00, 0x00, 0x7F, 0xF1, 0x00, 0x00, 0x2B, 0x80,
    0x00, 0x00, 0x00, 0x03, 0x9D, 0xFE, 0xA6, 0x00, 0x00, 0x00, 0x00, 0x9F, 0xEA, 0x79, 0xDF, 0xC2,
    0x00, 0x00, 0x0B, 0xFA, 0x00, 0x00, 0x05, 0xFD, 0x00, 0x00, 0x6F, 0x70, 0x00, 0x00, 0x00, 0x5F,
    0x60, 0x01, 0xFC, 0x00, 0x05, 0x61, 0x61, 0x0C, 0xD0, 0x09, 0xF3, 0x01, 0xDF, 0xFE, 0xF2, 0x08,
    0xF0, 0x0E, 0xC0, 0x0B, 0xF5, 0x1E, 0xF0, 0x05, 0xF2, 0x1F, 0x80, 0x2F, 0xA0, 0x0E, 0xC0, 0x06,
    0xF1, 0x2F, 0x70, 0x5F, 0x60, 0x1F, 0x90, 0x09, 0xE0, 0x2F, 0x80, 0x6F, 0x70, 0x5F, 0x80, 0x1F,
    0x90, 0x0F, 0xB0, 0x2F, 0xE9, 0xFF, 0xE9, 0xEE, 0x10, 0x0C, 0xE0, 0x06, 0xED, 0x54, 0xDE, 0xA1,
    0x00, 0x05, 0xF9, 0x00, 0x00, 0x00, 0x00, 0x00, 0x00, 0x00, 0xAF, 0x90, 0x00, 0x00, 0x10, 0x00,
    0x00, 0x00, 0x1A, 0xFE, 0xA8, 0x8C, 0xE0, 0x00, 0x00, 0x00, 0x00, 0x4A, 0xDF, 0xEB, 0x50, 0x00,
    0x00, 0x00, 0x00, 0xBF, 0xF9, 0x00, 0x00, 0x00, 0x01, 0xFF, 0xFF, 0x00, 0x00, 0x00, 0x07, 0xFA,
    0xDF, 0x50, 0x00, 0x00, 0x0C, 0xF5, 0x8F, 0xB0, 0x00, 0x00, 0x2F, 0xF1, 0x3F, 0xF1, 0x00, 0x00,
    0x8F, 0xB0, 0x0D, 0xF6, 0x00, 0x00, 0xDF, 0x60, 0x08, 0xFC, 0x00, 0x03, 0xFF, 0xDD, 0xDE, 0xFF,
    0x20, 0x09, 0xFF, 0xFF, 0xFF, 0xFF, 0x70, 0x0E, 0xF8, 0x00, 0x00, 0xAF, 0xD0, 0x4F, 0xF3, 0x00,
    0x00, 0x5F, 0xF3, 0x9F, 0xE0, 0x00, 0x00, 0x0F, 0xF9, 0x7F, 0xFF, 0xFF, 0xD9, 0x20, 0x00, 0x7F,
    0xFC, 0xDD, 0xFF, 0xF2, 0x00, 0x7F, 0xE0, 0x00, 0x2F, 0xF7, 0x00, 0x7F, 0xE0, 0x00, 0x0D, 0xF7,
    0x00, 0x7F, 0xE0, 0x00, 0x6F, 0xF2, 0x00, 0x7F, 0xFF, 0xFF, 0xFF, 0x30, 0x00, 0x7F, 0xFC, 0xCC,
    0xEF, 0xE5, 0x00, 0x7F, 0xE0, 0x00, 0x07, 0xFF, 0x10, 0x7F, 0xE0, 0x00, 0x02, 0xFF, 0x30, 0x7F,
    0xE0, 0x00, 0x08, 0xFF, 0x10, 0x7F, 0xFC, 0xCD, 0xFF, 0xF8, 0x00, 0x7F, 0xFF, 0xFF, 0xEB, 0x50,
    0x00, 0x00, 0x06, 0xBE, 0xEB, 0x70, 0x00, 0x01, 0xCF, 0xFF, 0xFF, 0xFC, 0x00, 0x0B, 0xFF, 0x72,
    0x15, 0xD4, 0x00, 0x5F, 0xF5, 0x00, 0x00, 0x00, 0x00, 0x9F, 0xD0, 0x00, 0x00, 0x00, 0x00, 0xCF,
    0xA0, 0x00, 0x00, 0x00, 0x00, 0xCF, 0xA0, 0x00, 0x00, 0x00, 0x00, 0x9F, 0xD0, 0x00, 0x00, 0x00,
    0x00, 0x6F, 0xF5, 0x00, 0x00, 0x00, 0x00, 0x0C, 0xFF, 0x73, 0x25, 0xDB, 0x00, 0x02, 0xDF, 0xFF,
    0xFF, 0xFD, 0x10, 0x00, 0x07, 0xBE, 0xEB, 0x70, 0x00, 0xBF, 0xFF, 0xEC, 0x92, 0x00, 0x00, 0xBF,
    0xFE, 0xFF, 0xFF, 0x80, 0x00, 0xBF, 0x90, 0x02, 0xBF, 0xF4, 0x00, 0xBF, 0x90, 0x00, 0x0C, 0xFE,
    0x00, 0xBF, 0x90, 0x00, 0x05, 0xFF, 0x10, 0xBF, 0x90, 0x00, 0x02, 0xFF, 0x30, 0xBF, 0x90, 0x00,
    0x03, 0xFF, 0x30, 0xBF, 0x90, 0x00, 0x05, 0xFF, 0x10, 0xBF, 0x90, 0x00, 0x0C, 0xFD, 0x00, 0xBF,
    0x90, 0x03, 0xBF, 0xF4, 0x00, 0xBF, 0xFE, 0xFF, 0xFF, 0x70, 0x00, 0xBF, 0xFF, 0xEC, 0x92, 0x00,
    0x00, 0xDF, 0xFF, 0xFF, 0xFF, 0x40, 0xDF, 0xFF, 0xFF, 0xFF, 0x40, 0xDF, 0x70, 0x00, 0x00, 0x00,
    0xDF, 0x70, 0x00, 0x00, 0x00, 0xDF, 0x70, 0x00, 0x00, 0x00, 0xDF, 0xFF, 0xFF, 0xE0, 0x00, 0xDF,
    0xFF, 0xFF, 0xE0, 0x00, 0xDF, 0x70, 0x00, 0x00, 0x00, 0xDF, 0x70, 0x00, 0x00, 0x00, 0xDF, 0x70,
    0x00, 0x00, 0x00, 0xDF, 0xFF, 0xFF, 0xFF, 0x70, 0xDF, 0xFF, 0xFF, 0xFF, 0x70, 0x9F, 0xFF, 0xFF,
    0xFF, 0x90, 0x9F, 0xFF, 0xFF, 0xFF, 0x90, 0x9F, 0xC0, 0x00, 0x00, 0x00, 0x9F, 0xC0, 0x00, 0x00,
    0x00, 0x9F, 0xC0, 0x00, 0x00, 0x00, 0x9F, 0xFF, 0xFF, 0xF4, 0x00, 0x9F, 0xFF, 0xFF, 0xF4, 0x00,
    0x9F, 0xC0, 0x00, 0x00, 0x00, 0x9F, 0xC0, 0x00, 0x00, 0x00, 0x9F, 0xC0, 0x00, 0x00, 0x00, 0x9F,
    0xC0, 0x00, 0x00, 0x00, 0x9F, 0xC0, 0x00, 0x00, 0x00, 0x00, 0x01, 0x9C, 0xED, 0xA6, 0x00, 0x00,
    0x6F, 0xFF, 0xFF, 0xFF, 0xA0, 0x03, 0xFF, 0xC4, 0x12, 0x5B, 0x20, 0x0D, 0xFC, 0x00, 0x00, 0x00,
    0x00, 0x1F, 0xF4, 0x00, 0x00, 0x00, 0x00, 0x4F, 0xF1, 0x00, 0x7E, 0xEE, 0xE2, 0x3F, 0xF2, 0x00,
    0x7F, 0xFF, 0xF2, 0x1F, 0xF6, 0x00, 0x00, 0x0F, 0xF2, 0x0D, 0xFE, 0x10, 0x00, 0x0F, 0xF2, 0x03,
    0xFF, 0xE6, 0x21, 0x4F, 0xF2, 0x00, 0x6F, 0xFF, 0xFF, 0xFF, 0xE1, 0x00, 0x01, 0x9C, 0xEE, 0xB8,
    0x00, 0x1F, 0xF4, 0x00, 0x00, 0x4F, 0xF1, 0x1F, 0xF4, 0x00, 0x00, 0x4F, 0xF1, 0x1F, 0xF4, 0x00,
    0x00, 0x4F, 0xF1, 0x1F, 0xF4, 0x00, 0x00, 0x4F, 0xF1, 0x1F, 0xF4, 0x00, 0x00, 0x4F, 0xF1, 0x1F,
    0xFF, 0xFF, 0xFF, 0xFF, 0xF1, 0x1F, 0xFF, 0xFF, 0xFF, 0xFF, 0xF1, 0x1F, 0xF4, 0x00, 0x00, 0x4F,
    0xF1, 0x1F, 0xF4, 0x00, 0x00, 0x4F, 0xF1, 0x1F, 0xF4, 0x00, 0x00, 0x4F, 0xF1, 0x1F, 0xF4, 0x00,
    0x00, 0x4F, 0xF1, 0x1F, 0xF4, 0x00, 0x00, 0x4F, 0xF1, 0x6F, 0xFF, 0xFF, 0xFF, 0xF6, 0x6F, 0xFF,
    0xFF, 0xFF, 0xF6, 0x00, 0x02, 0xFF, 0x20, 0x00, 0x00, 0x02, 0xFF, 0x20, 0x00, 0x00, 0x02, 0xFF,
    0x20, 0x00, 0x00, 0x02, 0xFF, 0x20, 0x00, 0x00, 0x02, 0xFF, 0x20, 0x00, 0x00, 0x02, 0xFF, 0x20,
    0x00, 0x00, 0x02, 0xFF, 0x20, 0x00, 0x00, 0x02, 0xFF, 0x20, 0x00, 0x6F, 0xFF, 0xFF, 0xFF, 0xF6,
    0x6F, 0xFF, 0xFF, 0xFF, 0xF6, 0x00, 0x00, 0x00, 0xDF, 0x70, 0x00, 0x00, 0x00, 0xDF, 0x70, 0x00,
    0x00, 0x00, 0xDF, 0x70, 0x00, 0x00, 0x00, 0xDF, 0x70, 0x00, 0x00, 0x00, 0xDF, 0x70, 0x00, 0x00,
    0x00, 0xDF, 0x70, 0x00, 0x00, 0x00, 0xDF, 0x70, 0x00, 0x00, 0x00, 0xEF, 0x70, 0x00, 0x10, 0x00,
    0xFF, 0x60, 0x2D, 0xD3, 0x18, 0xFF, 0x30, 0x1D, 0xFF, 0xFF, 0xFB, 0x00, 0x01, 0x9E, 0xFD, 0x80,
    0x00, 0x8F, 0xD0, 0x00, 0x0C, 0xFD, 0x10, 0x8F, 0xD0, 0x00, 0xAF, 0xE2, 0x00, 0x8F, 0xD0, 0x08,
    0xFF, 0x30, 0x00, 0x8F, 0xD0, 0x7F, 0xF4, 0x00, 0x00, 0x8F, 0xD5, 0xFF, 0x70, 0x00, 0x00, 0x8F,
    0xFF, 0xFF, 0xA0, 0x00, 0x00, 0x8F, 0xFF, 0xDF, 0xF5, 0x00, 0x00, 0x8F, 0xFD, 0x09, 0xFE, 0x10,
    0x00, 0x8F, 0xE1, 0x00, 0xDF, 0xA0, 0x00, 0x8F, 0xD0, 0x00, 0x4F, 0xF5, 0x00, 0x8F, 0xD0, 0x00,
    0x09, 0xFE, 0x10, 0x8F, 0xD0, 0x00, 0x00, 0xEF, 0xB0, 0x8F, 0xD0, 0x00, 0x00, 0x00, 0x8F, 0xD0,
    0x00, 0x00, 0x00, 0x8F, 0xD0, 0x00, 0x00, 0x00, 0x8F, 0xD0, 0x00, 0x00, 0x00, 0x8F, 0xD0, 0x00,
    0x00, 0x00, 0x8F, 0xD0, 0x00, 0x00, 0x00, 0x8F, 0xD0, 0x00, 0x00, 0x00, 0x8F, 0xD0, 0x00, 0x00,
    0x00, 0x8F, 0xD0, 0x00, 0x00, 0x00, 0x8F, 0xD0, 0x00, 0x00, 0x00, 0x8F, 0xFF, 0xFF, 0xFF, 0x80,
    0x8F, 0xFF, 0xFF, 0xFF, 0x80, 0xFF, 0xD0, 0x00, 0x00, 0x0E, 0xFE, 0xFF, 0xF4, 0x00, 0x00, 0x4F,
    0xFE, 0xFF, 0xFB, 0x00, 0x00, 0xBF, 0xFE, 0xFE, 0xDF, 0x20, 0x02, 0xFC, 0xFE, 0xFF, 0x7F, 0x90,
    0x08, 0xF7, 0xFE, 0xFF, 0x2F, 0xF0, 0x0E, 0xF3, 0xFE, 0xFF, 0x2A, 0xF6, 0x5F, 0x93, 0xFE, 0xFF,
    0x23, 0xFC, 0xBF, 0x23, 0xFE, 0xFF, 0x20, 0xCF, 0xFB, 0x03, 0xFE, 0xFF, 0x20, 0x5F, 0xF4, 0x03,
    0xFE, 0xFF, 0x20, 0x0D, 0xD0, 0x03, 0xFE, 0xFF, 0x20, 0x00, 0x00, 0x03, 0xFE, 0xFF, 0xB0, 0x00,
    0x03, 0xFF, 0xFF, 0xF5, 0x00, 0x03, 0xFF, 0xFF, 0xFE, 0x10, 0x03, 0xFF, 0xFF, 0xAF, 0x90, 0x03,
    0xFF, 0xFF, 0x2F, 0xF3, 0x03, 0xFF, 0xFF, 0x27, 0xFD, 0x03, 0xFF, 0xFF, 0x30, 0xDF, 0x72, 0xFF,
    0xFF, 0x30, 0x3F, 0xF3, 0xFF, 0xFF, 0x30, 0x09, 0xFA, 0xFF, 0xFF, 0x30, 0x01, 0xEF, 0xFF, 0xFF,
    0x30, 0x00, 0x5F, 0xFF, 0xFF, 0x30, 0x00, 0x0B, 0xFF, 0x00, 0x07, 0xBE, 0xEB, 0x70, 0x00, 0x02,
    0xDF, 0xFF, 0xFF, 0xFD, 0x20, 0x0D, 0xFF, 0x62, 0x26, 0xFF, 0xC0, 0x6F, 0xF3, 0x00, 0x00, 0x4F,
    0xF6, 0xAF, 0xC0, 0x00, 0x00, 0x0C, 0xF9, 0xCF, 0x90, 0x00, 0x00, 0x09, 0xFC, 0xCF, 0x90, 0x00,
    0x00, 0x0A, 0xFC, 0x9F, 0xC0, 0x00, 0x00, 0x0C, 0xF9, 0x5F, 0xF4, 0x00, 0x00, 0x4F, 0xF6, 0x0C,
    0xFF, 0x62, 0x26, 0xFF, 0xC0, 0x02, 0xDF, 0xFF, 0xFF, 0xFD, 0x20, 0x00, 0x07, 0xBE, 0xEB, 0x70,
    0x00, 0x5F, 0xFF, 0xFF, 0xD9, 0x20, 0x00, 0x5F, 0xFE, 0xEE, 0xFF, 0xF3, 0x00, 0x5F, 0xF0, 0x00,
    0x2C, 0xFC, 0x00, 0x5F, 0xF0, 0x00, 0x05, 0xFF, 0x00, 0x5F, 0xF0, 0x00, 0x06, 0xFE, 0x00, 0x5F,
    0xF0, 0x01, 0x4E, 0xFA, 0x00, 0x5F, 0xFF, 0xFF, 0xFF, 0xD1, 0x00, 0x5F, 0xFE, 0xDD, 0xB6, 0x00,
    0x00, 0x5F, 0xF0, 0x00, 0x00, 0x00, 0x00, 0x5F, 0xF0, 0x00, 0x00, 0x00, 0x00, 0x5F, 0xF0, 0x00,
    0x00, 0x00, 0x00, 0x5F, 0xF0, 0x00, 0x00, 0x00, 0x00, 0x00, 0x07, 0xBE, 0xEB, 0x70, 0x00, 0x00,
    0x02, 0xDF, 0xFF, 0xFF, 0xFD, 0x20, 0x00, 0x0C, 0xFF, 0x62, 0x27, 0xFF, 0xC0, 0x00, 0x6F, 0xF3,
    0x00, 0x00, 0x5F, 0xF5, 0x00, 0xAF, 0xC0, 0x00, 0x00, 0x0D, 0xF9, 0x00, 0xCF, 0x90, 0x00, 0x00,
    0x0A, 0xFB, 0x00, 0xDF, 0x90, 0x00, 0x00, 0x0A, 0xFC, 0x00, 0xAF, 0xB0, 0x00, 0x00, 0x0C, 0xFA,
    0x00, 0x7F, 0xF2, 0x00, 0x00, 0x3F, 0xF6, 0x00, 0x0E, 0xFC, 0x10, 0x02, 0xDF, 0xD0, 0x00, 0x03,
    0xEF, 0xFD, 0xDF, 0xFE, 0x20, 0x00, 0x00, 0x29, 0xEF, 0xFE, 0x91, 0x00, 0x00, 0x00, 0x00, 0x0C,
    0xFE, 0x50, 0x00, 0x00, 0x00, 0x00, 0x01, 0xDF, 0xFF, 0xEF, 0x40, 0x00, 0x00, 0x00, 0x06, 0xCE,
    0xFE, 0x50, 0x5F, 0xFF, 0xFF, 0xD9, 0x20, 0x00, 0x5F, 0xFD, 0xEE, 0xFF, 0xF3, 0x00, 0x5F, 0xD0,
    0x00, 0x2D, 0xFB, 0x00, 0x5F, 0xD0, 0x00, 0x06, 0xFE, 0x00, 0x5F, 0xD0, 0x00, 0x07, 0xFD, 0x00,
    0x5F, 0xD0, 0x01, 0x5F, 0xF9, 0x00, 0x5F, 0xFF, 0xFF, 0xFF, 0xD1, 0x00, 0x5F, 0xFD, 0xDF, 0xFA,
    0x00, 0x00, 0x5F, 0xD0, 0x08, 0xFF, 0x20, 0x00, 0x5F, 0xD0, 0x00, 0xCF, 0xC0, 0x00, 0x5F, 0xD0,
    0x00, 0x2F, 0xF7, 0x00, 0x5F, 0xD0, 0x00, 0x07, 0xFF, 0x30, 0x00, 0x4B, 0xEF, 0xC9, 0x10, 0x07,
    0xFF, 0xFF, 0xFF, 0xF4, 0x1F, 0xF9, 0x21, 0x4A, 0xC0, 0x3F, 0xF3, 0x00, 0x00, 0x00, 0x0F, 0xFE,
    0x83, 0x00, 0x00, 0x04, 0xEF, 0xFF, 0xD6, 0x00, 0x00, 0x08, 0xDF, 0xFF, 0xD2, 0x00, 0x00, 0x03,
    0x9F, 0xFA, 0x02, 0x00, 0x00, 0x0A, 0xFD, 0x3F, 0xC5, 0x21, 0x4E, 0xFA, 0x6F, 0xFF, 0xFF, 0xFF,
    0xE1, 0x01, 0x8B, 0xEF, 0xD8, 0x10, 0x2F, 0xFF, 0xFF, 0xFF, 0xFF, 0xF2, 0x2F, 0xFF, 0xFF, 0xFF,
    0xFF, 0xF2, 0x00, 0x00, 0x3F, 0xF2, 0x00, 0x00, 0x00, 0x00, 0x3F, 0xF2, 0x00, 0x00, 0x00, 0x00,
    0x3F, 0xF2, 0x00, 0x00, 0x00, 0x00, 0x3F, 0xF2, 0x00, 0x00, 0x00, 0x00, 0x3F, 0xF2, 0x00, 0x00,
    0x00, 0x00, 0x3F, 0xF2, 0x00, 0x00, 0x00, 0x00, 0x3F, 0xF2, 0x00, 0x00, 0x00, 0x00, 0x3F, 0xF2,
    0x00, 0x00, 0x00, 0x00, 0x3F, 0xF2, 0x00, 0x00, 0x00, 0x00, 0x3F, 0xF2, 0x00, 0x00, 0x0F, 0xF4,
    0x00, 0x00, 0x3F, 0xF2, 0x0F, 0xF4, 0x00, 0x00, 0x3F, 0xF2, 0x0F, 0xF4, 0x00, 0x00, 0x3F, 0xF2,
    0x0F, 0xF4, 0x00, 0x00, 0x3F, 0xF2, 0x0F, 0xF4, 0x00, 0x00, 0x3F, 0xF2, 0x0F, 0xF4, 0x00, 0x00,
    0x3F, 0xF2, 0x0F, 0xF4, 0x00, 0x00, 0x3F, 0xF2, 0x0E, 0xF6, 0x00, 0x00, 0x5F, 0xF0, 0x0C, 0xFA,
    0x00, 0x00, 0x9F, 0xE0, 0x06, 0xFF, 0x71, 0x17, 0xFF, 0x80, 0x00, 0xBF, 0xFF, 0xFF, 0xFD, 0x00,
    0x00, 0x06, 0xCE, 0xEC, 0x70, 0x00, 0x6F, 0xF1, 0x00, 0x00, 0x0F, 0xF6, 0x1F, 0xF6, 0x00, 0x00,
    0x4F, 0xF1, 0x0B, 0xFB, 0x00, 0x00, 0x9F, 0xB0, 0x05, 0xFF, 0x00, 0x00, 0xEF, 0x50, 0x00, 0xFF,
    0x50, 0x04, 0xFF, 0x00, 0x00, 0xAF, 0xA0, 0x09, 0xFA, 0x00, 0x00, 0x5F, 0xF0, 0x0E, 0xF4, 0x00,
    0x00, 0x0F, 0xF4, 0x3F, 0xE0, 0x00, 0x00, 0x0A, 0xF9, 0x8F, 0x90, 0x00, 0x00, 0x04, 0xFE, 0xDF,
    0x40, 0x00, 0x00, 0x00, 0xEF, 0xFE, 0x00, 0x00, 0x00, 0x00, 0x9F, 0xF8, 0x00, 0x00, 0xBF, 0xA0,
    0x00, 0x1F, 0xF3, 0x00, 0x08, 0xFB, 0x8F, 0xE0, 0x00, 0x5F, 0xF7, 0x00, 0x0C, 0xF7, 0x4F, 0xF1,
    0x00, 0x9F, 0xFB, 0x00, 0x0F, 0xF4, 0x0F, 0xF4, 0x00, 0xDE, 0xEF, 0x00, 0x2F, 0xF0, 0x0D, 0xF7,
    0x02, 0xFA, 0xBF, 0x40, 0x6F, 0xD0, 0x09, 0xFA, 0x06, 0xF7, 0x7F, 0x80, 0x9F, 0x90, 0x05, 0xFE,
    0x0A, 0xF3, 0x3F, 0xC0, 0xCF, 0x60, 0x02, 0xFF, 0x1E, 0xF0, 0x0F, 0xF1, 0xFF, 0x20, 0x00, 0xEF,
    0x7F, 0xB0, 0x0B, 0xF6, 0xFE, 0x00, 0x00, 0xAF, 0xEF, 0x70, 0x07, 0xFD, 0xFB, 0x00, 0x00, 0x7F,
    0xFF, 0x30, 0x03, 0xFF, 0xF7, 0x00, 0x00, 0x3F, 0xFE, 0x00, 0x00, 0xEF, 0xF4, 0x00, 0x0B, 0xFD,
    0x00, 0x00, 0xBF, 0xB0, 0x02, 0xFF, 0x60, 0x04, 0xFF, 0x20, 0x00, 0x8F, 0xE1, 0x0D, 0xF7, 0x00,
    0x00, 0x0D, 0xF9, 0x6F, 0xD0, 0x00, 0x00, 0x04, 0xFF, 0xEF, 0x40, 0x00, 0x00, 0x00, 0xAF, 0xFA,
    0x00, 0x00, 0x00, 0x00, 0xCF, 0xFC, 0x00, 0x00, 0x00, 0x07, 0xFD, 0xEF, 0x60, 0x00, 0x00, 0x2F,
    0xF4, 0x7F, 0xF1, 0x00, 0x00, 0xBF, 0xA0, 0x0D, 0xFB, 0x00, 0x05, 0xFF, 0x20, 0x04, 0xFF, 0x50,
    0x1E, 0xF8, 0x00, 0x00, 0xBF, 0xE0, 0x0E, 0xF8, 0x00, 0x00, 0x7F, 0xE0, 0x06, 0xFF, 0x10, 0x00,
    0xEF, 0x60, 0x00, 0xDF, 0x80, 0x07, 0xFD, 0x00, 0x00, 0x5F, 0xF1, 0x0E, 0xF5, 0x00, 0x00, 0x0D,
    0xF7, 0x7F, 0xC0, 0x00, 0x00, 0x04, 0xFE, 0xEF, 0x40, 0x00, 0x00, 0x00, 0xCF, 0xFB, 0x00, 0x00,
    0x00, 0x00, 0x4F, 0xF3, 0x00, 0x00, 0x00, 0x00, 0x2F, 0xF2, 0x00, 0x00, 0x00, 0x00, 0x2F, 0xF2,
    0x00, 0x00, 0x00, 0x00, 0x2F, 0xF2, 0x00, 0x00, 0x00, 0x00, 0x2F, 0xF2, 0x00, 0x00, 0x2F, 0xFF,
    0xFF, 0xFF, 0xF9, 0x2F, 0xFF, 0xFF, 0xFF, 0xF8, 0x00, 0x00, 0x00, 0xCF, 0xC0, 0x00, 0x00, 0x08,
    0xFF, 0x20, 0x00, 0x00, 0x3F, 0xF5, 0x00, 0x00, 0x01, 0xEF, 0xA0, 0x00, 0x00, 0x0B, 0xFD, 0x00,
    0x00, 0x00, 0x6F, 0xF3, 0x00, 0x00, 0x02, 0xFF, 0x60, 0x00, 0x00, 0x0D, 0xFB, 0x00, 0x00, 0x00,
    0x8F, 0xFF, 0xFF, 0xFF, 0xFC, 0xAF, 0xFF, 0xFF, 0xFF, 0xFC, 0x9F, 0xFF, 0x80, 0x9F, 0x64, 0x20,
    0x9F, 0x20, 0x00, 0x9F, 0x20, 0x00, 0x9F, 0x20, 0x00, 0x9F, 0x20, 0x00, 0x9F, 0x20, 0x00, 0x9F,
    0x20, 0x00, 0x9F, 0x20, 0x00, 0x9F, 0x20, 0x00, 0x9F, 0x20, 0x00, 0x9F, 0x20, 0x00, 0x9F, 0x20,
    0x00, 0x9F, 0x20, 0x00, 0x9F, 0x63, 0x20, 0x9F, 0xFF, 0x80, 0x00, 0x00, 0x00, 0x00, 0x00, 0x00,
    0x00, 0x00, 0x49, 0x00, 0x00, 0x00, 0x00, 0x00, 0x00, 0x00, 0x07, 0x90, 0x00, 0x00, 0x00, 0x00,
    0x00, 0x00, 0x00, 0x79, 0x00, 0x00, 0x00, 0x00, 0x00, 0x00, 0x00, 0x07, 0x90, 0x00, 0x00, 0x00,
    0x00, 0x00, 0x00, 0x00, 0x79, 0x00, 0x00, 0x00, 0x00, 0x00, 0x00, 0x00, 0x07, 0x90, 0x00, 0x00,
    0x00, 0x00, 0x00, 0x00, 0x00, 0x79, 0x00, 0x00, 0x00, 0x00, 0x00, 0x00, 0x00, 0x07, 0x90, 0x00,
    0x00, 0x00, 0x00, 0x00, 0x00, 0x00, 0x79, 0x00, 0x00, 0x00, 0x00, 0x00, 0x00, 0x00, 0x07, 0x90,
    0x00, 0x00, 0x00, 0x00, 0x00, 0x00, 0x00, 0x79, 0x00, 0x00, 0x00, 0x00, 0x00, 0x00, 0x00, 0x07,
    0x90, 0x00, 0x00, 0x00, 0x00, 0x00, 0x00, 0x00, 0x79, 0x00, 0x00, 0x00, 0x00, 0x00, 0x00, 0x00,
    0x07, 0x90, 0x00, 0x00, 0x00, 0x00, 0x00, 0x00, 0x00, 0x74, 0x01, 0x11, 0x10, 0x9F, 0xFF, 0x90,
    0x12, 0x4F, 0x90, 0x00, 0x2F, 0x90, 0x00, 0x2F, 0x90, 0x00, 0x2F, 0x90, 0x00, 0x2F, 0x90, 0x00,
    0x2F, 0x90, 0x00, 0x2F, 0x90, 0x00, 0x2F, 0x90, 0x00, 0x2F, 0x90, 0x00, 0x2F, 0x90, 0x00, 0x2F,
    0x90, 0x00, 0x2F, 0x90, 0x24, 0x6F, 0x90, 0x9F, 0xFF, 0x90, 0x00, 0x9A, 0x20, 0x0A, 0xD8, 0xE1,
    0x3A, 0x30, 0xA7, 0xBB, 0xBB, 0xBB, 0xBB, 0xBB, 0xBB, 0xBB, 0xBB, 0x6A, 0x90, 0x00, 0x0B, 0xF7,
    0x00, 0x00, 0x89, 0x00, 0x00, 0x6B, 0xEF, 0xC6, 0x00, 0x0B, 0xFF, 0xFF, 0xFF, 0x70, 0x03, 0x92,
    0x00, 0xBF, 0xE0, 0x00, 0x00, 0x24, 0x9F, 0xF1, 0x00, 0x8E, 0xFF, 0xFF, 0xF2, 0x0D, 0xFA, 0x42,
    0x3F, 0xF2, 0x2F, 0xF2, 0x00, 0x8F, 0xF2, 0x1F, 0xFF, 0xDF, 0xFF, 0xF2, 0x03, 0xCF, 0xD9, 0x1C,
    0xF2, 0x39, 0x90, 0x00, 0x00, 0x00, 0x5F, 0xF0, 0x00, 0x00, 0x00, 0x5F, 0xF0, 0x00, 0x00, 0x00,
    0x5F, 0xF0, 0x00, 0x00, 0x00, 0x5F, 0xF3, 0xBE, 0xEA, 0x10, 0x5F, 0xFF, 0xFF, 0xFF, 0xE0, 0x5F,
    0xF8, 0x10, 0x6F, 0xF7, 0x5F, 0xF0, 0x00, 0x0C, 0xFA, 0x5F, 0xF0, 0x00, 0x0A, 0xFC, 0x5F, 0xF0,
    0x00, 0x0D, 0xF9, 0x5F, 0xF6, 0x00, 0x8F, 0xF5, 0x5F, 0xFF, 0xFF, 0xFF, 0xB0, 0x5F, 0x95, 0xCF,
    0xD8, 0x00, 0x00, 0x06, 0xCE, 0xEB, 0x40, 0x00, 0xDF, 0xFF, 0xFF, 0xF1, 0x0A, 0xFF, 0x50, 0x04,
    0x40, 0x0F, 0xF7, 0x00, 0x00, 0x00, 0x2F, 0xF4, 0x00, 0x00, 0x00, 0x0F, 0xF7, 0x00, 0x00, 0x00,
    0x0B, 0xFF, 0x50, 0x04, 0x80, 0x01, 0xEF, 0xFF, 0xFF, 0xF3, 0x00, 0x08, 0xCF, 0xEB, 0x30, 0x00,
    0x00, 0x00, 0x09, 0x92, 0x00, 0x00, 0x00, 0x0F, 0xF4, 0x00, 0x00, 0x00, 0x0F, 0xF4, 0x00, 0x00,
    0x00, 0x0F, 0xF4, 0x00, 0x7D, 0xFC, 0x5F, 0xF4, 0x0B, 0xFF, 0xFF, 0xFF, 0xF4, 0x5F, 0xF7, 0x00,
    0x6F, 0xF4, 0xAF, 0xC0, 0x00, 0x0F, 0xF4, 0xCF, 0x90, 0x00, 0x0F, 0xF4, 0xBF, 0xC0, 0x00, 0x0F,
    0xF4, 0x7F, 0xF6, 0x00, 0x8F, 0xF4, 0x0D, 0xFF, 0xFF, 0xFF, 0xF4, 0x00, 0x9D, 0xFC, 0x5A, 0xF4,
    0x00, 0x2A, 0xDF, 0xC6, 0x00, 0x04, 0xFF, 0xFD, 0xFF, 0xA0, 0x1F, 0xF6, 0x00, 0x1D, 0xF4, 0x5F,
    0xF9, 0x99, 0x9D, 0xF8, 0x7F, 0xFF, 0xFF, 0xFF, 0xF8, 0x5F, 0xF0, 0x00, 0x00, 0x00, 0x1E, 0xFA,
    0x10, 0x01, 0x30, 0x04, 0xFF, 0xFD, 0xEF, 0xE0, 0x00, 0x29, 0xDF, 0xEB, 0x50, 0x00, 0x01, 0x9D,
    0xFC, 0x90, 0x00, 0x0C, 0xFF, 0xFF, 0xE0, 0x00, 0x4F, 0xF6, 0x00, 0x10, 0x00, 0x6F, 0xF0, 0x00,
    0x00, 0xCF, 0xFF, 0xFF, 0xFF, 0x20, 0xBD, 0xEF, 0xFD, 0xDD, 0x20, 0x00, 0x6F, 0xE0, 0x00, 0x00,
    0x00, 0x6F, 0xE0, 0x00, 0x00, 0x00, 0x6F, 0xE0, 0x00, 0x00, 0x00, 0x6F, 0xE0, 0x00, 0x00, 0x00,
    0x6F, 0xE0, 0x00, 0x00, 0x00, 0x6F, 0xE0, 0x00, 0x00, 0x00, 0x6F, 0xE0, 0x00, 0x00, 0x00, 0x6C,
    0xFF, 0xFF, 0xFF, 0x09, 0xFF, 0xBD, 0xFF, 0xCB, 0x0F, 0xF5, 0x00, 0xBF, 0x60, 0x1F, 0xF4, 0x00,
    0xBF, 0x70, 0x09, 0xFE, 0x8A, 0xFF, 0x20, 0x04, 0xFD, 0xFE, 0xB3, 0x00, 0x0E, 0xF0, 0x00, 0x00,
    0x00, 0x0E, 0xFE, 0xDC, 0xCB, 0x70, 0x07, 0xFF, 0xFF, 0xFF, 0xFA, 0x4F, 0x90, 0x00, 0x19, 0xFD,
    0x7F, 0xB2, 0x00, 0x3C, 0xF8, 0x1C, 0xFF, 0xFF, 0xFF, 0x80, 0x00, 0x36, 0x76, 0x40, 0x00, 0x29,
    0x90, 0x00, 0x00, 0x00, 0x3F, 0xF1, 0x00, 0x00, 0x00, 0x3F, 0xF1, 0x00, 0x00, 0x00, 0x3F, 0xF1,
    0x00, 0x00, 0x00, 0x3F, 0xF1, 0x9D, 0xFC, 0x20, 0x3F, 0xFE, 0xFF, 0xFF, 0xD0, 0x3F, 0xFB, 0x31,
    0x8F, 0xF3, 0x3F, 0xF1, 0x00, 0x0F, 0xF5, 0x3F, 0xF1, 0x00, 0x0F, 0xF5, 0x3F, 0xF1, 0x00, 0x0F,
    0xF5, 0x3F, 0xF1, 0x00, 0x0F, 0xF5, 0x3F, 0xF1, 0x00, 0x0F, 0xF5, 0x3F, 0xF1, 0x00, 0x0F, 0xF5,
    0x2D, 0xD2, 0x6F, 0xF6, 0x19, 0x91, 0x00, 0x00, 0x2F, 0xF3, 0x2F, 0xF3, 0x2F, 0xF3, 0x2F, 0xF3,
    0x2F, 0xF3, 0x2F, 0xF3, 0x2F, 0xF3, 0x2F, 0xF3, 0x2F, 0xF3, 0x00, 0x00, 0x2D, 0xC1, 0x00, 0x00,
    0x7F, 0xF5, 0x00, 0x00, 0x1A, 0x90, 0x00, 0x00, 0x00, 0x00, 0x00, 0x00, 0x3F, 0xF2, 0x00, 0x00,
    0x3F, 0xF2, 0x00, 0x00, 0x3F, 0xF2, 0x00, 0x00, 0x3F, 0xF2, 0x00, 0x00, 0x3F, 0xF2, 0x00, 0x00,
    0x3F, 0xF2, 0x00, 0x00, 0x3F, 0xF2, 0x00, 0x00, 0x3F, 0xF2, 0x00, 0x00, 0x3F, 0xF2, 0x00, 0x00,
    0x3F, 0xF1, 0x02, 0x00, 0x9F, 0xE0, 0x4F, 0xEE, 0xFF, 0x70, 0x4C, 0xEE, 0xC6, 0x00, 0xBC, 0x40,
    0x00, 0x00, 0x00, 0xFF, 0x50, 0x00, 0x00, 0x00, 0xFF, 0x50, 0x00, 0x00, 0x00, 0xFF, 0x50, 0x00,
    0x00, 0x00, 0xFF, 0x50, 0x04, 0xFF, 0x40, 0xFF, 0x50, 0x4F, 0xF5, 0x00, 0xFF, 0x53, 0xFF, 0x60,
    0x00, 0xFF, 0x8F, 0xF7, 0x00, 0x00, 0xFF, 0xFF, 0xFC, 0x00, 0x00, 0xFF, 0xF9, 0xEF, 0x80, 0x00,
    0xFF, 0x90, 0x4F, 0xF4, 0x00, 0xFF, 0x50, 0x08, 0xFE, 0x10, 0xFF, 0x50, 0x00, 0xCF, 0xB0, 0x8F,
    0xD0, 0x00, 0x00, 0x8F, 0xD0, 0x00, 0x00, 0x8F, 0xD0, 0x00, 0x00, 0x8F, 0xD0, 0x00, 0x00, 0x8F,
    0xD0, 0x00, 0x00, 0x8F, 0xD0, 0x00, 0x00, 0x8F, 0xD0, 0x00, 0x00, 0x8F, 0xD0, 0x00, 0x00, 0x8F,
    0xD0, 0x00, 0x00, 0x8F, 0xD0, 0x00, 0x00, 0x6F, 0xF3, 0x01, 0x00, 0x1E, 0xFF, 0xFF, 0x10, 0x03,
    0xBF, 0xEC, 0x30, 0x2F, 0xC0, 0x8D, 0xEA, 0x10, 0x7C, 0xFB, 0x20, 0x2F, 0xFE, 0xFF, 0xFF, 0xDC,
    0xFF, 0xFF, 0xC0, 0x2F, 0xFC, 0x32, 0xAF, 0xFC, 0x31, 0x9F, 0xF2, 0x2F, 0xF2, 0x00, 0x3F, 0xF3,
    0x00, 0x1F, 0xF3, 0x2F, 0xF2, 0x00, 0x2F, 0xF3, 0x00, 0x1F, 0xF4, 0x2F, 0xF2, 0x00, 0x2F, 0xF3,
    0x00, 0x1F, 0xF4, 0x2F, 0xF2, 0x00, 0x2F, 0xF3, 0x00, 0x1F, 0xF4, 0x2F, 0xF2, 0x00, 0x2F, 0xF3,
    0x00, 0x1F, 0xF4, 0x2F, 0xF2, 0x00, 0x2F, 0xF3, 0x00, 0x1F, 0xF4, 0x3F, 0xA1, 0x9D, 0xFC, 0x20,
    0x3F, 0xEE, 0xFF, 0xFF, 0xE0, 0x3F, 0xFB, 0x31, 0x9F, 0xF4, 0x3F, 0xF1, 0x00, 0x1F, 0xF6, 0x3F,
    0xF1, 0x00, 0x0F, 0xF6, 0x3F, 0xF1, 0x00, 0x0F, 0xF6, 0x3F, 0xF1, 0x00, 0x0F, 0xF6, 0x3F, 0xF1,
    0x00, 0x0F, 0xF6, 0x3F, 0xF1, 0x00, 0x0F, 0xF6, 0x00, 0x4B, 0xEE, 0xB4, 0x00, 0x08, 0xFF, 0xFF,
    0xFF, 0x70, 0x3F, 0xF8, 0x00, 0x8F, 0xF3, 0x8F, 0xD0, 0x00, 0x0D, 0xF8, 0xBF, 0xB0, 0x00, 0x0B,
    0xFB, 0x8F, 0xD0, 0x00, 0x0D, 0xF8, 0x3F, 0xF7, 0x00, 0x8F, 0xF3, 0x08, 0xFF, 0xFF, 0xFF, 0x70,
    0x00, 0x4B, 0xEE, 0xB4, 0x00, 0x4F, 0xA3, 0xBE, 0xEA, 0x10, 0x4F, 0xFF, 0xFF, 0xFF, 0xE0, 0x4F,
    0xF8, 0x10, 0x5F, 0xF7, 0x4F, 0xF0, 0x00, 0x0C, 0xFA, 0x4F, 0xF0, 0x00, 0x0A, 0xFC, 0x4F, 0xF0,
    0x00, 0x0D, 0xF9, 0x4F, 0xF6, 0x00, 0x7F, 0xF5, 0x4F, 0xFF, 0xFF, 0xFF, 0xB0, 0x4F, 0xF6, 0xDF,
    0xD8, 0x00, 0x4F, 0xF0, 0x00, 0x00, 0x00, 0x4F, 0xF0, 0x00, 0x00, 0x00, 0x4F, 0xF0, 0x00, 0x00,
    0x00, 0x4F, 0xF0, 0x00, 0x00, 0x00, 0x00, 0x7D, 0xFC, 0x59, 0xF4, 0x0B, 0xFF, 0xFF, 0xFF, 0xF4,
    0x5F, 0xF7, 0x00, 0x5F, 0xF4, 0xAF, 0xC0, 0x00, 0x0F, 0xF4, 0xCF, 0xA0, 0x00, 0x0F, 0xF4, 0xAF,
    0xC0, 0x00, 0x0F, 0xF4, 0x7F, 0xF6, 0x00, 0x7F, 0xF4, 0x0D, 0xFF, 0xFF, 0xFF, 0xF4, 0x00, 0x9D,
    0xFC, 0x5F, 0xF4, 0x00, 0x00, 0x00, 0x0F, 0xF4, 0x00, 0x00, 0x00, 0x0F, 0xF4, 0x00, 0x00, 0x00,
    0x0F, 0xF4, 0x00, 0x00, 0x00, 0x0F, 0xF4, 0x3F, 0xC0, 0x5C, 0xFE, 0x50, 0x3F, 0xD7, 0xFF, 0xFF,
    0x30, 0x3F, 0xFF, 0xB3, 0x14, 0x00, 0x3F, 0xFA, 0x00, 0x00, 0x00, 0x3F, 0xF2, 0x00, 0x00, 0x00,
    0x3F, 0xF1, 0x00, 0x00, 0x00, 0x3F, 0xF1, 0x00, 0x00, 0x00, 0x3F, 0xF1, 0x00, 0x00, 0x00, 0x3F,
    0xF1, 0x00, 0x00, 0x00, 0x00, 0x5C, 0xEF, 0xC8, 0x10, 0x07, 0xFF, 0xDC, 0xFF, 0xB0, 0x0C, 0xFA,
    0x00, 0x05, 0x10, 0x08, 0xFF, 0xA5, 0x10, 0x00, 0x00, 0x5C, 0xFF, 0xFB, 0x30, 0x00, 0x00, 0x26,
    0xDF, 0xF1, 0x07, 0x50, 0x00, 0x3F, 0xF3, 0x2F, 0xFF, 0xCC, 0xFF, 0xC0, 0x01, 0x8C, 0xEF, 0xD8,
    0x10, 0x00, 0x05, 0x61, 0x00, 0x00, 0x00, 0x0D, 0xF3, 0x00, 0x00, 0x00, 0x0F, 0xF3, 0x00, 0x00,
    0x6E, 0xFF, 0xFF, 0xFF, 0xF2, 0x6D, 0xEF, 0xFE, 0xDD, 0xD2, 0x00, 0x2F, 0xF3, 0x00, 0x00, 0x00,
    0x2F, 0xF3, 0x00, 0x00, 0x00, 0x2F, 0xF3, 0x00, 0x00, 0x00, 0x1F, 0xF4, 0x00, 0x00, 0x00, 0x0F,
    0xF9, 0x00, 0x10, 0x00, 0x08, 0xFF, 0xEE, 0xF4, 0x00, 0x00, 0x7D, 0xFD, 0xB4, 0x5F, 0xF0, 0x00,
    0x1F, 0xF3, 0x5F, 0xF0, 0x00, 0x1F, 0xF3, 0x5F, 0xF0, 0x00, 0x1F, 0xF3, 0x5F, 0xF0, 0x00, 0x1F,
    0xF3, 0x5F, 0xF0, 0x00, 0x1F, 0xF3, 0x4F, 0xF1, 0x00, 0x2F, 0xF3, 0x3F, 0xF8, 0x13, 0xCF, 0xF3,
    0x0D, 0xFF, 0xFF, 0xDE, 0xF3, 0x02, 0xBF, 0xD8, 0x0C, 0xF3, 0xAF, 0xB0, 0x00, 0x0A, 0xF9, 0x3F,
    0xF1, 0x00, 0x0F, 0xF3, 0x0D, 0xF6, 0x00, 0x5F, 0xD0, 0x07, 0xFC, 0x00, 0xBF, 0x70, 0x01, 0xFF,
    0x11, 0xFF, 0x10, 0x00, 0xAF, 0x75, 0xFB, 0x00, 0x00, 0x4F, 0xCA, 0xF5, 0x00, 0x00, 0x0E, 0xFF,
    0xF0, 0x00, 0x00, 0x08, 0xFF, 0x90, 0x00, 0x1F, 0xF3, 0x00, 0x2F, 0xF3, 0x00, 0x2F, 0xF0, 0x0C,
    0xF8, 0x00, 0x6F, 0xF8, 0x00, 0x6F, 0xB0, 0x07, 0xFC, 0x00, 0xBE, 0xFC, 0x00, 0xBF, 0x70, 0x02,
    0xFF, 0x10, 0xFA, 0xBF, 0x10, 0xFF, 0x20, 0x00, 0xDF, 0x53, 0xF6, 0x7F, 0x63, 0xFE, 0x00, 0x00,
    0x8F, 0x98, 0xF2, 0x2F, 0xA7, 0xF9, 0x00, 0x00, 0x4F, 0xCC, 0xD0, 0x0E, 0xEA, 0xF4, 0x00, 0x00,
    0x0E, 0xFF, 0x90, 0x09, 0xFF, 0xF0, 0x00, 0x00, 0x0A, 0xFF, 0x50, 0x05, 0xFF, 0xB0, 0x00, 0x2F,
    0xF6, 0x00, 0x5F, 0xF2, 0x06, 0xFF, 0x20, 0xEF, 0x60, 0x00, 0xBF, 0xB7, 0xFC, 0x00, 0x00, 0x1E,
    0xFF, 0xF2, 0x00, 0x00, 0x0A, 0xFF, 0x90, 0x00, 0x00, 0x4F, 0xFF, 0xF2, 0x00, 0x00, 0xEF, 0x5A,
    0xFC, 0x00, 0x0A, 0xFC, 0x01, 0xEF, 0x80, 0x4F, 0xF2, 0x00, 0x4F, 0xF4, 0x9F, 0xC0, 0x00, 0x09,
    0xF9, 0x2F, 0xF2, 0x00, 0x0E, 0xF4, 0x0C, 0xF8, 0x00, 0x4F, 0xE0, 0x05, 0xFE, 0x00, 0xAF, 0x80,
    0x00, 0xEF, 0x40, 0xFF, 0x20, 0x00, 0x7F, 0xA4, 0xFC, 0x00, 0x00, 0x1F, 0xFA, 0xF6, 0x00, 0x00,
    0x09, 0xFF, 0xF0, 0x00, 0x00, 0x02, 0xFF, 0xA0, 0x00, 0x00, 0x00, 0xFF, 0x40, 0x00, 0x00, 0x09,
    0xFC, 0x00, 0x00, 0x0D, 0xFF, 0xF3, 0x00, 0x00, 0x1E, 0xFB, 0x30, 0x00, 0x00, 0x5F, 0xFF, 0xFF,
    0xFE, 0x00, 0x5D, 0xDD, 0xEF, 0xFB, 0x00, 0x00, 0x00, 0xAF, 0xD1, 0x00, 0x00, 0x06, 0xFF, 0x20,
    0x00, 0x00, 0x4F, 0xF4, 0x00, 0x00, 0x02, 0xEF, 0x70, 0x00, 0x00, 0x0D, 0xFA, 0x00, 0x00, 0x00,
    0xAF, 0xFD, 0xDD, 0xDD, 0x10, 0xDF, 0xFF, 0xFF, 0xFF, 0x10, 0x00, 0x2C, 0xF8, 0x00, 0x9F, 0x81,
    0x00, 0xAF, 0x10, 0x00, 0xAF, 0x00, 0x00, 0x9F, 0x10, 0x00, 0x9F, 0x10, 0x01, 0xDF, 0x00, 0x0F,
    0xF3, 0x00, 0x07, 0xFC, 0x00, 0x00, 0xAF, 0x10, 0x00, 0x9F, 0x10, 0x00, 0x9F, 0x10, 0x00, 0xAF,
    0x00, 0x00, 0xAF, 0x00, 0x00, 0x9F, 0x71, 0x00, 0x2C, 0xF8, 0x55, 0x55, 0x55, 0x55, 0x55, 0x55,
    0x55, 0x55, 0x55, 0x55, 0x55, 0x55, 0x55, 0x55, 0x55, 0x55, 0x00, 0x23, 0x10, 0x00, 0x8F, 0xF3,
    0x00, 0x04, 0xF9, 0x00, 0x00, 0xFA, 0x00, 0x01, 0xFA, 0x00, 0x01, 0xF9, 0x00, 0x01, 0xF9, 0x00,
    0x00, 0xDE, 0x60, 0x00, 0x3F, 0xF0, 0x00, 0xFD, 0x20, 0x01, 0xF9, 0x00, 0x01, 0xF9, 0x00, 0x01,
    0xFA, 0x00, 0x01, 0xFA, 0x00, 0x18, 0xF8, 0x00, 0x8F, 0xC2, 0x00, 0x00, 0x2A, 0xED, 0xA2, 0x00,
    0x00, 0x00, 0x00, 0x01, 0xEF, 0xFF, 0xFF, 0x50, 0x00, 0x09, 0x80, 0x0B, 0xFD, 0x22, 0xDF, 0xF3,
    0x00, 0x3F, 0xF2, 0x2F, 0xF3, 0x00, 0x3F, 0xFD, 0x22, 0xDF, 0xB0, 0x18, 0x90, 0x00, 0x06, 0xFF,
    0xFF, 0xFE, 0x10, 0x00, 0x00, 0x00, 0x00, 0x3A, 0xEE, 0xA2, 0x00, 0x02, 0x20, 0x00, 0x00, 0x02,
    0x20, 0x2F, 0xF9, 0x00, 0x00, 0x9F, 0xF1, 0x07, 0xFF, 0x10, 0x01, 0xFF, 0x70, 0x00, 0xDF, 0x90,
    0x08, 0xFC, 0x00, 0x00, 0x4F, 0xF1, 0x0F, 0xF3, 0x00, 0x00, 0x0A, 0xF8, 0x7F, 0x90, 0x00, 0x00,
    0x01, 0xEF, 0xEE, 0x10, 0x00, 0x04, 0xFF, 0xFF, 0xFF, 0xFF, 0x40, 0x00, 0x22, 0x5F, 0xF5, 0x22,
    0x00, 0x00, 0x22, 0x5F, 0xF4, 0x22, 0x00, 0x04, 0xFF, 0xFF, 0xFF, 0xFF, 0x40, 0x00, 0x00, 0x2F,
    0xF2, 0x00, 0x00, 0x00, 0x00, 0x2F, 0xF2, 0x00, 0x00, 0x00, 0x00, 0x18, 0x81, 0x00, 0x00, 0x6F,
    0xDC, 0xCC, 0xCC, 0xCC, 0xCD, 0xF6, 0x6E, 0x70, 0x00, 0x00, 0x00, 0x07, 0xE6, 0x66, 0xC3, 0x00,
    0x00, 0x00, 0x4C, 0x66, 0x66, 0x1D, 0x10, 0x00, 0x01, 0xD1, 0x66, 0x66, 0x04, 0xB0, 0x00, 0x0C,
    0x30, 0x66, 0x66, 0x00, 0x78, 0x00, 0x97, 0x00, 0x66, 0x66, 0x00, 0x0A, 0x55, 0xA0, 0x00, 0x66,
    0x66, 0x00, 0x00, 0xCC, 0x00, 0x00, 0x66, 0x66, 0x00, 0x00, 0xCC, 0x00, 0x00, 0x66, 0x66, 0x00,
    0x0A, 0x55, 0xA0, 0x00, 0x66, 0x66, 0x00, 0x79, 0x00, 0x97, 0x00, 0x66, 0x66, 0x04, 0xC0, 0x00,
    0x0C, 0x30, 0x66, 0x66, 0x1D, 0x10, 0x00, 0x01, 0xD1, 0x66, 0x66, 0xC3, 0x00, 0x00, 0x00, 0x4B,
    0x66, 0x6E, 0x70, 0x00, 0x00, 0x00, 0x07, 0xE6, 0x6F, 0xCC, 0xCC, 0xCC, 0xCC, 0xCC, 0xF6, 0x6F,
    0xDC, 0xCC, 0xCC, 0xCC, 0xCD, 0xF6, 0x6E, 0x70, 0x00, 0x00, 0x00, 0x07, 0xE6, 0x66, 0xC3, 0x00,
    0x00, 0x00, 0x4C, 0x66, 0x66, 0x1D, 0x10, 0x00, 0x01, 0xD1, 0x66, 0x66, 0x04, 0xB0, 0x00, 0x0C,
    0x30, 0x66, 0x66, 0x00, 0x78, 0x00, 0x97, 0x00, 0x66, 0x66, 0x00, 0x0A, 0x55, 0xA0, 0x00, 0x66,
    0x66, 0x00, 0x00, 0xCC, 0x00, 0x00, 0x66, 0x66, 0x00, 0x00, 0xCC, 0x00, 0x00, 0x66, 0x66, 0x00,
    0x0A, 0x55, 0xA0, 0x00, 0x66, 0x66, 0x00, 0x79, 0x00, 0x97, 0x00, 0x66, 0x66, 0x04, 0xC0, 0x00,
    0x0C, 0x30, 0x66, 0x66, 0x1D, 0x10, 0x00, 0x01, 0xD1, 0x66, 0x66, 0xC3, 0x00, 0x00, 0x00, 0x4B,
    0x66, 0x6E, 0x70, 0x00, 0x00, 0x00, 0x07, 0xE6, 0x6F, 0xCC, 0xCC, 0xCC, 0xCC, 0xCC, 0xF6,
};

} // namespace vink3
